_id,gameId,teamId,defRating,eOffRating,efgPct,netRating,pace,tsPct
699821d4e161b702e08a5a7b,22500742,1610612765,84.2,124.7,0.633,42.7,94,0.658
699821d4e161b702e08a5a7c,22500745,1610612757,110.6,128.3,0.639,19.2,104,0.68
699821d4e161b702e08a5a7d,22500744,1610612740,118.6,119.4,0.631,4.1,97,0.663
699821d4e161b702e08a5a7e,22500746,1610612746,114.4,116.5,0.585,0.7,98,0.656
699821d4e161b702e08a5a7f,22500743,1610612754,114.1,107.3,0.519,-7.7,92.5,0.561
699821d4e161b702e08a5a80,22500741,1610612738,103.2,100.9,0.476,3.3,92.5,0.521
699821d4e161b702e08a5a81,22500741,1610612748,106.5,102.2,0.494,-3.3,92.5,0.522
699821d4e161b702e08a5a82,22500743,1610612749,106.5,108.7,0.532,7.7,92.5,0.538
699821d4e161b702e08a5a83,22500746,1610612758,115.2,110.3,0.5,-0.7,98,0.546
699821d4e161b702e08a5a84,22500744,1610612750,122.7,119.2,0.489,-4.1,97,0.54
699821d4e161b702e08a5a85,22500745,1610612763,129.8,111.4,0.563,-19.2,104,0.591
699821d4e161b702e08a5a86,22500742,1610612752,126.9,84.7,0.402,-42.7,94,0.447
699821d4e161b702e08a5a87,22500734,1610612753,100,115.8,0.591,21.6,97.5,0.628
699821d4e161b702e08a5a88,22500736,1610612761,111.5,127.2,0.644,19.4,95,0.663
699821d4e161b702e08a5a89,22500735,1610612737,120.2,122.1,0.531,2,99,0.56
699821d4e161b702e08a5a8a,22500738,1610612759,115,123.9,0.595,12.4,106.5,0.637
699821d4e161b702e08a5a8b,22500739,1610612744,109,112.5,0.566,3.2,89.5,0.596
699821d4e161b702e08a5a8c,22500740,1610612747,111.7,115.7,0.614,2.8,103.5,0.655
699821d4e161b702e08a5a8d,22500737,1610612766,102.1,106.2,0.511,11.5,96.5,0.564
699821d4e161b702e08a5a8e,22500733,1610612764,114.7,120.1,0.637,8.8,102,0.637
699821d4e161b702e08a5a8f,22500733,1610612765,123.5,113,0.517,-8.8,102,0.571
699821d4e161b702e08a5a90,22500737,1610612745,113.5,101.2,0.506,-11.5,96.5,0.539
699821d4e161b702e08a5a91,22500740,1610612755,114.4,109.4,0.565,-2.8,103.5,0.611
699821d4e161b702e08a5a92,22500739,1610612756,112.2,107,0.561,-3.2,89.5,0.573
699821d4e161b702e08a5a93,22500738,1610612742,127.4,114.1,0.546,-12.4,106.5,0.581
699821d4e161b702e08a5a94,22500735,1610612762,122.2,115.8,0.525,-2,99,0.542
699821d4e161b702e08a5a95,22500736,1610612741,130.9,108.6,0.549,-19.4,95,0.566
699821d4e161b702e08a5a96,22500734,1610612751,121.6,95.4,0.488,-21.6,97.5,0.517
699821d4e161b702e08a5a97,22500732,1610612739,91.9,124.3,0.592,33.3,99,0.598
699821d4e161b702e08a5a98,22500728,1610612738,102.2,121.5,0.539,24.5,90.5,0.577
699821d4e161b702e08a5a99,22500730,1610612759,101,109.6,0.515,9.5,105,0.528
699821d4e161b702e08a5a9a,22500729,1610612749,130.5,133.8,0.723,2.5,95.55,0.731
699821d4e161b702e08a5a9b,22500731,1610612763,122.5,123.7,0.6,2.7,102.5,0.63
699821d4e161b702e08a5a9c,22500726,1610612752,114.4,120.3,0.59,6.3,91.86,0.618
699821d4e161b702e08a5a9d,22500727,1610612761,123.1,121.7,0.612,-0.7,103.5,0.633
699821d4e161b702e08a5a9e,22500727,1610612750,122.3,121.9,0.588,0.7,103.5,0.593
699821d4e161b702e08a5a9f,22500726,1610612743,120.7,107.7,0.5,-6.3,91.86,0.543
699821d4e161b702e08a5aa0,22500731,1610612758,125.2,112.3,0.505,-2.7,102.5,0.556
699821d4e161b702e08a5aa1,22500729,1610612740,133,129.5,0.606,-2.5,95.55,0.642
699821d4e161b702e08a5aa2,22500730,1610612760,110.5,101.8,0.5,-9.5,105,0.534
699821d4e161b702e08a5aa3,22500728,1610612745,126.7,103.7,0.482,-24.5,90.5,0.507
699821d4e161b702e08a5aa4,22500732,1610612746,125.3,88.1,0.5,-33.3,99,0.534
699821d4e161b702e08a5aa5,22500723,1610612760,93.9,126.2,0.581,38.1,97.5,0.613
699821d4e161b702e08a5aa6,22500718,1610612752,100,129.6,0.617,30.7,101,0.648
699821d4e161b702e08a5aa7,22500724,1610612755,103.3,125.2,0.522,20.9,91,0.553
699821d4e161b702e08a5aa8,22500719,1610612747,105.8,120,0.582,15.5,103,0.612
699821d4e161b702e08a5aa9,22500717,1610612762,116.2,126.6,0.642,9.8,104.5,0.659
699821d4e161b702e08a5aaa,22500721,1610612738,104.2,112,0.557,11.6,95.5,0.56
699821d4e161b702e08a5aab,22500722,1610612749,112.7,125.2,0.634,18.3,101,0.632
699821d4e161b702e08a5aac,22500720,1610612737,107.5,117.9,0.589,11.2,107,0.595
699821d4e161b702e08a5aad,22500725,1610612756,127.6,134.6,0.619,6.5,97.5,0.627
699821d4e161b702e08a5aae,22500716,1610612743,124,121.1,0.506,-4.2,100.5,0.594
699821d4e161b702e08a5aaf,22500716,1610612765,119.8,119,0.521,4.2,100.5,0.578
699821d4e161b702e08a5ab0,22500725,1610612757,134,122.6,0.589,-6.5,97.5,0.607
699821d4e161b702e08a5ab1,22500720,1610612748,118.7,106,0.479,-11.2,107,0.535
699821d4e161b702e08a5ab2,22500722,1610612741,131,113.7,0.544,-18.3,101,0.569
699821d4e161b702e08a5ab3,22500721,1610612742,115.8,105.6,0.466,-11.6,95.5,0.507
699821d4e161b702e08a5ab4,22500717,1610612754,126,117.4,0.619,-9.8,104.5,0.636
699821d4e161b702e08a5ab5,22500719,1610612751,121.4,104.6,0.532,-15.5,103,0.544
699821d4e161b702e08a5ab6,22500724,1610612744,124.2,103.4,0.596,-20.9,91,0.596
699821d4e161b702e08a5ab7,22500718,1610612764,130.7,98,0.471,-30.7,101,0.505
699821d4e161b702e08a5ab8,22500723,1610612753,132,92.1,0.455,-38.1,97.5,0.49
699821d4e161b702e08a5ab9,22500714,1610612763,129.3,135.1,0.608,9.1,99,0.662
699821d4e161b702e08a5aba,22500715,1610612755,121.5,133.8,0.569,13.2,94,0.617
699821d4e161b702e08a5abb,22500712,1610612766,99,101.1,0.471,6.2,96.5,0.526
699821d4e161b702e08a5abc,22500713,1610612745,115.2,117.7,0.5,5.3,98.5,0.571
699821d4e161b702e08a5abd,22500713,1610612754,120.4,114.9,0.563,-5.3,98.5,0.592
699821d4e161b702e08a5abe,22500712,1610612740,105.2,96.9,0.458,-6.2,96.5,0.5
699821d4e161b702e08a5abf,22500715,1610612746,134.7,118,0.647,-13.2,94,0.651
699821d4e161b702e08a5ac0,22500714,1610612750,138.4,128.5,0.578,-9.1,99,0.618
699821d4e161b702e08a5ac1,22500704,1610612765,76.2,129,0.635,53.8,100.5,0.665
699821d4e161b702e08a5ac2,22500705,1610612748,85,123.5,0.57,41.4,106.5,0.585
699821d4e161b702e08a5ac3,22500709,1610612746,98.9,115.9,0.572,24.2,94.5,0.597
699821d4e161b702e08a5ac4,22500702,1610612738,90.8,117.9,0.527,33.6,86.5,0.547
699821d4e161b702e08a5ac5,22500710,1610612739,106.7,125.8,0.637,20.7,103,0.654
699821d4e161b702e08a5ac6,22500708,1610612752,107.5,122,0.571,12.9,93,0.584
699821d4e161b702e08a5ac7,22500703,1610612759,101,106.6,0.549,9.9,101.5,0.583
699821d4e161b702e08a5ac8,22500706,1610612761,97.1,103.7,0.488,5.8,103.5,0.55
699821d4e161b702e08a5ac9,22500707,1610612764,115.5,117.6,0.597,2.9,97.5,0.613
699821d4e161b702e08a5aca,22500711,1610612760,112.1,123.6,0.582,10.1,99,0.624
699821d4e161b702e08a5acb,22500711,1610612743,122.2,111.5,0.595,-10.1,99,0.62
699821d4e161b702e08a5acc,22500707,1610612758,118.4,114.6,0.512,-2.9,97.5,0.579
699821d4e161b702e08a5acd,22500706,1610612762,102.9,90.1,0.4,-5.8,103.5,0.476
699821d4e161b702e08a5ace,22500703,1610612753,110.9,96.6,0.495,-9.9,101.5,0.528
699821d4e161b702e08a5acf,22500708,1610612747,120.4,103.8,0.524,-12.9,93,0.541
699821d4e161b702e08a5ad0,22500710,1610612757,127.5,101.6,0.52,-20.7,103,0.537
699821d4e161b702e08a5ad1,22500702,1610612749,124.4,90.2,0.415,-33.6,86.5,0.446
699821d4e161b702e08a5ad2,22500709,1610612756,123.2,97,0.435,-24.2,94.5,0.461
699821d4e161b702e08a5ad3,22500705,1610612741,126.4,85.9,0.356,-41.4,106.5,0.446
699821d4e161b702e08a5ad4,22500704,1610612751,130,77.1,0.377,-53.8,100.5,0.454
699821d4e161b702e08a5ad5,22500700,1610612750,111.8,126.5,0.629,17.9,101.5,0.658
699821d4e161b702e08a5ad6,22500701,1610612745,108.1,108.2,0.463,4,99,0.484
699821d4e161b702e08a5ad7,22500699,1610612755,114,121.4,0.569,7.6,101,0.595
699821d4e161b702e08a5ad8,22500692,1610612741,103.5,105.1,0.636,6.1,114,0.652
699821d4e161b702e08a5ad9,22500698,1610612754,113.8,117,0.624,5.7,108.5,0.657
699821d4e161b702e08a5ada,22500697,1610612766,112.8,116,0.517,4.1,94.5,0.568
699821d4e161b702e08a5adb,22500697,1610612759,116.8,113.5,0.556,-4.1,94.5,0.6
699821d4e161b702e08a5adc,22500698,1610612737,119.4,113.4,0.531,-5.7,108.5,0.567
699821d4e161b702e08a5add,22500692,1610612748,109.6,99.5,0.5,-6.1,114,0.543
699821d4e161b702e08a5ade,22500699,1610612740,121.6,113.2,0.516,-7.6,101,0.561
699821d4e161b702e08a5adf,22500701,1610612742,112.1,103.4,0.5,-4,99,0.517
699821d4e161b702e08a5ae0,22500700,1610612763,129.7,111.2,0.544,-17.9,101.5,0.567
699821d4e161b702e08a5ae1,22500688,1610612747,105.7,135.1,0.694,29.5,105,0.717
699821d4e161b702e08a5ae2,22500690,1610612752,97,123.1,0.581,30,100,0.604
699821d4e161b702e08a5ae3,22500689,1610612738,103.3,120.4,0.548,21.1,90,0.56
699821d4e161b702e08a5ae4,22500695,1610612743,116,131.1,0.658,13.8,94,0.701
699821d4e161b702e08a5ae5,22500693,1610612756,108.7,119,0.665,12.5,104,0.678
699821d4e161b702e08a5ae6,22500694,1610612751,106.5,114.4,0.561,12,92.5,0.578
699821d4e161b702e08a5ae7,22500696,1610612765,109.7,117.1,0.537,8.3,112,0.591
699821d4e161b702e08a5ae8,22500691,1610612740,107.1,112.4,0.534,5.8,100,0.573
699821d4e161b702e08a5ae9,22500687,1610612753,117.6,125.9,0.622,9.8,102,0.689
699821d4e161b702e08a5aea,22500687,1610612761,127.5,114.2,0.565,-9.8,102,0.612
699821d4e161b702e08a5aeb,22500691,1610612763,112.9,102.3,0.495,-5.8,100,0.532
699821d4e161b702e08a5aec,22500696,1610612744,118,110.3,0.544,-8.3,112,0.588
699821d4e161b702e08a5aed,22500694,1610612762,118.5,108.4,0.564,-12,92.5,0.573
699821d4e161b702e08a5aee,22500693,1610612739,121.2,104.8,0.541,-12.5,104,0.555
699821d4e161b702e08a5aef,22500695,1610612746,129.8,116.9,0.547,-13.8,94,0.572
699821d4e161b702e08a5af0,22500689,1610612758,124.4,98.8,0.434,-21.1,90,0.499
699821d4e161b702e08a5af1,22500690,1610612757,127,95.7,0.512,-30,100,0.543
699821d4e161b702e08a5af2,22500688,1610612764,135.2,105.3,0.525,-29.5,105,0.537
699821d4e161b702e08a5af3,22500682,1610612745,95.6,114.5,0.489,18.7,90.5,0.516
699821d4e161b702e08a5af4,22500529,1610612748,104.6,107.8,0.516,3.8,107.5,0.56
699821d4e161b702e08a5af5,22500681,1610612764,97.1,105.5,0.438,10.9,101.5,0.503
699821d4e161b702e08a5af6,22500685,1610612756,100,116.6,0.57,18.8,96,0.621
699821d4e161b702e08a5af7,22500680,1610612755,120.7,122,0.597,3.5,91.5,0.66
699821d4e161b702e08a5af8,22500684,1610612743,118.4,117.6,0.556,3.2,87.5,0.588
699821d4e161b702e08a5af9,22500686,1610612750,113.3,120.7,0.629,11,98.5,0.635
699821d4e161b702e08a5afa,22500683,1610612766,119.8,121.9,0.582,0.8,101.5,0.622
699821d4e161b702e08a5afb,22500683,1610612742,120.6,115.2,0.519,-0.8,101.5,0.55
699821d4e161b702e08a5afc,22500686,1610612760,124.2,111.2,0.541,-11,98.5,0.585
699821d4e161b702e08a5afd,22500684,1610612751,121.6,117.2,0.518,-3.2,87.5,0.554
699821d4e161b702e08a5afe,22500680,1610612758,124.2,117.9,0.561,-3.5,91.5,0.602
699821d4e161b702e08a5aff,22500685,1610612765,118.8,99.8,0.46,-18.8,96,0.499
699821d4e161b702e08a5b00,22500681,1610612749,107.9,95.2,0.469,-10.9,101.5,0.485
699821d4e161b702e08a5b01,22500529,1610612741,108.4,105.8,0.473,-3.8,107.5,0.529
699821d4e161b702e08a5b02,22500682,1610612737,114.3,91.4,0.43,-18.7,90.5,0.448
699821d4e161b702e08a5b03,22500671,1610612739,102.1,130.7,0.613,30.9,97,0.628
699821d4e161b702e08a5b04,22500675,1610612752,92,115.6,0.578,25.8,100.5,0.608
699821d4e161b702e08a5b05,22500679,1610612759,100,111.5,0.573,12.1,99,0.6
699821d4e161b702e08a5b06,22500677,1610612750,100,110.4,0.521,12.4,105,0.557
699821d4e161b702e08a5b07,22500678,1610612744,114.8,130.6,0.669,16,107.5,0.706
699821d4e161b702e08a5b08,22500674,1610612753,115.9,124.9,0.577,7.3,107.5,0.597
699821d4e161b702e08a5b09,22500672,1610612754,113.4,117.7,0.535,1.9,97.5,0.589
699821d4e161b702e08a5b0a,22500673,1610612737,110.4,119.7,0.581,10.2,96.5,0.593
699821d4e161b702e08a5b0b,22500676,1610612766,105.4,111.4,0.583,16.3,92,0.599
699821d4e161b702e08a5b0c,22500676,1610612763,121.7,106.3,0.543,-16.3,92,0.562
699821d4e161b702e08a5b0d,22500673,1610612738,120.6,109.2,0.522,-10.2,96.5,0.552
699821d4e161b702e08a5b0e,22500672,1610612741,115.3,112.3,0.545,-1.9,97.5,0.573
699821d4e161b702e08a5b0f,22500674,1610612748,123.1,115.8,0.585,-7.3,107.5,0.632
699821d4e161b702e08a5b10,22500678,1610612762,130.8,113.2,0.572,-16,107.5,0.617
699821d4e161b702e08a5b11,22500677,1610612742,112.4,98.9,0.47,-12.4,105,0.519
699821d4e161b702e08a5b12,22500679,1610612745,112.1,95.3,0.434,-12.1,99,0.463
699821d4e161b702e08a5b13,22500675,1610612761,117.8,92.2,0.424,-25.8,100.5,0.501
699821d4e161b702e08a5b14,22500671,1610612747,133,102.1,0.537,-30.9,97,0.557
699821d4e161b702e08a5b15,22500665,1610612752,90.6,108.5,0.558,17.8,95.5,0.599
699821d4e161b702e08a5b16,22500664,1610612764,103.7,107.2,0.495,3.7,107,0.536
699821d4e161b702e08a5b17,22500667,1610612760,97.9,103.9,0.477,11.5,96,0.535
699821d4e161b702e08a5b18,22500666,1610612755,123.2,139.6,0.634,18.6,98.5,0.646
699821d4e161b702e08a5b19,22500669,1610612756,114.6,116.7,0.591,3.2,89.5,0.618
699821d4e161b702e08a5b1a,22500670,1610612746,109.6,119.5,0.568,10.2,95,0.591
699821d4e161b702e08a5b1b,22500668,1610612743,116,111.3,0.536,-2.1,94,0.568
699821d4e161b702e08a5b1c,22500668,1610612765,113.8,113.6,0.5,2.1,94,0.535
699821d4e161b702e08a5b1d,22500670,1610612762,119.8,104.8,0.524,-10.2,95,0.564
699821d4e161b702e08a5b1e,22500669,1610612751,117.8,109.3,0.593,-3.2,89.5,0.612
699821d4e161b702e08a5b1f,22500666,1610612749,141.8,119.7,0.599,-18.6,98.5,0.623
699821d4e161b702e08a5b20,22500667,1610612740,109.5,98.3,0.394,-11.5,96,0.437
699821d4e161b702e08a5b21,22500664,1610612757,107.5,100.8,0.45,-3.7,107,0.466
699821d4e161b702e08a5b22,22500665,1610612758,108.4,90.5,0.431,-17.8,95.5,0.467
699821d4e161b702e08a5b23,22500663,1610612750,77.6,102.4,0.543,23.4,107,0.584
699821d4e161b702e08a5b24,22500657,1610612766,91.2,122.8,0.669,37.5,101.5,0.685
699821d4e161b702e08a5b25,22500662,1610612745,101,107.1,0.505,7,99,0.536
699821d4e161b702e08a5b26,22500658,1610612739,102.1,114.1,0.601,17.9,95.5,0.627
699821d4e161b702e08a5b27,22500659,1610612737,106.4,119.5,0.592,12.5,110,0.626
699821d4e161b702e08a5b28,22500661,1610612747,116.8,129.3,0.659,10.9,101,0.681
699821d4e161b702e08a5b29,22500660,1610612738,95.9,97.2,0.506,8.2,98,0.521
699821d4e161b702e08a5b2a,22500660,1610612757,104.1,95.7,0.474,-8.2,98,0.515
699821d4e161b702e08a5b2b,22500661,1610612741,127.7,118.1,0.634,-10.9,101,0.656
699821d4e161b702e08a5b2c,22500659,1610612754,118.9,101.8,0.516,-12.5,110,0.558
699821d4e161b702e08a5b2d,22500658,1610612753,120,98.4,0.463,-17.9,95.5,0.487
699821d4e161b702e08a5b2e,22500662,1610612763,108,94.8,0.405,-7,99,0.44
699821d4e161b702e08a5b2f,22500657,1610612755,128.7,90.9,0.444,-37.5,101.5,0.478
699821d4e161b702e08a5b30,22500663,1610612744,100.9,76.3,0.395,-23.4,107,0.412
699821d4e161b702e08a5b31,22500644,1610612744,82.5,102.7,0.505,24.2,103.5,0.544
699821d4e161b702e08a5b32,22500656,1610612746,87.3,122.6,0.641,36.3,102,0.694
699821d4e161b702e08a5b33,22500650,1610612765,114.9,130.7,0.637,24.1,100.5,0.673
699821d4e161b702e08a5b34,22500655,1610612748,101,111.3,0.468,7.8,101.5,0.525
699821d4e161b702e08a5b35,22500654,1610612740,100,103.5,0.446,8.3,95.5,0.475
699821d4e161b702e08a5b36,22500653,1610612761,104.1,106.8,0.5,1,97.5,0.529
699821d4e161b702e08a5b37,22500653,1610612760,105.1,106.7,0.513,-1,97.5,0.57
699821d4e161b702e08a5b38,22500654,1610612759,108.3,97.9,0.469,-8.3,95.5,0.5
699821d4e161b702e08a5b39,22500655,1610612756,108.8,100.6,0.405,-7.8,101.5,0.458
699821d4e161b702e08a5b3a,22500650,1610612758,139,112.3,0.589,-24.1,100.5,0.602
699821d4e161b702e08a5b3b,22500656,1610612751,123.5,85.6,0.394,-36.3,102,0.464
699821d4e161b702e08a5b3c,22500644,1610612750,106.7,81.9,0.462,-24.2,103.5,0.484
699821d4e161b702e08a5b3d,22500649,1610612748,104.5,128.4,0.523,27.9,111,0.581
699821d4e161b702e08a5b3e,22500646,1610612739,105,119.4,0.623,15.2,99.5,0.656
699821d4e161b702e08a5b3f,22500648,1610612747,105.8,112.9,0.522,5.8,104,0.564
699821d4e161b702e08a5b40,22500645,1610612766,113.9,117.6,0.608,6.3,100,0.645
699821d4e161b702e08a5b41,22500647,1610612741,120.7,119.3,0.629,3.3,92,0.644
699821d4e161b702e08a5b42,22500643,1610612755,114.3,111.5,0.565,-1.9,97.5,0.607
699821d4e161b702e08a5b43,22500643,1610612752,112.4,115.6,0.522,1.9,97.5,0.534
699821d4e161b702e08a5b44,22500647,1610612738,123.9,109.9,0.52,-3.3,92,0.539
699821d4e161b702e08a5b45,22500645,1610612764,120.2,111.7,0.557,-6.3,100,0.575
699821d4e161b702e08a5b46,22500648,1610612742,111.5,103,0.468,-5.8,104,0.515
699821d4e161b702e08a5b47,22500646,1610612753,120.2,103.9,0.475,-15.2,99.5,0.552
699821d4e161b702e08a5b48,22500649,1610612762,132.4,104.2,0.516,-27.9,111,0.556
699821d4e161b702e08a5b49,22500642,1610612761,101,111.7,0.582,11.2,97.5,0.595
699821d4e161b702e08a5b4a,22500635,1610612745,106.1,114.2,0.551,7.1,98,0.602
699821d4e161b702e08a5b4b,22500639,1610612740,121,126,0.53,5.7,105,0.586
699821d4e161b702e08a5b4c,22500636,1610612737,102,110,0.611,6.9,101,0.625
699821d4e161b702e08a5b4d,22500638,1610612739,121.6,124.4,0.526,3.9,97.5,0.57
699821d4e161b702e08a5b4e,22500640,1610612743,105.3,102.9,0.471,1,95.5,0.525
699821d4e161b702e08a5b4f,22500637,1610612738,114.5,112,0.55,3.6,91.03,0.56
699821d4e161b702e08a5b50,22500641,1610612754,112.9,114.9,0.552,4.1,100.5,0.558
699821d4e161b702e08a5b51,22500641,1610612760,117,113.8,0.53,-4.1,100.5,0.599
699821d4e161b702e08a5b52,22500637,1610612751,118.2,112.5,0.511,-3.6,91.03,0.573
699821d4e161b702e08a5b53,22500640,1610612749,106.3,103.2,0.471,-1,95.5,0.516
699821d4e161b702e08a5b54,22500638,1610612758,125.5,118.4,0.545,-3.9,97.5,0.598
699821d4e161b702e08a5b55,22500636,1610612756,108.9,102,0.5,-6.9,101,0.52
699821d4e161b702e08a5b56,22500639,1610612763,126.7,119,0.587,-5.7,105,0.625
699821d4e161b702e08a5b57,22500635,1610612765,113.3,101.4,0.518,-7.1,98,0.55
699821d4e161b702e08a5b58,22500642,1610612757,112.2,94.8,0.464,-11.2,97.5,0.479
699821d4e161b702e08a5b59,22500627,1610612766,102.1,130.5,0.652,28.4,95,0.689
699821d4e161b702e08a5b5a,22500629,1610612743,101,109.8,0.5,10.4,96,0.566
699821d4e161b702e08a5b5b,22500628,1610612755,116.2,122.3,0.612,6.9,94.64,0.649
699821d4e161b702e08a5b5c,22500632,1610612759,110.1,124.1,0.609,15.9,99.5,0.646
699821d4e161b702e08a5b5d,22500634,1610612757,105.8,117.9,0.604,17.5,103.5,0.624
699821d4e161b702e08a5b5e,22500630,1610612742,106.5,111.6,0.576,7.4,108,0.62
699821d4e161b702e08a5b5f,22500631,1610612741,110.6,111.6,0.541,3.7,104.5,0.597
699821d4e161b702e08a5b60,22500633,1610612746,105.1,111.7,0.548,10.4,98,0.601
699821d4e161b702e08a5b61,22500633,1610612747,115.5,104.1,0.517,-10.4,98,0.542
699821d4e161b702e08a5b62,22500631,1610612750,114.3,109.9,0.543,-3.7,104.5,0.577
699821d4e161b702e08a5b63,22500630,1610612744,113.9,104.6,0.526,-7.4,108,0.553
699821d4e161b702e08a5b64,22500634,1610612748,123.3,106.4,0.505,-17.5,103.5,0.537
699821d4e161b702e08a5b65,22500632,1610612762,126,107.2,0.544,-15.9,99.5,0.569
699821d4e161b702e08a5b66,22500628,1610612745,123.1,109.4,0.556,-6.9,94.64,0.557
699821d4e161b702e08a5b67,22500629,1610612764,111.5,102.6,0.458,-10.4,96,0.513
699821d4e161b702e08a5b68,22500627,1610612753,130.5,102.5,0.506,-28.4,95,0.547
699821d4e161b702e08a5b69,22500622,1610612752,71,131.2,0.675,58.1,93,0.686
699821d4e161b702e08a5b6a,22500621,1610612738,103,117.8,0.545,14.9,101,0.601
699821d4e161b702e08a5b6b,22500625,1610612760,105.2,125,0.622,20.6,97,0.631
699821d4e161b702e08a5b6c,22500620,1610612739,90.6,92.6,0.437,7.3,96,0.482
699821d4e161b702e08a5b6d,22500626,1610612761,107.9,120.8,0.527,14.1,100.5,0.581
699821d4e161b702e08a5b6e,22500624,1610612765,102,106.1,0.528,6.8,102.5,0.568
699821d4e161b702e08a5b6f,22500623,1610612737,117.3,114.2,0.576,0.8,104.5,0.605
699821d4e161b702e08a5b70,22500623,1610612763,118.1,111,0.527,-0.8,104.5,0.582
699821d4e161b702e08a5b71,22500624,1610612740,108.7,99.8,0.459,-6.8,102.5,0.524
699821d4e161b702e08a5b72,22500626,1610612758,122,107.2,0.517,-14.1,100.5,0.558
699821d4e161b702e08a5b73,22500620,1610612766,97.9,85.4,0.378,-7.3,96,0.411
699821d4e161b702e08a5b74,22500625,1610612749,125.8,106.3,0.593,-20.6,97,0.6
699821d4e161b702e08a5b75,22500621,1610612754,117.8,98.9,0.457,-14.9,101,0.499
699821d4e161b702e08a5b76,22500622,1610612751,129,69.7,0.361,-58.1,93,0.39
699821d4e161b702e08a5b77,22500614,1610612741,107.8,137.6,0.701,24.8,103,0.709
699821d4e161b702e08a5b78,22500618,1610612761,121,139.9,0.715,18.5,104.5,0.758
699821d4e161b702e08a5b79,22500615,1610612745,107.1,110.3,0.578,5.1,99,0.599
699821d4e161b702e08a5b7a,22500617,1610612747,112.6,114.9,0.566,9.7,94.5,0.592
699821d4e161b702e08a5b7b,22500619,1610612748,111.4,122,0.587,11.2,105.5,0.599
699821d4e161b702e08a5b7c,22500616,1610612762,116.2,118.2,0.621,4.8,105,0.645
699821d4e161b702e08a5b7d,22500613,1610612756,103.8,107.6,0.522,6.7,105.5,0.575
699821d4e161b702e08a5b7e,22500613,1610612755,110.5,103.9,0.478,-6.7,105.5,0.524
699821d4e161b702e08a5b7f,22500616,1610612750,121,113.1,0.51,-4.8,105,0.545
699821d4e161b702e08a5b80,22500619,1610612758,122.6,112.2,0.569,-11.2,105.5,0.608
699821d4e161b702e08a5b81,22500617,1610612743,122.3,112.2,0.534,-9.7,94.5,0.561
699821d4e161b702e08a5b82,22500615,1610612759,112.1,101.5,0.457,-5.1,99,0.484
699821d4e161b702e08a5b83,22500618,1610612744,139.4,118.2,0.604,-18.5,104.5,0.62
699821d4e161b702e08a5b84,22500614,1610612746,132.7,105.3,0.522,-24.8,103,0.553
699821d4e161b702e08a5b85,22500015,1610612760,97.2,128.5,0.683,29.9,107,0.688
699821d4e161b702e08a5b86,22500612,1610612744,104.7,124.4,0.642,21.5,107,0.659
699821d4e161b702e08a5b87,22500016,1610612742,92.4,109.3,0.579,16.2,105,0.604
699821d4e161b702e08a5b88,22500611,1610612759,108.9,121.8,0.658,14.1,100.5,0.683
699821d4e161b702e08a5b89,22500609,1610612755,104,115.5,0.506,10.1,99.5,0.544
699821d4e161b702e08a5b8a,22500017,1610612765,110.8,107.1,0.494,1.1,93,0.53
699821d4e161b702e08a5b8b,22500608,1610612746,107.1,111.4,0.494,5.2,98.5,0.581
699821d4e161b702e08a5b8c,22500610,1610612756,130,135.3,0.701,11.6,89.5,0.723
699821d4e161b702e08a5b8d,22500014,1610612749,107.8,113.1,0.595,0.9,102.5,0.622
699821d4e161b702e08a5b8e,22500014,1610612737,108.7,107.3,0.469,-0.9,102.5,0.516
699821d4e161b702e08a5b8f,22500610,1610612751,141.6,128.2,0.599,-11.6,89.5,0.648
699821d4e161b702e08a5b90,22500608,1610612764,112.2,105.3,0.506,-5.2,98.5,0.554
699821d4e161b702e08a5b91,22500017,1610612738,111.8,107.1,0.476,-1.1,93,0.535
699821d4e161b702e08a5b92,22500609,1610612754,114.1,101.8,0.554,-10.1,99.5,0.577
699821d4e161b702e08a5b93,22500611,1610612762,123,106.9,0.473,-14.1,100.5,0.529
699821d4e161b702e08a5b94,22500016,1610612752,108.6,93.4,0.447,-16.2,105,0.467
699821d4e161b702e08a5b95,22500612,1610612748,126.2,103.2,0.46,-21.5,107,0.511
699821d4e161b702e08a5b96,22500015,1610612739,127.1,95.9,0.418,-29.9,107,0.489
699821d4e161b702e08a5b97,22500605,1610612766,101.2,119.9,0.556,26.7,86,0.581
699821d4e161b702e08a5b98,22500602,1610612763,109,120,0.599,14.5,101,0.618
699821d4e161b702e08a5b99,22500603,1610612741,109.7,127.9,0.628,25.1,92.5,0.633
699821d4e161b702e08a5b9a,22500607,1610612747,95.9,111.7,0.565,18.7,96.5,0.595
699821d4e161b702e08a5b9b,22500606,1610612757,107.8,115.2,0.53,8,101.5,0.6
699821d4e161b702e08a5b9c,22500604,1610612745,111.1,121.8,0.572,9.1,99,0.597
699821d4e161b702e08a5b9d,22500604,1610612740,120.2,111.6,0.557,-9.1,99,0.581
699821d4e161b702e08a5b9e,22500606,1610612758,115.8,110.1,0.552,-8,101.5,0.586
699821d4e161b702e08a5b9f,22500607,1610612761,114.6,95.3,0.456,-18.7,96.5,0.476
699821d4e161b702e08a5ba0,22500603,1610612751,134.8,109,0.554,-25.1,92.5,0.569
699821d4e161b702e08a5ba1,22500602,1610612753,123.5,101.8,0.495,-14.5,101,0.534
699821d4e161b702e08a5ba2,22500605,1610612743,127.9,100.1,0.456,-26.7,86,0.5
699821d4e161b702e08a5ba3,22500595,1610612765,70.3,106.7,0.581,39.7,110.5,0.597
699821d4e161b702e08a5ba4,22500594,1610612738,101,123.7,0.626,24.8,105,0.656
699821d4e161b702e08a5ba5,22500599,1610612744,113.7,133.7,0.672,19.6,102,0.689
699821d4e161b702e08a5ba6,22500601,1610612757,116,127,0.616,16,100,0.654
699821d4e161b702e08a5ba7,22500593,1610612742,117.6,131.6,0.637,17.6,102,0.646
699821d4e161b702e08a5ba8,22500600,1610612743,113.9,116.2,0.612,5.9,101,0.636
699821d4e161b702e08a5ba9,22500597,1610612760,120.8,120.8,0.63,-2,101,0.672
699821d4e161b702e08a5baa,22500598,1610612759,123,125.6,0.58,4.3,99.5,0.593
699821d4e161b702e08a5bab,22500596,1610612756,107.6,114.1,0.506,6.4,92.5,0.565
699821d4e161b702e08a5bac,22500596,1610612752,114,104.2,0.488,-6.4,92.5,0.532
699821d4e161b702e08a5bad,22500598,1610612750,127.3,121.4,0.544,-4.3,99.5,0.601
699821d4e161b702e08a5bae,22500597,1610612748,118.8,114.7,0.459,2,101,0.495
699821d4e161b702e08a5baf,22500600,1610612764,119.8,111.9,0.516,-5.9,101,0.529
699821d4e161b702e08a5bb0,22500593,1610612762,135.3,117.9,0.596,-17.6,102,0.613
699821d4e161b702e08a5bb1,22500601,1610612747,132,113.5,0.571,-16,100,0.615
699821d4e161b702e08a5bb2,22500599,1610612766,133.3,108.9,0.543,-19.6,102,0.572
699821d4e161b702e08a5bb3,22500594,1610612737,125.7,97.7,0.446,-24.8,105,0.484
699821d4e161b702e08a5bb4,22500595,1610612754,110,71,0.405,-39.7,110.5,0.429
699821d4e161b702e08a5bb5,22500592,1610612758,112.7,126.5,0.673,12.7,102,0.679
699821d4e161b702e08a5bb6,22500590,1610612746,113.6,118.4,0.601,1.6,94.19,0.656
699821d4e161b702e08a5bb7,22500588,1610612754,122.7,126.6,0.589,9.6,96.5,0.597
699821d4e161b702e08a5bb8,22500587,1610612741,114.3,110.3,0.541,-4.2,98.5,0.575
699821d4e161b702e08a5bb9,22500591,1610612745,107.1,106.8,0.536,5.1,98,0.556
699821d4e161b702e08a5bba,22500589,1610612739,117.3,116.4,0.618,0.8,98.5,0.633
699821d4e161b702e08a5bbb,22500589,1610612755,118.2,118.1,0.538,-0.8,98.5,0.579
699821d4e161b702e08a5bbc,22500591,1610612750,112.2,105.6,0.531,-5.1,98,0.55
699821d4e161b702e08a5bbd,22500587,1610612751,110.1,110.4,0.533,4.2,98.5,0.569
699821d4e161b702e08a5bbe,22500588,1610612740,132.3,123.7,0.579,-9.6,96.5,0.625
699821d4e161b702e08a5bbf,22500590,1610612761,115.2,112,0.546,-1.6,94.19,0.594
699821d4e161b702e08a5bc0,22500592,1610612764,125.5,111.4,0.55,-12.7,102,0.579
699821d4e161b702e08a5bc1,22500582,1610612759,103.1,119.1,0.608,17.1,98.5,0.655
699821d4e161b702e08a5bc2,22500581,1610612760,91,110.3,0.551,22.3,99,0.581
699821d4e161b702e08a5bc3,22500586,1610612766,118.2,137.7,0.652,19.6,98.5,0.682
699821d4e161b702e08a5bc4,22500583,1610612742,110.9,131.7,0.665,18.8,110.5,0.683
699821d4e161b702e08a5bc5,22500585,1610612757,97.1,111.9,0.526,15.4,104,0.554
699821d4e161b702e08a5bc6,22500579,1610612765,105,107.7,0.525,3,100,0.555
699821d4e161b702e08a5bc7,22500584,1610612744,120.2,130.3,0.652,13.8,94,0.665
699821d4e161b702e08a5bc8,22500578,1610612753,109.9,115.6,0.511,6.9,101,0.561
699821d4e161b702e08a5bc9,22500580,1610612738,117.5,122.7,0.522,6.4,96.5,0.583
699821d4e161b702e08a5bca,22500580,1610612748,124,117.7,0.534,-6.4,96.5,0.576
699821d4e161b702e08a5bcb,22500578,1610612763,116.8,109.6,0.56,-6.9,101,0.602
699821d4e161b702e08a5bcc,22500584,1610612752,134,116.1,0.538,-13.8,94,0.569
699821d4e161b702e08a5bcd,22500579,1610612756,108,101.9,0.511,-3,100,0.536
699821d4e161b702e08a5bce,22500585,1610612737,112.5,97.4,0.519,-15.4,104,0.557
699821d4e161b702e08a5bcf,22500583,1610612762,129.7,109.8,0.542,-18.8,110.5,0.575
699821d4e161b702e08a5bd0,22500586,1610612747,137.8,116.9,0.538,-19.6,98.5,0.567
699821d4e161b702e08a5bd1,22500581,1610612745,113.3,87.1,0.37,-22.3,99,0.408
699821d4e161b702e08a5bd2,22500582,1610612749,120.2,101.3,0.489,-17.1,98.5,0.522
699821d4e161b702e08a5bd3,22500572,1610612739,103.9,124.4,0.632,26.5,102.5,0.646
699821d4e161b702e08a5bd4,22500576,1610612758,101,113.5,0.541,12.1,99.5,0.617
699821d4e161b702e08a5bd5,22500577,1610612746,108.2,121.6,0.554,15.7,96.5,0.627
699821d4e161b702e08a5bd6,22500571,1610612761,104.1,113.4,0.551,14.4,97,0.572
699821d4e161b702e08a5bd7,22500574,1610612740,115.3,117.2,0.5,3.1,98,0.537
699821d4e161b702e08a5bd8,22500575,1610612743,113.5,122.1,0.588,9.4,96,0.623
699821d4e161b702e08a5bd9,22500573,1610612741,122.3,126.4,0.603,4.4,102,0.632
699821d4e161b702e08a5bda,22500573,1610612762,126.7,122.5,0.593,-4.4,102,0.644
699821d4e161b702e08a5bdb,22500575,1610612742,122.9,108.4,0.468,-9.4,96,0.507
699821d4e161b702e08a5bdc,22500574,1610612751,118.4,111.6,0.558,-3.1,98,0.563
699821d4e161b702e08a5bdd,22500571,1610612754,118.6,104.5,0.453,-14.4,97,0.507
699821d4e161b702e08a5bde,22500577,1610612764,124,107.7,0.511,-15.7,96.5,0.539
699821d4e161b702e08a5bdf,22500576,1610612752,113.1,97.9,0.43,-12.1,99.5,0.459
699821d4e161b702e08a5be0,22500572,1610612755,130.4,105.5,0.472,-26.5,102.5,0.533
699821d4e161b702e08a5be1,22500568,1610612760,103.2,120.3,0.586,22.1,95,0.641
699821d4e161b702e08a5be2,22500570,1610612744,95.1,113.6,0.601,21.6,102,0.628
699821d4e161b702e08a5be3,22500566,1610612750,105,133.3,0.717,30,102,0.714
699821d4e161b702e08a5be4,22500569,1610612747,114.9,138,0.693,23.4,101.5,0.733
699821d4e161b702e08a5be5,22500565,1610612745,117.7,121.7,0.551,7.6,95.5,0.591
699821d4e161b702e08a5be6,22500564,1610612748,117.5,121.3,0.592,5.8,103,0.625
699821d4e161b702e08a5be7,22500567,1610612743,116,121.9,0.571,7.2,99.5,0.622
699821d4e161b702e08a5be8,22500567,1610612740,123.2,117.6,0.517,-7.2,99.5,0.582
699821d4e161b702e08a5be9,22500564,1610612756,123.3,114.4,0.5,-5.8,103,0.546
699821d4e161b702e08a5bea,22500565,1610612741,125.3,116.4,0.5,-7.6,95.5,0.543
699821d4e161b702e08a5beb,22500569,1610612737,138.2,113.8,0.515,-23.4,101.5,0.537
699821d4e161b702e08a5bec,22500566,1610612749,135,101.6,0.559,-30,102,0.568
699821d4e161b702e08a5bed,22500570,1610612757,116.7,92.8,0.518,-21.6,102,0.536
699821d4e161b702e08a5bee,22500568,1610612759,125.3,102.6,0.476,-22.1,95,0.513
699821d4e161b702e08a5bef,22500558,1610612762,107.7,115.7,0.59,10.6,104,0.645
699821d4e161b702e08a5bf0,22500561,1610612742,109.4,116.4,0.594,8.3,96,0.614
699821d4e161b702e08a5bf1,22500560,1610612755,108.5,120.9,0.635,13.8,94,0.684
699821d4e161b702e08a5bf2,22500559,1610612754,104.3,104.7,0.56,1,92.5,0.566
699821d4e161b702e08a5bf3,22500562,1610612758,117.9,127.6,0.689,11.3,95.5,0.703
699821d4e161b702e08a5bf4,22500563,1610612766,124.5,114.2,0.545,-8.5,94,0.571
699821d4e161b702e08a5bf5,22500563,1610612746,116,120.3,0.543,8.5,94,0.578
699821d4e161b702e08a5bf6,22500562,1610612747,129.2,118.7,0.536,-11.3,95.5,0.581
699821d4e161b702e08a5bf7,22500559,1610612738,105.4,102.2,0.506,-1,92.5,0.522
699821d4e161b702e08a5bf8,22500560,1610612761,122.3,105.2,0.435,-13.8,94,0.495
699821d4e161b702e08a5bf9,22500561,1610612751,117.7,106.3,0.506,-8.3,96,0.554
699821d4e161b702e08a5bfa,22500558,1610612739,118.3,105.9,0.538,-10.6,104,0.573
699821d4e161b702e08a5bfb,22500555,1610612756,89.4,107.3,0.511,19.3,103.5,0.542
699821d4e161b702e08a5bfc,22500548,1610612753,125.5,128.8,0.591,7.8,95,0.657
699821d4e161b702e08a5bfd,22500557,1610612758,112.6,120.9,0.527,16.4,86.5,0.556
699821d4e161b702e08a5bfe,22500556,1610612737,108.8,120.4,0.569,13.9,101.5,0.59
699821d4e161b702e08a5bff,22500549,1610612763,106.5,108.5,0.483,6.7,91.5,0.537
699821d4e161b702e08a5c00,22500550,1610612761,105.5,99,0.422,0.9,98.72,0.483
699821d4e161b702e08a5c01,22500552,1610612750,103,106.1,0.5,2.1,99.5,0.515
699821d4e161b702e08a5c02,22500553,1610612760,107.7,118.9,0.559,9.3,105,0.589
699821d4e161b702e08a5c03,22500551,1610612752,114,121.2,0.591,9,100,0.6
699821d4e161b702e08a5c04,22500554,1610612749,116.1,109.7,0.529,-7.8,94.5,0.554
699821d4e161b702e08a5c05,22500554,1610612743,108.3,108.4,0.483,7.8,94.5,0.537
699821d4e161b702e08a5c06,22500551,1610612757,123,110.7,0.548,-9,100,0.6
699821d4e161b702e08a5c07,22500553,1610612748,117,105.9,0.64,-9.3,105,0.638
699821d4e161b702e08a5c08,22500552,1610612759,105.1,100,0.46,-2.1,99.5,0.52
699821d4e161b702e08a5c09,22500550,1610612755,106.4,101.2,0.5,-0.9,98.72,0.555
699821d4e161b702e08a5c0a,22500549,1610612751,113.2,106.5,0.511,-6.7,91.5,0.516
699821d4e161b702e08a5c0b,22500556,1610612744,122.8,106.5,0.522,-13.9,101.5,0.559
699821d4e161b702e08a5c0c,22500557,1610612745,129.1,108,0.47,-16.4,86.5,0.506
699821d4e161b702e08a5c0d,22500548,1610612740,133.3,120.9,0.663,-7.8,95,0.681
699821d4e161b702e08a5c0e,22500555,1610612764,108.7,88.6,0.436,-19.3,103.5,0.495
699821d4e161b702e08a5c0f,22500547,1610612766,93.1,144.2,0.644,55.4,101.5,0.67
699821d4e161b702e08a5c10,22500543,1610612754,87.6,108.2,0.536,22.2,112.5,0.571
699821d4e161b702e08a5c11,22500546,1610612741,101.9,116.5,0.593,16,105.5,0.611
699821d4e161b702e08a5c12,22500542,1610612739,130.1,139,0.679,11.7,103,0.709
699821d4e161b702e08a5c13,22500544,1610612746,92,96.2,0.507,6,100,0.558
699821d4e161b702e08a5c14,22500545,1610612759,96.9,100.2,0.453,7.2,97,0.482
699821d4e161b702e08a5c15,22500545,1610612738,104.2,99.2,0.495,-7.2,97,0.501
699821d4e161b702e08a5c16,22500544,1610612765,98,89.3,0.446,-6,100,0.489
699821d4e161b702e08a5c17,22500542,1610612750,141.7,130.4,0.663,-11.7,103,0.685
699821d4e161b702e08a5c18,22500546,1610612742,117.9,100,0.5,-16,105.5,0.525
699821d4e161b702e08a5c19,22500543,1610612748,109.8,87.8,0.413,-22.2,112.5,0.473
699821d4e161b702e08a5c1a,22500547,1610612762,148.5,93.8,0.449,-55.4,101.5,0.488
699821d4e161b702e08a5c1b,22500539,1610612744,110.8,139.6,0.647,35,93.5,0.677
699821d4e161b702e08a5c1c,22500534,1610612740,100,111.7,0.595,18.5,107.5,0.606
699821d4e161b702e08a5c1d,22500535,1610612746,112.9,128.2,0.684,17.2,93,0.717
699821d4e161b702e08a5c1e,22500537,1610612737,91.6,112.5,0.574,23,95.5,0.574
699821d4e161b702e08a5c1f,22500533,1610612755,93.8,105.6,0.432,11.3,97.5,0.488
699821d4e161b702e08a5c20,22500541,1610612749,106.3,112.1,0.557,6.6,94,0.592
699821d4e161b702e08a5c21,22500540,1610612757,108.2,113.1,0.506,6.2,97,0.56
699821d4e161b702e08a5c22,22500538,1610612756,113.8,116.5,0.541,6.6,93.5,0.589
699821d4e161b702e08a5c23,22500532,1610612738,125.8,129.7,0.621,10.1,92.5,0.655
699821d4e161b702e08a5c24,22500536,1610612763,119.4,115.4,0.545,-1,98,0.588
699821d4e161b702e08a5c25,22500536,1610612760,118.4,117.8,0.522,1,98,0.566
699821d4e161b702e08a5c26,22500532,1610612761,135.9,123.9,0.587,-10.1,92.5,0.607
699821d4e161b702e08a5c27,22500538,1610612752,120.4,114.8,0.549,-6.6,93.5,0.586
699821d4e161b702e08a5c28,22500540,1610612745,114.4,107.6,0.469,-6.2,97,0.493
699821d4e161b702e08a5c29,22500541,1610612747,112.9,106.1,0.511,-6.6,94,0.52
699821d4e161b702e08a5c2a,22500533,1610612753,105.1,87.6,0.432,-11.3,97.5,0.474
699821d4e161b702e08a5c2b,22500537,1610612743,114.6,90.8,0.493,-23,95.5,0.538
699821d4e161b702e08a5c2c,22500535,1610612751,130.1,107.3,0.475,-17.2,93,0.501
699821d4e161b702e08a5c2d,22500534,1610612764,118.5,97.7,0.489,-18.5,107.5,0.527
699821d4e161b702e08a5c2e,22500539,1610612758,145.7,108.7,0.541,-35,93.5,0.561
699821d4e161b702e08a5c2f,22500530,1610612750,117.3,126.6,0.685,7.5,104.5,0.679
699821d4e161b702e08a5c30,22500528,1610612754,114.3,112.6,0.573,2,98,0.625
699821d4e161b702e08a5c31,22500531,1610612762,111.8,115.8,0.563,2,102,0.573
699821d4e161b702e08a5c32,22500531,1610612742,113.7,111,0.606,-2,102,0.628
699821d4e161b702e08a5c33,22500528,1610612766,116.3,106.1,0.547,-2,98,0.58
699821d4e161b702e08a5c34,22500530,1610612739,124.8,117,0.588,-7.5,104.5,0.609
699821d4e161b702e08a5c35,22500523,1610612759,89.2,105.6,0.512,17.8,101,0.567
699821d4e161b702e08a5c36,22500517,1610612765,102.2,111.9,0.554,16.5,91,0.565
699821d4e161b702e08a5c37,22500518,1610612755,106.8,129.6,0.619,21.6,102.5,0.668
699821d4e161b702e08a5c38,22500524,1610612756,99,113,0.577,19.2,99,0.582
699821d4e161b702e08a5c39,22500522,1610612752,120.7,126.2,0.574,10.2,93,0.606
699821d4e161b702e08a5c3a,22500519,1610612737,93.5,104,0.558,16.9,106.5,0.571
699821d4e161b702e08a5c3b,22500520,1610612743,119.6,120.6,0.563,3,92.5,0.584
699821d4e161b702e08a5c3c,22500527,1610612757,107.4,101,0.506,-0.1,95.5,0.548
699821d4e161b702e08a5c3d,22500521,1610612753,103,102,0.474,-1,91.47,0.5
699821d4e161b702e08a5c3e,22500525,1610612760,106.8,108.9,0.47,2.5,106.42,0.54
699821d4e161b702e08a5c3f,22500526,1610612744,118.9,121.3,0.596,4.8,96,0.619
699821d4e161b702e08a5c40,22500516,1610612761,105.5,106.2,0.451,1.1,91,0.483
699821d4e161b702e08a5c41,22500516,1610612766,106.6,102.5,0.476,-1.1,91,0.524
699821d4e161b702e08a5c42,22500526,1610612749,123.7,116.2,0.624,-4.8,96,0.626
699821d4e161b702e08a5c43,22500525,1610612762,109.3,103.1,0.491,-2.5,106.42,0.52
699821d4e161b702e08a5c44,22500521,1610612751,102,100.3,0.517,1,91.47,0.538
699821d4e161b702e08a5c45,22500527,1610612745,107.3,100.2,0.414,0.1,95.5,0.456
699821d4e161b702e08a5c46,22500520,1610612738,122.6,116.3,0.532,-3,92.5,0.541
699821d4e161b702e08a5c47,22500519,1610612740,110.4,90.9,0.488,-16.9,106.5,0.515
699821d4e161b702e08a5c48,22500522,1610612746,130.9,116.4,0.516,-10.2,93,0.553
699821d4e161b702e08a5c49,22500524,1610612763,118.2,96.9,0.489,-19.2,99,0.499
699821d4e161b702e08a5c4a,22500518,1610612764,128.4,107,0.569,-21.6,102.5,0.599
699821d4e161b702e08a5c4b,22500517,1610612741,118.7,100,0.5,-16.5,91,0.511
699821d4e161b702e08a5c4c,22500523,1610612747,107,88.6,0.448,-17.8,101,0.476
699821d4e161b702e08a5c4d,22500513,1610612750,84.7,111.8,0.531,25.2,111,0.564
699821d4e161b702e08a5c4e,22500514,1610612747,103,110.7,0.571,8,100,0.589
699821d4e161b702e08a5c4f,22500511,1610612764,106.7,114.8,0.517,5.5,106,0.597
699821d4e161b702e08a5c50,22500510,1610612739,110.5,114.4,0.614,4.9,104.5,0.626
699821d4e161b702e08a5c51,22500512,1610612763,100,95.8,0.49,1,105,0.507
699821d4e161b702e08a5c52,22500515,1610612758,99,93.8,0.473,-2.9,101.5,0.493
699821d4e161b702e08a5c53,22500515,1610612742,96.1,93.2,0.448,2.9,101.5,0.475
699821d4e161b702e08a5c54,22500512,1610612759,101,94.7,0.441,-1,105,0.478
699821d4e161b702e08a5c55,22500510,1610612754,115.4,107.1,0.548,-4.9,104.5,0.572
699821d4e161b702e08a5c56,22500511,1610612753,112.1,103.2,0.522,-5.5,106,0.546
699821d4e161b702e08a5c57,22500514,1610612740,111,102.1,0.495,-8,100,0.521
699821d4e161b702e08a5c58,22500513,1610612748,109.9,83.9,0.418,-25.2,111,0.447
699821d4e161b702e08a5c59,22500502,1610612765,95.7,127.3,0.64,34.4,93.5,0.65
699821d4e161b702e08a5c5a,22500506,1610612766,100,127.8,0.656,27.8,97,0.705
699821d4e161b702e08a5c5b,22500504,1610612761,94.3,110.9,0.589,19.1,105,0.6
699821d4e161b702e08a5c5c,22500509,1610612757,115.8,134,0.629,19.8,101,0.67
699821d4e161b702e08a5c5d,22500503,1610612738,107.4,117.7,0.5,13.6,94.5,0.524
699821d4e161b702e08a5c5e,22500508,1610612746,104.1,102.8,0.545,2.1,97.5,0.597
699821d4e161b702e08a5c5f,22500505,1610612745,103.2,102.8,0.489,3.2,94,0.52
699821d4e161b702e08a5c60,22500507,1610612743,120.4,118.7,0.642,2.2,92.83,0.67
699821d4e161b702e08a5c61,22500507,1610612755,122.5,116.6,0.556,-2.2,92.83,0.583
699821d4e161b702e08a5c62,22500505,1610612756,106.4,101.8,0.5,-3.2,94,0.52
699821d4e161b702e08a5c63,22500508,1610612744,106.2,103.2,0.435,-2.1,97.5,0.491
699821d4e161b702e08a5c64,22500503,1610612741,121.1,103.7,0.535,-13.6,94.5,0.559
699821d4e161b702e08a5c65,22500509,1610612762,135.6,116.4,0.56,-19.8,101,0.588
699821d4e161b702e08a5c66,22500504,1610612737,113.5,95,0.461,-19.1,105,0.509
699821d4e161b702e08a5c67,22500506,1610612760,127.8,97.1,0.425,-27.8,97,0.462
699821d4e161b702e08a5c68,22500502,1610612752,130.1,92.6,0.507,-34.4,93.5,0.548
699821d4e161b702e08a5c69,22500498,1610612750,109.5,131.9,0.617,24.8,105,0.642
699821d4e161b702e08a5c6a,22500501,1610612747,116.3,118.8,0.544,6.1,98,0.612
699821d4e161b702e08a5c6b,22500497,1610612748,97.2,110.7,0.554,18.5,108.5,0.574
699821d4e161b702e08a5c6c,22500496,1610612751,122.3,133.3,0.593,11.3,94.5,0.653
699821d4e161b702e08a5c6d,22500500,1610612749,100,113.6,0.506,17.3,98,0.574
699821d4e161b702e08a5c6e,22500495,1610612753,125.7,132.4,0.649,7.9,101,0.682
699821d4e161b702e08a5c6f,22500494,1610612739,112.9,110.9,0.525,-4,101,0.59
699821d4e161b702e08a5c70,22500499,1610612756,110.5,112.8,0.551,3.2,95,0.588
699821d4e161b702e08a5c71,22500499,1610612760,113.7,107.8,0.537,-3.2,95,0.581
699821d4e161b702e08a5c72,22500494,1610612765,108.9,106.3,0.489,4,101,0.547
699821d4e161b702e08a5c73,22500495,1610612754,133.7,126.7,0.638,-7.9,101,0.66
699821d4e161b702e08a5c74,22500500,1610612758,117.3,99.9,0.456,-17.3,98,0.521
699821d4e161b702e08a5c75,22500497,1610612740,115.7,93.4,0.556,-18.5,108.5,0.567
699821d4e161b702e08a5c76,22500496,1610612743,133.7,115.8,0.547,-11.3,94.5,0.591
699821d4e161b702e08a5c77,22500501,1610612763,122.4,111,0.47,-6.1,98,0.52
699821d4e161b702e08a5c78,22500498,1610612764,134.3,108.1,0.557,-24.8,105,0.597
699821d4e161b702e08a5c79,22500493,1610612738,123.7,154.7,0.677,35,92.5,0.7
699821d4e161b702e08a5c7a,22500486,1610612750,116.2,125,0.606,10.1,99,0.651
699821d4e161b702e08a5c7b,22500488,1610612761,108.3,124.7,0.598,16.9,107.5,0.648
699821d4e161b702e08a5c7c,22500491,1610612742,103,107.9,0.6,3.8,102,0.626
699821d4e161b702e08a5c7d,22500487,1610612755,116.7,123.7,0.639,8.3,103,0.649
699821d4e161b702e08a5c7e,22500492,1610612744,118.8,123.5,0.603,6.8,97,0.63
699821d4e161b702e08a5c7f,22500490,1610612759,117.3,113.3,0.484,-6.2,98.5,0.533
699821d4e161b702e08a5c80,22500489,1610612766,100,111.9,0.511,12,99.5,0.554
699821d4e161b702e08a5c81,22500489,1610612741,112,100.9,0.511,-12,99.5,0.531
699821d4e161b702e08a5c82,22500490,1610612757,111.1,116.3,0.544,6.2,98.5,0.559
699821d4e161b702e08a5c83,22500492,1610612762,125.5,115.8,0.599,-6.8,97,0.61
699821d4e161b702e08a5c84,22500487,1610612752,125,113.2,0.517,-8.3,103,0.577
699821d4e161b702e08a5c85,22500491,1610612745,106.8,99.4,0.434,-3.8,102,0.462
699821d4e161b702e08a5c86,22500488,1610612737,125.2,108,0.555,-16.9,107.5,0.589
699821d4e161b702e08a5c87,22500486,1610612748,126.3,109.9,0.552,-10.1,99,0.595
699821d4e161b702e08a5c88,22500493,1610612746,158.7,123,0.589,-35,92.5,0.629
699821d4e161b702e08a5c89,22500484,1610612760,90.4,124.3,0.609,35.6,104,0.653
699821d4e161b702e08a5c8a,22500483,1610612756,100,123.7,0.609,24,103,0.649
699821d4e161b702e08a5c8b,22500477,1610612764,96.1,113.3,0.571,20.6,102.5,0.601
699821d4e161b702e08a5c8c,22500482,1610612757,117.2,128.2,0.533,12.6,93.5,0.58
699821d4e161b702e08a5c8d,22500479,1610612737,95.2,107.8,0.545,11.5,104,0.561
699821d4e161b702e08a5c8e,22500478,1610612739,110.2,116.1,0.593,7.5,97,0.599
699821d4e161b702e08a5c8f,22500485,1610612747,115.2,122.3,0.656,5.5,105.5,0.706
699821d4e161b702e08a5c90,22500480,1610612741,114,118.2,0.578,8.2,99.5,0.615
699821d4e161b702e08a5c91,22500476,1610612759,106.6,110.5,0.515,9.4,106,0.557
699821d4e161b702e08a5c92,22500481,1610612749,124.7,124.6,0.609,1,97,0.643
699821d4e161b702e08a5c93,22500481,1610612766,125.8,120.6,0.598,-1,97,0.641
699821d4e161b702e08a5c94,22500476,1610612754,116,107,0.581,-9.4,106,0.61
699821d4e161b702e08a5c95,22500480,1610612753,122.2,112.6,0.581,-8.2,99.5,0.598
699821d4e161b702e08a5c96,22500485,1610612763,120.8,107,0.552,-5.5,105.5,0.57
699821d4e161b702e08a5c97,22500478,1610612743,117.7,104.1,0.516,-7.5,97,0.542
699821d4e161b702e08a5c98,22500479,1610612752,106.7,92.3,0.418,-11.5,104,0.466
699821d4e161b702e08a5c99,22500482,1610612740,129.8,106.9,0.49,-12.6,93.5,0.515
699821d4e161b702e08a5c9a,22500477,1610612751,116.7,94,0.43,-20.6,102.5,0.503
699821d4e161b702e08a5c9b,22500483,1610612758,124,96.2,0.471,-24,103,0.515
699821d4e161b702e08a5c9c,22500484,1610612744,126,91.2,0.428,-35.6,104,0.469
699821d4e161b702e08a5c9d,22500471,1610612745,107.9,132,0.646,24,90,0.667
699821d4e161b702e08a5c9e,22500475,1610612746,103.1,121.1,0.539,17.3,98,0.587
699821d4e161b702e08a5c9f,22500473,1610612755,104.9,119.4,0.606,16.9,102,0.634
699821d4e161b702e08a5ca0,22500474,1610612738,111.6,116.6,0.603,16.1,94.5,0.632
699821d4e161b702e08a5ca1,22500472,1610612748,103.7,104.6,0.505,4.6,108.5,0.547
699821d4e161b702e08a5ca2,22500472,1610612765,108.3,103.1,0.531,-4.6,108.5,0.598
699821d4e161b702e08a5ca3,22500474,1610612758,127.7,114.5,0.541,-16.1,94.5,0.579
699821d4e161b702e08a5ca4,22500473,1610612742,121.8,99.3,0.479,-16.9,102,0.525
699821d4e161b702e08a5ca5,22500475,1610612762,120.4,98.8,0.5,-17.3,98,0.554
699821d4e161b702e08a5ca6,22500471,1610612751,131.9,104.1,0.513,-24,90,0.538
699821d4e161b702e08a5ca7,22500470,1610612760,88.8,111.3,0.578,28.2,106.5,0.611
699821d4e161b702e08a5ca8,22500463,1610612737,102,120,0.567,25.3,99.5,0.567
699821d4e161b702e08a5ca9,22500465,1610612739,106.6,120.9,0.578,17.4,105,0.61
699821d4e161b702e08a5caa,22500466,1610612741,111.3,124.1,0.592,16.3,105.5,0.626
699821d4e161b702e08a5cab,22500464,1610612753,100.9,98.8,0.494,1.8,109,0.547
699821d4e161b702e08a5cac,22500468,1610612743,106.2,109.3,0.488,4.2,96.5,0.558
699821d4e161b702e08a5cad,22500462,1610612744,123.8,132.7,0.699,6.9,101,0.729
699821d4e161b702e08a5cae,22500467,1610612759,130.7,125.7,0.573,2,101,0.629
699821d4e161b702e08a5caf,22500469,1610612764,114.1,114.2,0.537,2.2,98.5,0.554
699821d4e161b702e08a5cb0,22500469,1610612749,116.3,110.1,0.551,-2.2,98.5,0.573
699821d4e161b702e08a5cb1,22500467,1610612752,132.7,126,0.594,-2,101,0.63
699821d4e161b702e08a5cb2,22500462,1610612766,130.7,119.6,0.602,-6.9,101,0.622
699821d4e161b702e08a5cb3,22500468,1610612761,110.4,102.8,0.43,-4.2,96.5,0.471
699821d4e161b702e08a5cb4,22500464,1610612754,102.8,101.8,0.506,-1.8,109,0.567
699821d4e161b702e08a5cb5,22500466,1610612740,127.6,109.4,0.49,-16.3,105.5,0.537
699821d4e161b702e08a5cb6,22500465,1610612756,124,105.6,0.471,-17.4,105,0.504
699821d4e161b702e08a5cb7,22500463,1610612750,127.3,102.1,0.506,-25.3,99.5,0.537
699821d4e161b702e08a5cb8,22500470,1610612757,117,88.4,0.471,-28.2,106.5,0.503
699821d4e161b702e08a5cb9,22500461,1610612746,95.7,134.9,0.589,42.2,94.5,0.629
699821d4e161b702e08a5cba,22500460,1610612765,102.9,124.6,0.704,23.8,102,0.721
699821d4e161b702e08a5cbb,22500459,1610612738,117.8,127.6,0.58,9.9,101,0.619
699821d4e161b702e08a5cbc,22500458,1610612763,125.2,118.8,0.614,-4.9,101.43,0.657
699821d4e161b702e08a5cbd,22500458,1610612755,120.4,117.9,0.527,4.9,101.43,0.566
699821d4e161b702e08a5cbe,22500459,1610612762,127.7,116.7,0.563,-9.9,101,0.607
699821d4e161b702e08a5cbf,22500460,1610612747,126.7,100.3,0.518,-23.8,102,0.554
699821d4e161b702e08a5cc0,22500461,1610612758,137.9,92.6,0.464,-42.2,94.5,0.505
699821d4e161b702e08a5cc1,22500452,1610612750,98.1,130.8,0.616,32.7,103.5,0.642
699821d4e161b702e08a5cc2,22500449,1610612744,110.3,120,0.597,14.7,96.5,0.652
699821d4e161b702e08a5cc3,22500450,1610612748,120.6,141.2,0.646,23.5,102,0.674
699821d4e161b702e08a5cc4,22500447,1610612749,121.5,125.9,0.619,8,94,0.656
699821d4e161b702e08a5cc5,22500455,1610612760,118.3,124.9,0.602,10.1,109,0.647
699821d4e161b702e08a5cc6,22500456,1610612739,93.5,103.9,0.495,12.1,107.5,0.539
699821d4e161b702e08a5cc7,22500457,1610612742,121.4,115.6,0.566,-4.1,103.5,0.601
699821d4e161b702e08a5cc8,22500448,1610612756,105.2,116.3,0.49,14.6,96,0.528
699821d4e161b702e08a5cc9,22500453,1610612745,121.4,127.8,0.651,7.1,98,0.673
699821d4e161b702e08a5cca,22500454,1610612752,123.8,127,0.589,5,101,0.629
699821d4e161b702e08a5ccb,22500451,1610612753,112.6,110.6,0.456,-1.1,95,0.515
699821d4e161b702e08a5ccc,22500451,1610612761,111.6,110.6,0.434,1.1,95,0.479
699821d4e161b702e08a5ccd,22500454,1610612740,128.7,120.3,0.531,-5,101,0.579
699821d4e161b702e08a5cce,22500453,1610612754,128.6,120.4,0.602,-7.1,98,0.615
699821d4e161b702e08a5ccf,22500448,1610612764,119.8,107.2,0.545,-14.6,96,0.579
699821d4e161b702e08a5cd0,22500457,1610612757,117.3,118.3,0.557,4.1,103.5,0.586
699821d4e161b702e08a5cd1,22500456,1610612759,105.6,94.5,0.428,-12.1,107.5,0.511
699821d4e161b702e08a5cd2,22500455,1610612737,128.4,116.8,0.603,-10.1,109,0.617
699821d4e161b702e08a5cd3,22500447,1610612766,129.5,115.5,0.522,-8,94,0.555
699821d4e161b702e08a5cd4,22500450,1610612743,144.1,119.8,0.59,-23.5,102,0.623
699821d4e161b702e08a5cd5,22500449,1610612751,125,111.3,0.563,-14.7,96.5,0.594
699821d4e161b702e08a5cd6,22500452,1610612741,130.8,95.1,0.478,-32.7,103.5,0.509
699821d4e161b702e08a5cd7,22500442,1610612760,104,125.2,0.632,23.7,100.5,0.658
699821d4e161b702e08a5cd8,22500446,1610612747,100,119.1,0.612,22.5,101.5,0.645
699821d4e161b702e08a5cd9,22500441,1610612761,113.4,122.7,0.568,12.5,101.43,0.598
699821d4e161b702e08a5cda,22500445,1610612746,107.6,122.1,0.56,12.8,92.5,0.638
699821d4e161b702e08a5cdb,22500444,1610612757,105.9,111.5,0.573,4.8,102.5,0.58
699821d4e161b702e08a5cdc,22500443,1610612764,102.8,101.8,0.465,4.7,108.5,0.527
699821d4e161b702e08a5cdd,22500443,1610612763,107.4,94.7,0.461,-4.7,108.5,0.499
699821d4e161b702e08a5cde,22500444,1610612738,110.7,101.5,0.511,-4.8,102.5,0.543
699821d4e161b702e08a5cdf,22500445,1610612765,120.4,107.2,0.457,-12.8,92.5,0.525
699821d4e161b702e08a5ce0,22500441,1610612744,125.9,110.1,0.531,-12.5,101.43,0.586
699821d4e161b702e08a5ce1,22500446,1610612758,122.5,100.6,0.53,-22.5,101.5,0.553
699821d4e161b702e08a5ce2,22500442,1610612755,127.7,101.7,0.524,-23.7,100.5,0.564
699821d4e161b702e08a5ce3,22500436,1610612748,106.4,128.8,0.57,23.9,109,0.611
699821d4e161b702e08a5ce4,22500438,1610612745,104.2,121.6,0.58,15.2,97,0.602
699821d4e161b702e08a5ce5,22500439,1610612751,110.3,122.7,0.613,19.2,96,0.66
699821d4e161b702e08a5ce6,22500440,1610612762,115.2,122.8,0.645,11.8,99.5,0.672
699821d4e161b702e08a5ce7,22500437,1610612749,105.1,114.8,0.541,11.6,97,0.58
699821d4e161b702e08a5ce8,22500432,1610612758,103.9,108.1,0.514,4.8,103.5,0.525
699821d4e161b702e08a5ce9,22500434,1610612756,115.2,121.3,0.561,9.1,99,0.578
699821d4e161b702e08a5cea,22500433,1610612743,127,125.7,0.576,-1,100,0.635
699821d4e161b702e08a5ceb,22500435,1610612752,121.4,123,0.532,2.9,103,0.587
699821d4e161b702e08a5cec,22500435,1610612737,124.3,120.3,0.579,-2.9,103,0.62
699821d4e161b702e08a5ced,22500433,1610612753,126,124.2,0.573,1,100,0.603
699821d4e161b702e08a5cee,22500434,1610612740,124.2,113.4,0.489,-9.1,99,0.561
699821d4e161b702e08a5cef,22500432,1610612742,108.7,101.1,0.534,-4.8,103.5,0.558
699821d4e161b702e08a5cf0,22500437,1610612741,116.7,104,0.489,-11.6,97,0.515
699821d4e161b702e08a5cf1,22500440,1610612759,127,108.3,0.485,-11.8,99.5,0.527
699821d4e161b702e08a5cf2,22500439,1610612750,129.5,111.1,0.524,-19.2,96,0.561
699821d4e161b702e08a5cf3,22500438,1610612739,119.4,99.2,0.484,-15.2,97,0.496
699821d4e161b702e08a5cf4,22500436,1610612754,130.3,104.5,0.559,-23.9,109,0.58
699821d4e161b702e08a5cf5,22500428,1610612763,103,117.8,0.582,22,100.5,0.631
699821d4e161b702e08a5cf6,22500426,1610612738,118.4,140.1,0.687,18.8,102.5,0.715
699821d4e161b702e08a5cf7,22500425,1610612764,112.5,129.1,0.676,21.5,103.5,0.698
699821d4e161b702e08a5cf8,22500429,1610612756,104.9,110.6,0.527,6.8,103,0.564
699821d4e161b702e08a5cf9,22500424,1610612766,107.1,122.1,0.58,16.6,97.5,0.604
699821d4e161b702e08a5cfa,22500431,1610612746,112,129.9,0.652,20.3,91,0.72
699821d4e161b702e08a5cfb,22500427,1610612741,105.2,112.4,0.523,4.9,98,0.562
699821d4e161b702e08a5cfc,22500423,1610612748,100.9,113.6,0.524,12.6,110.5,0.563
699821d4e161b702e08a5cfd,22500430,1610612762,121.7,123.1,0.589,3.1,105.5,0.646
699821d4e161b702e08a5cfe,22500430,1610612765,124.8,118.2,0.62,-3.1,105.5,0.632
699821d4e161b702e08a5cff,22500423,1610612737,113.5,100.7,0.541,-12.6,110.5,0.589
699821d4e161b702e08a5d00,22500427,1610612755,110.1,102.5,0.435,-4.9,98,0.492
699821d4e161b702e08a5d01,22500431,1610612757,132.2,112.3,0.55,-20.3,91,0.574
699821d4e161b702e08a5d02,22500424,1610612753,123.7,109.2,0.457,-16.6,97.5,0.509
699821d4e161b702e08a5d03,22500429,1610612740,111.7,101.4,0.472,-6.8,103,0.507
699821d4e161b702e08a5d04,22500425,1610612761,134,110.5,0.505,-21.5,103.5,0.569
699821d4e161b702e08a5d05,22500426,1610612754,137.3,121,0.596,-18.8,102.5,0.624
699821d4e161b702e08a5d06,22500428,1610612749,125,102.4,0.512,-22,100.5,0.55
699821d4e161b702e08a5d07,22500012,1610612745,105.5,122.2,0.578,25.3,91,0.605
699821d4e161b702e08a5d08,22500010,1610612759,104.1,121.6,0.601,17.8,97,0.627
699821d4e161b702e08a5d09,22500011,1610612744,108.4,116.2,0.515,10.5,106.5,0.57
699821d4e161b702e08a5d0a,22500009,1610612739,122.3,122.6,0.61,-1.9,103,0.645
699821d4e161b702e08a5d0b,22500013,1610612743,117.9,117.3,0.559,1.4,106.87,0.617
699821d4e161b702e08a5d0c,22500013,1610612750,119.3,113.9,0.548,-1.4,106.87,0.589
699821d4e161b702e08a5d0d,22500009,1610612752,120.4,120.4,0.58,1.9,103,0.608
699821d4e161b702e08a5d0e,22500011,1610612742,118.9,109.2,0.573,-10.5,106.5,0.59
699821d4e161b702e08a5d0f,22500010,1610612760,121.9,105.2,0.447,-17.8,97,0.481
699821d4e161b702e08a5d10,22500012,1610612747,130.8,105.7,0.578,-25.3,91,0.587
699821d4e161b702e08a5d11,22500418,1610612756,112.5,137.8,0.671,26.4,95.5,0.704
699821d4e161b702e08a5d12,22500414,1610612761,95.8,116.8,0.558,23.4,94.5,0.596
699821d4e161b702e08a5d13,22500413,1610612749,94.9,110.4,0.573,17.2,99,0.6
699821d4e161b702e08a5d14,22500409,1610612766,114.7,131.4,0.559,19.3,94.5,0.601
699821d4e161b702e08a5d15,22500417,1610612759,115.8,138.9,0.667,21.1,95,0.687
699821d4e161b702e08a5d16,22500412,1610612739,111.3,129.5,0.629,20.5,106.5,0.642
699821d4e161b702e08a5d17,22500416,1610612750,102,110.4,0.532,9.7,102.5,0.558
699821d4e161b702e08a5d18,22500422,1610612746,120,137.8,0.675,22.2,90,0.72
699821d4e161b702e08a5d19,22500419,1610612763,120.8,127.1,0.665,8.5,106,0.68
699821d4e161b702e08a5d1a,22500421,1610612765,127,127.9,0.611,9,100,0.634
699821d4e161b702e08a5d1b,22500410,1610612751,107.1,110.1,0.53,8.1,99,0.591
699821d4e161b702e08a5d1c,22500411,1610612741,115,114.2,0.577,1.7,107.5,0.61
699821d4e161b702e08a5d1d,22500420,1610612753,108.2,109.9,0.524,2.9,98.5,0.578
699821d4e161b702e08a5d1e,22500415,1610612742,131.3,131.5,0.629,2.4,98.5,0.658
699821d4e161b702e08a5d1f,22500415,1610612743,133.7,130.8,0.69,-2.4,98.5,0.711
699821d4e161b702e08a5d20,22500420,1610612757,111.1,104.6,0.523,-2.9,98.5,0.556
699821d4e161b702e08a5d21,22500411,1610612737,116.7,112,0.579,-1.7,107.5,0.592
699821d4e161b702e08a5d22,22500410,1610612755,115.2,104.2,0.451,-8.1,99,0.542
699821d4e161b702e08a5d23,22500421,1610612758,136,124.2,0.516,-9,100,0.586
699821d4e161b702e08a5d24,22500419,1610612762,129.2,119.8,0.533,-8.5,106,0.605
699821d4e161b702e08a5d25,22500422,1610612745,142.2,117.5,0.552,-22.2,90,0.575
699821d4e161b702e08a5d26,22500416,1610612752,111.7,97.6,0.47,-9.7,102.5,0.492
699821d4e161b702e08a5d27,22500412,1610612740,131.8,109.3,0.516,-20.5,106.5,0.562
699821d4e161b702e08a5d28,22500417,1610612760,136.8,116.9,0.612,-21.1,95,0.624
699821d4e161b702e08a5d29,22500409,1610612764,134,114.6,0.464,-19.3,94.5,0.509
699821d4e161b702e08a5d2a,22500413,1610612754,112.1,93.5,0.457,-17.2,99,0.492
699821d4e161b702e08a5d2b,22500414,1610612748,119.1,92.1,0.451,-23.4,94.5,0.501
699821d4e161b702e08a5d2c,22500418,1610612747,138.9,111.6,0.556,-26.4,95.5,0.576
699821d4e161b702e08a5d2d,22500407,1610612744,98,121.8,0.579,23.2,99,0.603
699821d4e161b702e08a5d2e,22500405,1610612743,104.7,128.6,0.63,22.7,106.5,0.655
699821d4e161b702e08a5d2f,22500403,1610612738,100,103.7,0.489,6.2,96,0.529
699821d4e161b702e08a5d30,22500406,1610612760,98.1,114.2,0.569,15.2,105,0.594
699821d4e161b702e08a5d31,22500408,1610612765,106.3,110.5,0.47,7.2,96.5,0.493
699821d4e161b702e08a5d32,22500402,1610612739,132,134.5,0.69,4.3,101,0.729
699821d4e161b702e08a5d33,22500404,1610612740,104.6,110.3,0.495,5.6,108,0.546
699821d4e161b702e08a5d34,22500404,1610612742,110.2,100.7,0.49,-5.6,108,0.499
699821d4e161b702e08a5d35,22500402,1610612766,136.3,122.2,0.601,-4.3,101,0.629
699821d4e161b702e08a5d36,22500408,1610612757,113.4,99.1,0.493,-7.2,96.5,0.549
699821d4e161b702e08a5d37,22500406,1610612763,113.3,97.1,0.518,-15.2,105,0.553
699821d4e161b702e08a5d38,22500403,1610612754,106.2,98,0.465,-6.2,96,0.511
699821d4e161b702e08a5d39,22500405,1610612762,127.4,104.3,0.5,-22.7,106.5,0.537
699821d4e161b702e08a5d3a,22500407,1610612753,121.2,96.6,0.454,-23.2,99,0.493
699821d4e161b702e08a5d3b,22500397,1610612751,82.7,97.9,0.56,16.3,97.5,0.585
699821d4e161b702e08a5d3c,22500399,1610612759,108.7,114.7,0.476,12.9,103,0.525
699821d4e161b702e08a5d3d,22500396,1610612741,138.9,138,0.685,1.9,108,0.696
699821d4e161b702e08a5d3e,22500398,1610612752,122.5,127.9,0.671,8.1,101.5,0.7
699821d4e161b702e08a5d3f,22500400,1610612750,101,106.1,0.5,3,99,0.525
699821d4e161b702e08a5d40,22500401,1610612745,119,116.4,0.564,0.2,94.64,0.593
699821d4e161b702e08a5d41,22500401,1610612758,119.2,120.4,0.526,-0.2,94.64,0.564
699821d4e161b702e08a5d42,22500400,1610612749,104,97.3,0.477,-3,99,0.522
699821d4e161b702e08a5d43,22500398,1610612748,130.7,123.3,0.569,-8.1,101.5,0.61
699821d4e161b702e08a5d44,22500396,1610612737,140.7,129.2,0.638,-1.9,108,0.669
699821d4e161b702e08a5d45,22500399,1610612764,121.6,110.2,0.5,-12.9,103,0.535
699821d4e161b702e08a5d46,22500397,1610612761,99,84.8,0.43,-16.3,97.5,0.452
699821d4e161b702e08a5d47,22500390,1610612765,80.4,101.7,0.473,26.3,106,0.523
699821d4e161b702e08a5d48,22500395,1610612746,95.7,108.6,0.525,15.1,92.5,0.58
699821d4e161b702e08a5d49,22500389,1610612740,100,114.3,0.582,17.4,109,0.64
699821d4e161b702e08a5d4a,22500386,1610612745,104.1,118.4,0.63,13.2,97.5,0.66
699821d4e161b702e08a5d4b,22500388,1610612738,103.2,117.2,0.526,21.2,91.5,0.551
699821d4e161b702e08a5d4c,22500391,1610612764,119.6,125.7,0.561,6.6,102.5,0.589
699821d4e161b702e08a5d4d,22500394,1610612757,95.9,96.1,0.5,4.1,97.5,0.533
699821d4e161b702e08a5d4e,22500393,1610612753,115.5,116.9,0.547,0.9,99.62,0.579
699821d4e161b702e08a5d4f,22500392,1610612744,114.9,111.7,0.549,3,101,0.58
699821d4e161b702e08a5d50,22500387,1610612755,111.8,116,0.49,4.6,103,0.529
699821d4e161b702e08a5d51,22500387,1610612742,116.3,111,0.56,-4.6,103,0.615
699821d4e161b702e08a5d52,22500392,1610612756,117.8,112,0.545,-3,101,0.588
699821d4e161b702e08a5d53,22500393,1610612762,116.4,113.2,0.49,-0.9,99.62,0.537
699821d4e161b702e08a5d54,22500394,1610612758,100,92.4,0.414,-4.1,97.5,0.462
699821d4e161b702e08a5d55,22500391,1610612763,126.2,116.5,0.53,-6.6,102.5,0.556
699821d4e161b702e08a5d56,22500388,1610612761,124.4,101.2,0.506,-21.2,91.5,0.523
699821d4e161b702e08a5d57,22500386,1610612743,117.3,97.9,0.446,-13.2,97.5,0.495
699821d4e161b702e08a5d58,22500389,1610612754,117.4,98.9,0.468,-17.4,109,0.508
699821d4e161b702e08a5d59,22500395,1610612747,110.8,92.5,0.42,-15.1,92.5,0.448
699821d4e161b702e08a5d5a,22500390,1610612766,106.7,78.3,0.388,-26.3,106,0.44
699821d4e161b702e08a5d5b,22500383,1610612759,92.5,121.1,0.612,25.3,106.5,0.624
699821d4e161b702e08a5d5c,22500381,1610612738,113.7,125.8,0.665,11.5,102.5,0.697
699821d4e161b702e08a5d5d,22500384,1610612741,116.8,126.4,0.608,10.3,107,0.626
699821d4e161b702e08a5d5e,22500385,1610612750,103.9,108,0.449,4.9,103,0.515
699821d4e161b702e08a5d5f,22500382,1610612755,112.6,118.1,0.551,9.5,95,0.596
699821d4e161b702e08a5d60,22500382,1610612752,122.1,111.5,0.489,-9.5,95,0.54
699821d4e161b702e08a5d61,22500385,1610612760,108.7,102.7,0.429,-4.9,103,0.509
699821d4e161b702e08a5d62,22500384,1610612739,127.1,112.2,0.545,-10.3,107,0.572
699821d4e161b702e08a5d63,22500381,1610612748,125.2,106.9,0.485,-11.5,102.5,0.515
699821d4e161b702e08a5d64,22500383,1610612737,117.8,90.7,0.457,-25.3,106.5,0.485
699821d4e161b702e08a5d65,22500370,1610612759,94,120.4,0.572,26.2,99.5,0.602
699821d4e161b702e08a5d66,22500373,1610612748,96,103.6,0.511,10,99.5,0.544
699821d4e161b702e08a5d67,22500369,1610612760,94.4,112.9,0.54,19.6,107,0.565
699821d4e161b702e08a5d68,22500379,1610612747,131.1,137.3,0.597,7.8,103,0.649
699821d4e161b702e08a5d69,22500380,1610612758,116.5,114.7,0.543,0.1,103.7,0.61
699821d4e161b702e08a5d6a,22500376,1610612742,103.6,104.7,0.478,-0.1,100.53,0.553
699821d4e161b702e08a5d6b,22500371,1610612766,121.2,123.7,0.67,6.7,104,0.675
699821d4e161b702e08a5d6c,22500375,1610612740,118.5,122.8,0.562,4.6,97.81,0.608
699821d4e161b702e08a5d6d,22500374,1610612761,108.2,113,0.577,6.2,97,0.595
699821d4e161b702e08a5d6e,22500377,1610612743,112.7,120.5,0.648,12,101.5,0.666
699821d4e161b702e08a5d6f,22500378,1610612756,97,98.3,0.466,2,100.5,0.507
699821d4e161b702e08a5d70,22500372,1610612752,113,111.4,0.56,1,100,0.568
699821d4e161b702e08a5d71,22500372,1610612754,114,114.2,0.522,-1,100,0.56
699821d4e161b702e08a5d72,22500378,1610612744,99,96.2,0.461,-2,100.5,0.506
699821d4e161b702e08a5d73,22500377,1610612753,124.8,114.5,0.533,-12,101.5,0.561
699821d4e161b702e08a5d74,22500374,1610612749,114.4,107.1,0.542,-6.2,97,0.577
699821d4e161b702e08a5d75,22500375,1610612745,123.1,112.4,0.514,-4.6,97.81,0.538
699821d4e161b702e08a5d76,22500371,1610612737,127.9,117,0.582,-6.7,104,0.62
699821d4e161b702e08a5d77,22500376,1610612765,103.6,97.6,0.41,0.1,100.53,0.436
699821d4e161b702e08a5d78,22500380,1610612757,116.7,110.3,0.549,-0.1,103.7,0.57
699821d4e161b702e08a5d79,22500379,1610612762,138.8,125.4,0.627,-7.8,103,0.651
699821d4e161b702e08a5d7a,22500369,1610612746,114,95.6,0.553,-19.6,107,0.589
699821d4e161b702e08a5d7b,22500373,1610612751,106,94.2,0.444,-10,99.5,0.462
699821d4e161b702e08a5d7c,22500370,1610612764,120.2,92.9,0.452,-26.2,99.5,0.469
699821d4e161b702e08a5d7d,22500367,1610612741,103.7,118.8,0.64,15,107,0.655
699821d4e161b702e08a5d7e,22500368,1610612763,102.8,105.5,0.495,5.6,107,0.542
699821d4e161b702e08a5d7f,22500368,1610612750,108.4,98.3,0.464,-5.6,107,0.501
699821d4e161b702e08a5d80,22500367,1610612739,118.7,103.8,0.552,-15,107,0.585
699821d4e161b702e08a5d81,22501226,1610612763,113.2,126.7,0.616,18.3,91.5,0.647
699821d4e161b702e08a5d82,22501227,1610612761,96,104,0.568,11.1,99.5,0.576
699821d4e161b702e08a5d83,22501224,1610612762,115.7,120.2,0.582,6.1,104.15,0.628
699821d4e161b702e08a5d84,22501222,1610612765,112.9,113.1,0.534,5,94,0.56
699821d4e161b702e08a5d85,22501225,1610612743,121.4,123.6,0.594,2.9,93.28,0.643
699821d4e161b702e08a5d86,22501225,1610612745,124.3,115.3,0.57,-2.9,93.28,0.598
699821d4e161b702e08a5d87,22501222,1610612738,117.9,105.1,0.524,-5,94,0.559
699821d4e161b702e08a5d88,22501224,1610612742,121.7,113.6,0.536,-6.1,104.15,0.573
699821d4e161b702e08a5d89,22501227,1610612748,107.1,94.9,0.476,-11.1,99.5,0.515
699821d4e161b702e08a5d8a,22501226,1610612746,131.5,107.7,0.544,-18.3,91.5,0.574
699821d4e161b702e08a5d8b,22501219,1610612751,82,125.3,0.641,46.3,99.5,0.68
699821d4e161b702e08a5d8c,22501216,1610612764,98.9,114.4,0.517,19.8,90.5,0.538
699821d4e161b702e08a5d8d,22501220,1610612750,103,113.7,0.521,14,100,0.553
699821d4e161b702e08a5d8e,22501223,1610612740,103,108.6,0.505,9.9,101,0.548
699821d4e161b702e08a5d8f,22501218,1610612766,104.7,105.1,0.526,6.5,96.45,0.555
699821d4e161b702e08a5d90,22501217,1610612737,112.5,111.9,0.52,4,103.5,0.554
699821d4e161b702e08a5d91,22501221,1610612757,126,123.9,0.618,2.3,105,0.668
699821d4e161b702e08a5d92,22501228,1610612756,117.2,110.7,0.567,-4.3,100,0.613
699821d4e161b702e08a5d93,22501228,1610612747,112.9,110.6,0.472,4.3,100,0.542
699821d4e161b702e08a5d94,22501221,1610612744,128.3,122.3,0.644,-2.3,105,0.674
699821d4e161b702e08a5d95,22501217,1610612755,116.5,111.7,0.46,-4,103.5,0.514
699821d4e161b702e08a5d96,22501218,1610612739,111.2,102.1,0.463,-6.5,96.45,0.515
699821d4e161b702e08a5d97,22501223,1610612741,112.9,104.5,0.484,-9.9,101,0.523
699821d4e161b702e08a5d98,22501220,1610612758,117,100,0.519,-14,100,0.56
699821d4e161b702e08a5d99,22501216,1610612754,118.7,98.6,0.429,-19.8,90.5,0.477
699821d4e161b702e08a5d9a,22501219,1610612749,128.3,82.8,0.443,-46.3,99.5,0.477
699821d4e161b702e08a5d9b,22501229,1610612752,115.4,129.9,0.649,10.3,104.5,0.676
699821d4e161b702e08a5d9c,22501230,1610612760,104.7,103.9,0.462,-2.8,106.5,0.525
699821d4e161b702e08a5d9d,22501230,1610612759,101.9,102.7,0.483,2.8,106.5,0.533
699821d4e161b702e08a5d9e,22501229,1610612753,125.7,109.1,0.531,-10.3,104.5,0.556
699821d4e161b702e08a5d9f,22501210,1610612765,106.5,131.8,0.648,27.5,107,0.684
699821d4e161b702e08a5da0,22501215,1610612750,117.6,125.3,0.601,4.5,103,0.627
699821d4e161b702e08a5da1,22501211,1610612755,106.1,115.1,0.519,11.3,98.5,0.587
699821d4e161b702e08a5da2,22501214,1610612742,108.8,109.5,0.543,5.6,103,0.574
699821d4e161b702e08a5da3,22501209,1610612741,124.8,124.8,0.606,1.7,101.5,0.63
699821d4e161b702e08a5da4,22501212,1610612739,120,124,0.5,5,104.5,0.576
699821d4e161b702e08a5da5,22501213,1610612762,117.8,114,0.543,4.9,106.5,0.565
699821d4e161b702e08a5da6,22501213,1610612763,122.6,115.3,0.561,-4.9,106.5,0.582
699821d4e161b702e08a5da7,22501212,1610612764,125,121.1,0.581,-5,104.5,0.629
699821d4e161b702e08a5da8,22501209,1610612766,126.5,123,0.608,-1.7,101.5,0.621
699821d4e161b702e08a5da9,22501214,1610612751,114.4,108.4,0.552,-5.6,103,0.588
699821d4e161b702e08a5daa,22501211,1610612754,117.3,105.7,0.464,-11.3,98.5,0.503
699821d4e161b702e08a5dab,22501215,1610612744,122.1,112.5,0.536,-4.5,103,0.568
699821d4e161b702e08a5dac,22501210,1610612737,134,108.9,0.524,-27.5,107,0.583
699821d4e161b702e08a5dad,22501208,1610612743,101.9,132.3,0.659,31.4,102.5,0.675
699821d4e161b702e08a5dae,22501207,1610612740,112.1,129.4,0.571,19,108,0.598
699821d4e161b702e08a5daf,22501206,1610612749,105.2,120.6,0.665,15.6,96,0.681
699821d4e161b702e08a5db0,22501205,1610612746,119.8,117.2,0.59,-0.8,95.5,0.632
699821d4e161b702e08a5db1,22501205,1610612745,118.9,115.9,0.527,0.8,95.5,0.562
699821d4e161b702e08a5db2,22501206,1610612738,120.8,101,0.466,-15.6,96,0.51
699821d4e161b702e08a5db3,22501207,1610612757,131.2,105.6,0.51,-19,108,0.537
699821d4e161b702e08a5db4,22501208,1610612758,133.3,101.8,0.511,-31.4,102.5,0.541
699821d4e161b702e08a5db5,22501203,1610612760,85.6,134.3,0.716,45.9,104.5,0.736
699821d4e161b702e08a5db6,22501204,1610612759,113.3,125.9,0.599,13.6,104.5,0.648
699821d4e161b702e08a5db7,22501204,1610612747,126.9,116.5,0.586,-13.6,104.5,0.613
699821d4e161b702e08a5db8,22501203,1610612756,131.4,84.7,0.452,-45.9,104.5,0.489
699821d4e161b702e08a5db9,22501202,1610612752,107.4,126.7,0.625,17,94,0.634
699821d4e161b702e08a5dba,22501201,1610612753,104.9,112.5,0.592,9.9,102.5,0.622
699821d4e161b702e08a5dbb,22501201,1610612748,114.7,105.5,0.495,-9.9,102.5,0.533
699821d4e161b702e08a5dbc,22501202,1610612761,124.5,101.1,0.494,-17,94,0.516
699821d4e161b702e08a5dbd,22500364,1610612754,104,112.3,0.517,12,100.5,0.584
699821d4e161b702e08a5dbe,22500366,1610612740,128.6,126.4,0.619,-4,105.5,0.664
699821d4e161b702e08a5dbf,22500365,1610612756,111.7,115.1,0.522,4.4,93.5,0.547
699821d4e161b702e08a5dc0,22500365,1610612750,116.1,110.4,0.536,-4.4,93.5,0.564
699821d4e161b702e08a5dc1,22500366,1610612759,124.5,120.5,0.587,4,105.5,0.619
699821d4e161b702e08a5dc2,22500364,1610612758,116,102.8,0.506,-12,100.5,0.535
699821d4e161b702e08a5dc3,22500360,1610612763,91.4,105.2,0.506,23,104.5,0.56
699821d4e161b702e08a5dc4,22500361,1610612744,95.8,125.1,0.625,35.1,94.5,0.638
699821d4e161b702e08a5dc5,22500363,1610612760,100,128.5,0.699,31,100.5,0.683
699821d4e161b702e08a5dc6,22500357,1610612752,104.2,110.6,0.489,6.3,96,0.531
699821d4e161b702e08a5dc7,22500359,1610612743,109.3,117.7,0.596,9.3,97,0.62
699821d4e161b702e08a5dc8,22500362,1610612747,109.1,113.3,0.559,4,99,0.578
699821d4e161b702e08a5dc9,22500358,1610612738,117.7,127.2,0.587,8.3,96,0.616
699821d4e161b702e08a5dca,22500358,1610612761,126,113.9,0.54,-8.3,96,0.581
699821d4e161b702e08a5dcb,22500362,1610612755,113.1,105.4,0.417,-4,99,0.476
699821d4e161b702e08a5dcc,22500359,1610612766,118.6,107.9,0.529,-9.3,97,0.562
699821d4e161b702e08a5dcd,22500357,1610612753,110.4,100.4,0.447,-6.3,96,0.478
699821d4e161b702e08a5dce,22500363,1610612762,131,99.7,0.541,-31,100.5,0.559
699821d4e161b702e08a5dcf,22500361,1610612741,130.9,93.5,0.421,-35.1,94.5,0.467
699821d4e161b702e08a5dd0,22500360,1610612757,114.4,89.8,0.488,-23,104.5,0.528
699821d4e161b702e08a5dd1,22500351,1610612737,114.9,125.8,0.597,13.6,101.5,0.629
699821d4e161b702e08a5dd2,22500356,1610612742,114.7,126,0.64,15.1,94.5,0.672
699821d4e161b702e08a5dd3,22500355,1610612750,115.2,119.8,0.581,5.9,91,0.657
699821d4e161b702e08a5dd4,22500354,1610612758,111,120.7,0.602,14.7,100.5,0.621
699821d4e161b702e08a5dd5,22500352,1610612744,98.9,96.9,0.459,5.3,95,0.515
699821d4e161b702e08a5dd6,22500353,1610612765,116.7,124.4,0.587,11.2,96.5,0.622
699821d4e161b702e08a5dd7,22500350,1610612751,103.1,116.5,0.607,19.6,97.5,0.625
699821d4e161b702e08a5dd8,22500350,1610612740,122.7,103.4,0.506,-19.6,97.5,0.551
699821d4e161b702e08a5dd9,22500353,1610612749,127.8,113,0.536,-11.2,96.5,0.571
699821d4e161b702e08a5dda,22500352,1610612739,104.2,93.7,0.393,-5.3,95,0.419
699821d4e161b702e08a5ddb,22500354,1610612748,125.7,109.8,0.535,-14.7,100.5,0.56
699821d4e161b702e08a5ddc,22500355,1610612746,121.1,109.3,0.524,-5.9,91,0.552
699821d4e161b702e08a5ddd,22500356,1610612745,129.8,112.7,0.563,-15.1,94.5,0.588
699821d4e161b702e08a5dde,22500351,1610612764,128.4,111.2,0.619,-13.6,101.5,0.656
699821d4e161b702e08a5ddf,22500344,1610612766,83.5,104.2,0.588,24.3,103,0.627
699821d4e161b702e08a5de0,22500346,1610612745,100,115.4,0.658,18.2,98.5,0.693
699821d4e161b702e08a5de1,22500343,1610612752,108.7,138.5,0.676,33,103,0.713
699821d4e161b702e08a5de2,22500349,1610612760,113.3,138.5,0.631,20.1,98.5,0.685
699821d4e161b702e08a5de3,22500338,1610612738,108.2,129.5,0.69,24.4,96,0.706
699821d4e161b702e08a5de4,22500341,1610612739,113.6,124.1,0.628,12.6,103,0.658
699821d4e161b702e08a5de5,22500347,1610612763,100,109.3,0.603,9.2,98,0.623
699821d4e161b702e08a5de6,22500345,1610612754,104,121.2,0.643,17.3,100,0.659
699821d4e161b702e08a5de7,22500348,1610612755,102,116.4,0.552,14,99.5,0.606
699821d4e161b702e08a5de8,22500339,1610612748,105,102.1,0.544,-2,101.5,0.571
699821d4e161b702e08a5de9,22500342,1610612765,117.2,117.2,0.524,4.8,99.5,0.592
699821d4e161b702e08a5dea,22500340,1610612743,126.7,127.4,0.618,-1.4,106,0.656
699821d4e161b702e08a5deb,22500340,1610612737,125.2,126.6,0.621,1.4,106,0.652
699821d4e161b702e08a5dec,22500342,1610612757,122,113.3,0.494,-4.8,99.5,0.578
699821d4e161b702e08a5ded,22500339,1610612753,102.9,100.4,0.478,2,101.5,0.517
699821d4e161b702e08a5dee,22500348,1610612749,116,102.1,0.533,-14,99.5,0.575
699821d4e161b702e08a5def,22500345,1610612741,121.2,107.4,0.526,-17.3,100,0.585
699821d4e161b702e08a5df0,22500347,1610612746,109.2,98.5,0.525,-9.2,98,0.56
699821d4e161b702e08a5df1,22500341,1610612759,126.2,108.9,0.532,-12.6,103,0.56
699821d4e161b702e08a5df2,22500338,1610612747,132.6,112,0.519,-24.4,96,0.585
699821d4e161b702e08a5df3,22500349,1610612742,133.3,113.5,0.57,-20.1,98.5,0.585
699821d4e161b702e08a5df4,22500343,1610612762,141.7,107.3,0.489,-33,103,0.547
699821d4e161b702e08a5df5,22500346,1610612756,118.2,92.1,0.415,-18.2,98.5,0.452
699821d4e161b702e08a5df6,22500344,1610612761,107.8,81.3,0.418,-24.3,103,0.44
699821d4e161b702e08a5df7,22500334,1610612738,102,141.4,0.646,48.5,98,0.674
699821d4e161b702e08a5df8,22500335,1610612762,110,124.4,0.59,14.2,99.5,0.648
699821d4e161b702e08a5df9,22500336,1610612761,132.3,120.9,0.579,-4.6,93.5,0.611
699821d4e161b702e08a5dfa,22500333,1610612755,100,99.8,0.518,2.1,97.5,0.543
699821d4e161b702e08a5dfb,22500337,1610612750,105.5,110.9,0.538,6.2,111,0.597
699821d4e161b702e08a5dfc,22500337,1610612740,111.6,105,0.489,-6.2,111,0.545
699821d4e161b702e08a5dfd,22500333,1610612744,102.1,100,0.483,-2.1,97.5,0.51
699821d4e161b702e08a5dfe,22500336,1610612747,127.7,127.5,0.574,4.6,93.5,0.618
699821d4e161b702e08a5dff,22500335,1610612751,124.2,107.1,0.494,-14.2,99.5,0.557
699821d4e161b702e08a5e00,22500334,1610612764,150.5,100,0.476,-48.5,98,0.532
699821d4e161b702e08a5e01,22500330,1610612745,95,118,0.555,26,100,0.596
699821d4e161b702e08a5e02,22500327,1610612746,95.8,118.8,0.551,22.7,96.5,0.588
699821d4e161b702e08a5e03,22500328,1610612752,111.8,124.1,0.545,14.8,93.5,0.596
699821d4e161b702e08a5e04,22500329,1610612751,102,111.1,0.609,9.9,101,0.644
699821d4e161b702e08a5e05,22500332,1610612742,106.9,116.5,0.593,12.3,100,0.613
699821d4e161b702e08a5e06,22500325,1610612743,120,134.4,0.693,15,100,0.715
699821d4e161b702e08a5e07,22500331,1610612749,112.4,113.9,0.567,2.9,97.5,0.619
699821d4e161b702e08a5e08,22500324,1610612757,106.8,118.3,0.518,14,102,0.597
699821d4e161b702e08a5e09,22500326,1610612753,108.6,104.3,0.5,-3.9,106,0.522
699821d4e161b702e08a5e0a,22500326,1610612759,104.7,106,0.533,3.9,106,0.561
699821d4e161b702e08a5e0b,22500324,1610612739,120.8,108.3,0.473,-14,102,0.526
699821d4e161b702e08a5e0c,22500331,1610612765,115.3,101.3,0.474,-2.9,97.5,0.516
699821d4e161b702e08a5e0d,22500325,1610612754,135,122.7,0.599,-15,100,0.64
699821d4e161b702e08a5e0e,22500332,1610612748,119.2,102,0.45,-12.3,100,0.496
699821d4e161b702e08a5e0f,22500329,1610612741,111.9,97.2,0.461,-9.9,101,0.51
699821d4e161b702e08a5e10,22500328,1610612766,126.6,103.8,0.472,-14.8,93.5,0.524
699821d4e161b702e08a5e11,22500327,1610612737,118.6,91.9,0.476,-22.7,96.5,0.505
699821d4e161b702e08a5e12,22500330,1610612758,121,92.8,0.464,-26,100,0.468
699821d4e161b702e08a5e13,22500323,1610612760,109.8,123.9,0.677,11.8,102,0.696
699821d4e161b702e08a5e14,22500318,1610612755,98.1,112.6,0.534,20.6,103,0.553
699821d4e161b702e08a5e15,22500319,1610612761,113.5,112.8,0.594,5.2,103,0.61
699821d4e161b702e08a5e16,22500322,1610612759,119,124,0.554,8.3,99.5,0.596
699821d4e161b702e08a5e17,22500320,1610612738,130,133.5,0.638,8.2,89.5,0.66
699821d4e161b702e08a5e18,22500321,1610612750,127.9,128.7,0.596,5.1,100.98,0.638
699821d4e161b702e08a5e19,22500321,1610612740,133,125.2,0.615,-5.1,100.98,0.667
699821d4e161b702e08a5e1a,22500320,1610612752,138.2,123.8,0.618,-8.2,89.5,0.633
699821d4e161b702e08a5e1b,22500322,1610612763,127.3,111.7,0.55,-8.3,99.5,0.592
699821d4e161b702e08a5e1c,22500319,1610612757,118.6,114.5,0.584,-5.2,103,0.608
699821d4e161b702e08a5e1d,22500318,1610612764,118.6,100.9,0.449,-20.6,103,0.5
699821d4e161b702e08a5e1e,22500323,1610612744,121.6,108.3,0.547,-11.8,102,0.563
699821d4e161b702e08a5e1f,22500317,1610612756,106.9,121.9,0.658,15.6,101.5,0.654
699821d4e161b702e08a5e20,22500310,1610612739,120.2,134,0.582,16.2,99,0.609
699821d4e161b702e08a5e21,22500313,1610612748,116,131.7,0.65,16,106,0.665
699821d4e161b702e08a5e22,22500316,1610612762,116.8,125.8,0.578,6.3,107.5,0.623
699821d4e161b702e08a5e23,22500314,1610612753,112.1,115.2,0.563,4.7,107,0.61
699821d4e161b702e08a5e24,22500312,1610612751,103,114.3,0.536,14.2,99.5,0.56
699821d4e161b702e08a5e25,22500309,1610612765,97,97.5,0.471,1,101,0.513
699821d4e161b702e08a5e26,22500311,1610612764,124.8,123.3,0.583,1.7,101.5,0.594
699821d4e161b702e08a5e27,22500315,1610612742,119.8,128.2,0.642,8.6,101.5,0.647
699821d4e161b702e08a5e28,22500315,1610612743,128.4,117.6,0.535,-8.6,101.5,0.566
699821d4e161b702e08a5e29,22500311,1610612749,126.5,122,0.673,-1.7,101.5,0.676
699821d4e161b702e08a5e2a,22500309,1610612737,98,96.2,0.506,-1,101,0.522
699821d4e161b702e08a5e2b,22500312,1610612766,117.2,99.1,0.518,-14.2,99.5,0.554
699821d4e161b702e08a5e2c,22500314,1610612741,116.8,110.4,0.591,-4.7,107,0.614
699821d4e161b702e08a5e2d,22500316,1610612745,123.1,115.7,0.495,-6.3,107.5,0.563
699821d4e161b702e08a5e2e,22500313,1610612746,132.1,110.4,0.495,-16,106,0.552
699821d4e161b702e08a5e2f,22500310,1610612754,136.4,117.5,0.541,-16.2,99,0.587
699821d4e161b702e08a5e30,22500317,1610612747,122.5,104.2,0.594,-15.6,101.5,0.624
699821d4e161b702e08a5e31,22500301,1610612745,99,125.8,0.592,27.5,102,0.635
699821d4e161b702e08a5e32,22500303,1610612752,96.9,120.8,0.542,21.5,97.5,0.563
699821d4e161b702e08a5e33,22500308,1610612747,122.2,130.2,0.569,12.1,99,0.638
699821d4e161b702e08a5e34,22500306,1610612750,117.9,130.6,0.661,15.1,94.5,0.674
699821d4e161b702e08a5e35,22500305,1610612760,106.5,113.8,0.544,7.4,108,0.591
699821d4e161b702e08a5e36,22500304,1610612737,104.7,108.4,0.534,6.3,105.93,0.582
699821d4e161b702e08a5e37,22500307,1610612763,104.9,108.8,0.576,7.8,102,0.601
699821d4e161b702e08a5e38,22500302,1610612738,118.6,119.7,0.58,3.3,96.5,0.624
699821d4e161b702e08a5e39,22500302,1610612739,121.9,117.7,0.564,-3.3,96.5,0.577
699821d4e161b702e08a5e3a,22500307,1610612758,112.7,105.2,0.5,-7.8,102,0.516
699821d4e161b702e08a5e3b,22500304,1610612755,110.9,104.1,0.486,-6.3,105.93,0.55
699821d4e161b702e08a5e3c,22500305,1610612757,113.9,108.2,0.483,-7.4,108,0.546
699821d4e161b702e08a5e3d,22500306,1610612759,133,117.4,0.571,-15.1,94.5,0.606
699821d4e161b702e08a5e3e,22500308,1610612740,134.3,121.2,0.577,-12.1,99,0.606
699821d4e161b702e08a5e3f,22500303,1610612761,118.4,94.5,0.483,-21.5,97.5,0.492
699821d4e161b702e08a5e40,22500301,1610612762,126.5,98.4,0.494,-27.5,102,0.534
699821d4e161b702e08a5e41,22500297,1610612749,106.5,124.1,0.619,17,93.5,0.634
699821d4e161b702e08a5e42,22500299,1610612743,120.4,140.9,0.724,19.4,93,0.763
699821d4e161b702e08a5e43,22500298,1610612744,102.1,106.3,0.473,7.3,94.5,0.511
699821d4e161b702e08a5e44,22500293,1610612750,119.8,116.9,0.62,4.2,96,0.648
699821d4e161b702e08a5e45,22500295,1610612754,101,103.2,0.534,4.1,99,0.549
699821d4e161b702e08a5e46,22500294,1610612766,109.9,114.8,0.495,8.1,91.02,0.558
699821d4e161b702e08a5e47,22500296,1610612765,121.6,122,0.651,2.7,111,0.669
699821d4e161b702e08a5e48,22500300,1610612742,104.8,106.2,0.506,4.9,104.5,0.557
699821d4e161b702e08a5e49,22500300,1610612746,109.6,103.2,0.506,-4.9,104.5,0.587
699821d4e161b702e08a5e4a,22500296,1610612748,124.3,120.4,0.58,-2.7,111,0.642
699821d4e161b702e08a5e4b,22500294,1610612761,118,105.2,0.49,-8.1,91.02,0.521
699821d4e161b702e08a5e4c,22500295,1610612741,105.1,102,0.529,-4.1,99,0.537
699821d4e161b702e08a5e4d,22500293,1610612738,124,115.5,0.552,-4.2,96,0.56
699821d4e161b702e08a5e4e,22500298,1610612740,109.5,98,0.413,-7.3,94.5,0.475
699821d4e161b702e08a5e4f,22500299,1610612756,139.8,117.4,0.523,-19.4,93,0.563
699821d4e161b702e08a5e50,22500297,1610612751,123.4,100.5,0.571,-17,93.5,0.586
699821d4e161b702e08a5e51,22500073,1610612754,85.1,114.7,0.592,33.9,100.5,0.609
699821d4e161b702e08a5e52,22500070,1610612755,105.1,115.2,0.551,11.1,98.5,0.594
699821d4e161b702e08a5e53,22500075,1610612760,112.3,115.7,0.569,3.8,106,0.619
699821d4e161b702e08a5e54,22500077,1610612762,115.5,122.4,0.557,8.7,103,0.612
699821d4e161b702e08a5e55,22500078,1610612747,124,133.8,0.711,11.8,95.5,0.738
699821d4e161b702e08a5e56,22500069,1610612737,115,117.7,0.615,6.5,107,0.635
699821d4e161b702e08a5e57,22500079,1610612763,109.2,114.7,0.54,3.9,98.5,0.573
699821d4e161b702e08a5e58,22500074,1610612752,117.2,121,0.536,8.3,93.5,0.599
699821d4e161b702e08a5e59,22500076,1610612759,136,132.3,0.58,0.3,101,0.643
699821d4e161b702e08a5e5a,22500071,1610612766,109.4,110.3,0.531,5.5,106.5,0.572
699821d4e161b702e08a5e5b,22500072,1610612753,104.8,100.8,0.438,1.9,104.5,0.504
699821d4e161b702e08a5e5c,22500072,1610612765,106.7,101.3,0.506,-1.9,104.5,0.558
699821d4e161b702e08a5e5d,22500071,1610612741,115,108.6,0.515,-5.5,106.5,0.548
699821d4e161b702e08a5e5e,22500076,1610612743,136.3,126.9,0.615,-0.3,101,0.653
699821d4e161b702e08a5e5f,22500074,1610612749,125.5,118.5,0.648,-8.3,93.5,0.665
699821d4e161b702e08a5e60,22500079,1610612746,113.1,103.6,0.494,-3.9,98.5,0.545
699821d4e161b702e08a5e61,22500069,1610612739,121.5,115.2,0.553,-6.5,107,0.592
699821d4e161b702e08a5e62,22500078,1610612742,135.8,122.9,0.56,-11.8,95.5,0.596
699821d4e161b702e08a5e63,22500077,1610612758,124.3,111.1,0.5,-8.7,103,0.541
699821d4e161b702e08a5e64,22500075,1610612756,116,108.6,0.538,-3.8,106,0.58
699821d4e161b702e08a5e65,22500070,1610612751,116.2,102.5,0.476,-11.1,98.5,0.534
699821d4e161b702e08a5e66,22500073,1610612764,119,87,0.435,-33.9,100.5,0.463
699821d4e161b702e08a5e67,22500061,1610612752,104.1,125.3,0.642,27.5,97.5,0.672
699821d4e161b702e08a5e68,22500067,1610612759,101,113.9,0.46,11.8,101.5,0.513
699821d4e161b702e08a5e69,22500064,1610612760,106.1,112.2,0.519,6.9,99.5,0.584
699821d4e161b702e08a5e6a,22500062,1610612748,103,107.3,0.518,0.9,101,0.565
699821d4e161b702e08a5e6b,22500068,1610612756,103.1,112.2,0.538,12.4,97,0.561
699821d4e161b702e08a5e6c,22500065,1610612763,117.4,123,0.624,3.5,99.17,0.645
699821d4e161b702e08a5e6d,22500066,1610612744,114.3,106.1,0.5,-4.4,91,0.548
699821d4e161b702e08a5e6e,22500060,1610612738,117.5,118.7,0.552,3.1,97,0.6
699821d4e161b702e08a5e6f,22500063,1610612761,94.1,94.3,0.417,2,101,0.476
699821d4e161b702e08a5e70,22500063,1610612754,96,92.1,0.519,-2,101,0.539
699821d4e161b702e08a5e71,22500060,1610612765,120.6,113.1,0.457,-3.1,97,0.524
699821d4e161b702e08a5e72,22500066,1610612745,109.9,110,0.449,4.4,91,0.475
699821d4e161b702e08a5e73,22500065,1610612740,120.9,115.9,0.589,-3.5,99.17,0.607
699821d4e161b702e08a5e74,22500068,1610612758,115.5,99.6,0.535,-12.4,97,0.553
699821d4e161b702e08a5e75,22500062,1610612749,103.9,98.9,0.495,-0.9,101,0.509
699821d4e161b702e08a5e76,22500064,1610612750,113,104.7,0.519,-6.9,99.5,0.545
699821d4e161b702e08a5e77,22500067,1610612757,112.7,96,0.477,-11.8,101.5,0.509
699821d4e161b702e08a5e78,22500061,1610612766,131.6,97.5,0.488,-27.5,97.5,0.528
699821d4e161b702e08a5e79,22500058,1610612753,96.3,130.5,0.599,40.9,106,0.635
699821d4e161b702e08a5e7a,22500057,1610612764,109.7,128.9,0.685,18.4,103,0.692
699821d4e161b702e08a5e7b,22500059,1610612747,124.2,138.5,0.649,15,96,0.686
699821d4e161b702e08a5e7c,22500059,1610612746,139.2,117.3,0.599,-15,96,0.644
699821d4e161b702e08a5e7d,22500057,1610612737,128.2,105.6,0.532,-18.4,103,0.554
699821d4e161b702e08a5e7e,22500058,1610612755,137.1,98.4,0.506,-40.9,106,0.562
699821d4e161b702e08a5e7f,22500290,1610612745,96.8,114.6,0.563,25.7,94,0.597
699821d4e161b702e08a5e80,22500285,1610612752,107.5,121.3,0.58,12.7,93.5,0.6
699821d4e161b702e08a5e81,22500288,1610612757,104,117.9,0.57,12.1,99,0.615
699821d4e161b702e08a5e82,22500291,1610612744,110.4,126.5,0.582,16,106,0.599
699821d4e161b702e08a5e83,22500292,1610612758,101.8,106.1,0.469,4.5,99.62,0.535
699821d4e161b702e08a5e84,22500289,1610612740,117.1,125,0.572,14.1,110,0.599
699821d4e161b702e08a5e85,22500286,1610612748,100,101.4,0.473,5,101.5,0.507
699821d4e161b702e08a5e86,22500283,1610612765,115.8,118.1,0.554,3.8,101.5,0.608
699821d4e161b702e08a5e87,22500284,1610612761,98,105.9,0.544,9.8,101.5,0.562
699821d4e161b702e08a5e88,22500287,1610612743,117.3,128.7,0.626,11.5,97.5,0.643
699821d4e161b702e08a5e89,22500287,1610612763,128.9,115.5,0.548,-11.5,97.5,0.577
699821d4e161b702e08a5e8a,22500284,1610612739,107.8,98.3,0.494,-9.8,101.5,0.534
699821d4e161b702e08a5e8b,22500283,1610612754,119.6,111.5,0.555,-3.8,101.5,0.603
699821d4e161b702e08a5e8c,22500286,1610612742,105,97.1,0.454,-5,101.5,0.49
699821d4e161b702e08a5e8d,22500289,1610612741,131.2,119.2,0.646,-14.1,110,0.677
699821d4e161b702e08a5e8e,22500292,1610612750,106.4,104,0.479,-4.5,99.62,0.525
699821d4e161b702e08a5e8f,22500291,1610612762,126.4,109.4,0.53,-16,106,0.547
699821d4e161b702e08a5e90,22500288,1610612749,116.2,104.1,0.517,-12.1,99,0.548
699821d4e161b702e08a5e91,22500285,1610612751,120.2,103.8,0.46,-12.7,93.5,0.503
699821d4e161b702e08a5e92,22500290,1610612756,122.6,95.5,0.494,-25.7,94,0.521
699821d4e161b702e08a5e93,22500280,1610612760,97.9,125.6,0.618,27.8,97,0.641
699821d4e161b702e08a5e94,22500278,1610612739,109.4,117.9,0.615,14.3,96.5,0.626
699821d4e161b702e08a5e95,22500281,1610612756,106.3,112.1,0.515,7,97,0.533
699821d4e161b702e08a5e96,22500275,1610612748,110.4,119.6,0.546,9.4,106,0.571
699821d4e161b702e08a5e97,22500279,1610612761,116,119.3,0.554,9.3,94.5,0.615
699821d4e161b702e08a5e98,22500277,1610612738,133,144.2,0.688,9.3,97,0.706
699821d4e161b702e08a5e99,22500282,1610612747,102.9,101,0.5,3,102.5,0.552
699821d4e161b702e08a5e9a,22500276,1610612737,115.8,116.4,0.555,3.2,95,0.576
699821d4e161b702e08a5e9b,22500276,1610612766,118.9,108.1,0.535,-3.2,95,0.58
699821d4e161b702e08a5e9c,22500282,1610612762,105.9,100.1,0.495,-3,102.5,0.52
699821d4e161b702e08a5e9d,22500277,1610612753,142.3,128.3,0.55,-9.3,97,0.583
699821d4e161b702e08a5e9e,22500279,1610612751,125.3,111.6,0.547,-9.3,94.5,0.615
699821d4e161b702e08a5e9f,22500275,1610612755,119.8,110,0.52,-9.4,106,0.55
699821d4e161b702e08a5ea0,22500281,1610612759,113.3,105.2,0.481,-7,97,0.555
699821d4e161b702e08a5ea1,22500278,1610612746,123.7,110,0.513,-14.3,96.5,0.574
699821d4e161b702e08a5ea2,22500280,1610612757,125.8,92.9,0.435,-27.8,97,0.469
699821d4e161b702e08a5ea3,22500270,1610612737,101,120.6,0.561,15.1,98,0.585
699821d4e161b702e08a5ea4,22500273,1610612763,103.2,110.2,0.446,6.5,93,0.497
699821d4e161b702e08a5ea5,22500274,1610612758,126.8,129.1,0.582,6.5,96.5,0.633
699821d4e161b702e08a5ea6,22500268,1610612746,120.8,131.6,0.617,14.2,96.5,0.651
699821d4e161b702e08a5ea7,22500272,1610612765,116,127,0.731,14.3,99.5,0.728
699821d4e161b702e08a5ea8,22500269,1610612753,119.8,131.4,0.629,13.2,100.5,0.677
699821d4e161b702e08a5ea9,22500271,1610612764,114.2,114.5,0.542,0.1,105.5,0.573
699821d4e161b702e08a5eaa,22500271,1610612741,114.3,113.9,0.48,-0.1,105.5,0.534
699821d4e161b702e08a5eab,22500269,1610612752,133,121.8,0.627,-13.2,100.5,0.663
699821d4e161b702e08a5eac,22500272,1610612749,130.3,115.7,0.631,-14.3,99.5,0.65
699821d4e161b702e08a5ead,22500268,1610612766,135.1,120.3,0.547,-14.2,96.5,0.601
699821d4e161b702e08a5eae,22500274,1610612743,133.3,118.1,0.565,-6.5,96.5,0.602
699821d4e161b702e08a5eaf,22500273,1610612742,109.7,98.9,0.451,-6.5,93,0.49
699821d4e161b702e08a5eb0,22500270,1610612740,116.2,98.4,0.464,-15.1,98,0.518
699821d4e161b702e08a5eb1,22500051,1610612748,97.3,125,0.54,35.1,109,0.599
699821d4e161b702e08a5eb2,22500050,1610612761,105.8,137,0.663,27.6,104.54,0.699
699821d4e161b702e08a5eb3,22500055,1610612760,107.7,137.1,0.753,30.8,104,0.766
699821d4e161b702e08a5eb4,22500054,1610612743,116,121.9,0.599,3.2,94,0.637
699821d4e161b702e08a5eb5,22500049,1610612751,108.2,115,0.604,8.2,97,0.619
699821d4e161b702e08a5eb6,22500048,1610612739,106.9,119,0.556,8.5,103,0.595
699821d4e161b702e08a5eb7,22500053,1610612756,108.7,106.8,0.568,2,103.5,0.608
699821d4e161b702e08a5eb8,22500052,1610612742,108.5,112,0.571,2.8,106,0.613
699821d4e161b702e08a5eb9,22500056,1610612757,121.8,124.4,0.568,2.7,101.5,0.622
699821d4e161b702e08a5eba,22500056,1610612744,124.5,121.5,0.584,-2.7,101.5,0.639
699821d4e161b702e08a5ebb,22500052,1610612740,111.3,105.9,0.5,-2.8,106,0.55
699821d4e161b702e08a5ebc,22500053,1610612750,110.7,104.1,0.523,-2,103.5,0.562
699821d4e161b702e08a5ebd,22500048,1610612754,115.4,106.4,0.483,-8.5,103,0.548
699821d4e161b702e08a5ebe,22500049,1610612738,116.5,110.3,0.528,-8.2,97,0.546
699821d4e161b702e08a5ebf,22500054,1610612745,119.1,109.2,0.516,-3.2,94,0.535
699821d4e161b702e08a5ec0,22500055,1610612762,138.5,106.1,0.582,-30.8,104,0.625
699821d4e161b702e08a5ec1,22500050,1610612764,133.3,102.3,0.523,-27.6,104.54,0.57
699821d4e161b702e08a5ec2,22500051,1610612741,132.4,95.3,0.478,-35.1,109,0.523
699821d4e161b702e08a5ec3,22500265,1610612763,96,127.5,0.591,41,100,0.62
699821d4e161b702e08a5ec4,22500264,1610612753,96.2,124.6,0.574,26.7,105,0.617
699821d4e161b702e08a5ec5,22500267,1610612759,123.5,128.3,0.621,7.5,102.5,0.648
699821d4e161b702e08a5ec6,22500266,1610612755,104.6,110.4,0.526,9.3,98.26,0.567
699821d4e161b702e08a5ec7,22500266,1610612749,113.9,104.9,0.565,-9.3,98.26,0.583
699821d4e161b702e08a5ec8,22500267,1610612737,131.1,122.7,0.678,-7.5,102.5,0.679
699821d4e161b702e08a5ec9,22500264,1610612746,122.9,93.2,0.483,-26.7,105,0.519
699821d4e161b702e08a5eca,22500265,1610612758,137,96.4,0.531,-41,100,0.554
699821d4e161b702e08a5ecb,22500257,1610612748,90.6,102.4,0.474,13.2,106,0.512
699821d4e161b702e08a5ecc,22500261,1610612760,96.1,107.5,0.523,12.5,103.5,0.576
699821d4e161b702e08a5ecd,22500256,1610612754,118,125.6,0.635,9,100,0.668
699821d4e161b702e08a5ece,22500255,1610612745,107.2,115.3,0.506,10.3,97,0.559
699821d4e161b702e08a5ecf,22500259,1610612750,112.4,121.1,0.516,10.1,97.5,0.555
699821d4e161b702e08a5ed0,22500258,1610612761,114.3,119.1,0.601,9.2,98,0.64
699821d4e161b702e08a5ed1,22500260,1610612743,109.3,118.1,0.62,7.6,107.5,0.659
699821d4e161b702e08a5ed2,22500262,1610612752,109.9,111.4,0.505,-0.2,102,0.521
699821d4e161b702e08a5ed3,22500263,1610612741,112,109.8,0.589,3.1,107,0.597
699821d4e161b702e08a5ed4,22500263,1610612757,115.1,108.9,0.467,-3.1,107,0.5
699821d4e161b702e08a5ed5,22500262,1610612742,109.7,104.5,0.506,0.2,102,0.565
699821d4e161b702e08a5ed6,22500260,1610612740,116.8,110.7,0.485,-7.6,107.5,0.528
699821d4e161b702e08a5ed7,22500258,1610612755,123.5,112.1,0.552,-9.2,98,0.59
699821d4e161b702e08a5ed8,22500259,1610612764,122.4,110.9,0.568,-10.1,97.5,0.584
699821d4e161b702e08a5ed9,22500255,1610612739,117.5,107.1,0.519,-10.3,97,0.547
699821d4e161b702e08a5eda,22500256,1610612766,127,109.6,0.463,-9,100,0.506
699821d4e161b702e08a5edb,22500261,1610612758,108.7,96.9,0.488,-12.5,103.5,0.515
699821d4e161b702e08a5edc,22500257,1610612744,103.8,89.9,0.426,-13.2,106,0.462
699821d4e161b702e08a5edd,22500250,1610612738,104.2,117.2,0.62,14.7,95,0.654
699821d4e161b702e08a5ede,22500251,1610612765,112,118.2,0.602,5.6,101,0.641
699821d4e161b702e08a5edf,22500254,1610612756,104.8,117.9,0.551,16.2,105,0.59
699821d4e161b702e08a5ee0,22500253,1610612747,118.9,130.1,0.661,12,106.5,0.689
699821d4e161b702e08a5ee1,22500249,1610612753,110.8,118.9,0.553,5.6,103,0.619
699821d4e161b702e08a5ee2,22500252,1610612759,104.1,113.6,0.575,10.3,97,0.599
699821d4e161b702e08a5ee3,22500252,1610612763,114.4,100,0.462,-10.3,97,0.468
699821d4e161b702e08a5ee4,22500249,1610612744,116.3,110.4,0.583,-5.6,103,0.626
699821d4e161b702e08a5ee5,22500253,1610612762,130.8,114.6,0.592,-12,106.5,0.631
699821d4e161b702e08a5ee6,22500254,1610612757,121,99.3,0.485,-16.2,105,0.52
699821d4e161b702e08a5ee7,22500251,1610612737,117.6,110.2,0.569,-5.6,101,0.598
699821d4e161b702e08a5ee8,22500250,1610612751,118.9,103.3,0.488,-14.7,95,0.527
699821d4e161b702e08a5ee9,22500246,1610612750,88.9,108.1,0.526,21.2,108.5,0.556
699821d4e161b702e08a5eea,22500242,1610612765,108.7,121.9,0.597,14.6,103,0.627
699821d4e161b702e08a5eeb,22500247,1610612760,109,120.8,0.592,17,100,0.634
699821d4e161b702e08a5eec,22500241,1610612739,105,115.4,0.652,11.9,101,0.669
699821d4e161b702e08a5eed,22500243,1610612755,113.7,113.2,0.53,2.1,95,0.566
699821d4e161b702e08a5eee,22500248,1610612741,119.8,122.2,0.564,5.2,105,0.589
699821d4e161b702e08a5eef,22500244,1610612752,108.5,102.2,0.505,-0.9,105.5,0.54
699821d4e161b702e08a5ef0,22500245,1610612761,103.8,105.7,0.557,4,103,0.579
699821d4e161b702e08a5ef1,22500245,1610612766,107.8,105.7,0.483,-4,103,0.539
699821d4e161b702e08a5ef2,22500244,1610612748,107.6,101.1,0.515,0.9,105.5,0.539
699821d4e161b702e08a5ef3,22500248,1610612743,125,123.3,0.546,-5.2,105,0.588
699821d4e161b702e08a5ef4,22500243,1610612746,115.8,107.1,0.471,-2.1,95,0.546
699821d4e161b702e08a5ef5,22500241,1610612749,116.8,98.5,0.511,-11.9,101,0.532
699821d4e161b702e08a5ef6,22500247,1610612740,126,106.2,0.558,-17,100,0.589
699821d4e161b702e08a5ef7,22500242,1610612754,123.3,106.9,0.47,-14.6,103,0.539
699821d4e161b702e08a5ef8,22500246,1610612742,110.1,88.4,0.453,-21.2,108.5,0.487
699821d4e161b702e08a5ef9,22500235,1610612751,108.2,126,0.639,22.1,98.5,0.683
699821d4e161b702e08a5efa,22500234,1610612759,108.9,121.9,0.621,10.5,102,0.648
699821d4e161b702e08a5efb,22500238,1610612742,118.8,120.4,0.584,4.5,101.43,0.613
699821d4e161b702e08a5efc,22500237,1610612744,101.9,116.5,0.585,18.5,103.5,0.611
699821d4e161b702e08a5efd,22500239,1610612737,119.6,119.7,0.612,2,102,0.649
699821d4e161b702e08a5efe,22500240,1610612741,120,115.7,0.542,-3.3,103.86,0.602
699821d4e161b702e08a5eff,22500236,1610612745,106.6,107.6,0.46,4.8,95.55,0.519
699821d4e161b702e08a5f00,22500233,1610612746,128.7,120.2,0.556,-3.2,94,0.626
699821d4e161b702e08a5f01,22500233,1610612738,125.5,125.4,0.524,3.2,94,0.548
699821d4e161b702e08a5f02,22500236,1610612753,111.4,107.7,0.484,-4.8,95.55,0.533
699821d4e161b702e08a5f03,22500240,1610612762,116.7,119,0.523,3.3,103.86,0.581
699821d4e161b702e08a5f04,22500239,1610612756,121.6,114.7,0.536,-2,102,0.579
699821d4e161b702e08a5f05,22500237,1610612740,120.4,104.2,0.506,-18.5,103.5,0.553
699821d4e161b702e08a5f06,22500238,1610612757,123.2,113.6,0.469,-4.5,101.43,0.523
699821d4e161b702e08a5f07,22500234,1610612758,119.4,106.1,0.54,-10.5,102,0.569
699821d4e161b702e08a5f08,22500235,1610612764,130.3,103.2,0.512,-22.1,98.5,0.566
699821d4e161b702e08a5f09,22500231,1610612747,96,122,0.578,26.7,98,0.65
699821d4e161b702e08a5f0a,22500230,1610612761,102.8,115.7,0.592,17.8,107.5,0.611
699821d4e161b702e08a5f0b,22500229,1610612760,100,115.5,0.567,13.5,96,0.584
699821d4e161b702e08a5f0c,22500232,1610612743,109.8,119.7,0.554,9.6,102.5,0.617
699821d4e161b702e08a5f0d,22500228,1610612739,94.3,102.1,0.536,8.5,105.5,0.564
699821d4e161b702e08a5f0e,22500228,1610612763,102.9,92.9,0.413,-8.5,105.5,0.483
699821d4e161b702e08a5f0f,22500232,1610612750,119.4,108.6,0.523,-9.6,102.5,0.571
699821d4e161b702e08a5f10,22500229,1610612766,113.5,94,0.469,-13.5,96,0.484
699821d4e161b702e08a5f11,22500230,1610612754,120.6,102.9,0.511,-17.8,107.5,0.561
699821d4e161b702e08a5f12,22500231,1610612749,122.7,99.4,0.494,-26.7,98,0.525
699821d4e161b702e08a5f13,22500042,1610612745,116,138.9,0.58,22.6,100.5,0.61
699821d4e161b702e08a5f14,22500045,1610612747,99,114.1,0.583,15.5,104,0.618
699821d4e161b702e08a5f15,22500041,1610612765,105,113,0.538,10.2,99.5,0.57
699821d4e161b702e08a5f16,22500044,1610612750,104.8,114.2,0.558,14.5,104.5,0.598
699821d4e161b702e08a5f17,22500043,1610612749,119.6,131.6,0.765,15.2,100.08,0.776
699821d4e161b702e08a5f18,22500047,1610612759,112.4,104.5,0.541,-2.2,97.5,0.578
699821d4e161b702e08a5f19,22500046,1610612746,102.4,104.9,0.542,4,103.03,0.6
699821d4e161b702e08a5f1a,22500040,1610612753,106.5,105.8,0.558,7.6,92,0.602
699821d4e161b702e08a5f1b,22500039,1610612752,129.4,133.6,0.563,7.8,102,0.6
699821d4e161b702e08a5f1c,22500039,1610612748,137.3,124.6,0.563,-7.8,102,0.6
699821d4e161b702e08a5f1d,22500040,1610612751,114.1,102,0.483,-7.6,92,0.51
699821d4e161b702e08a5f1e,22500046,1610612742,106.4,97.9,0.495,-4,103.03,0.549
699821d4e161b702e08a5f1f,22500047,1610612744,110.2,111.3,0.517,2.2,97.5,0.557
699821d4e161b702e08a5f20,22500043,1610612766,134.9,117.8,0.566,-15.2,100.08,0.605
699821d4e161b702e08a5f21,22500044,1610612758,119.2,102.9,0.505,-14.5,104.5,0.524
699821d4e161b702e08a5f22,22500041,1610612755,115.2,106.5,0.511,-10.2,99.5,0.543
699821d4e161b702e08a5f23,22500045,1610612740,114.6,99.1,0.506,-15.5,104,0.537
699821d4e161b702e08a5f24,22500042,1610612757,138.6,110.6,0.545,-22.6,100.5,0.575
699821d4e161b702e08a5f25,22500226,1610612756,100,135.9,0.653,35.7,98,0.686
699821d4e161b702e08a5f26,22500225,1610612761,116.5,127.9,0.625,13.4,97,0.66
699821d4e161b702e08a5f27,22500227,1610612737,113,121.5,0.644,9.3,108,0.662
699821d4e161b702e08a5f28,22500227,1610612762,122.2,109.7,0.592,-9.3,108,0.603
699821d4e161b702e08a5f29,22500225,1610612739,129.9,112.5,0.505,-13.4,97,0.552
699821d4e161b702e08a5f2a,22500226,1610612754,135.7,101.3,0.403,-35.7,98,0.486
699821d4e161b702e08a5f2b,22500223,1610612737,92.6,122.4,0.676,29.4,108.5,0.702
699821d4e161b702e08a5f2c,22500216,1610612738,99,134.7,0.611,37.5,96,0.628
699821d4e161b702e08a5f2d,22500222,1610612760,89.3,117.3,0.568,29.3,102.5,0.617
699821d4e161b702e08a5f2e,22500218,1610612745,112,137.6,0.62,24.4,99.5,0.636
699821d4e161b702e08a5f2f,22500215,1610612753,105.9,119.8,0.558,15.6,101.5,0.617
699821d4e161b702e08a5f30,22500224,1610612743,118.4,129.5,0.601,15.7,97.5,0.654
699821d4e161b702e08a5f31,22500217,1610612739,107.4,112.4,0.5,13,108,0.553
699821d4e161b702e08a5f32,22500214,1610612765,106.6,118.1,0.628,11.5,105.5,0.639
699821d4e161b702e08a5f33,22500213,1610612766,107.5,112.3,0.512,10.6,93.5,0.567
699821d4e161b702e08a5f34,22500219,1610612757,123.2,132.3,0.657,7.1,95.5,0.691
699821d4e161b702e08a5f35,22500220,1610612744,113.2,114.8,0.547,3.6,106.5,0.62
699821d4e161b702e08a5f36,22500221,1610612756,108.6,116.7,0.537,8.6,105,0.578
699821d4e161b702e08a5f37,22500221,1610612742,117.1,107.1,0.599,-8.6,105,0.61
699821d4e161b702e08a5f38,22500220,1610612759,116.8,111.1,0.564,-3.6,106.5,0.594
699821d4e161b702e08a5f39,22500219,1610612740,130.2,122.8,0.544,-7.1,95.5,0.584
699821d4e161b702e08a5f3a,22500213,1610612749,118.1,107.9,0.523,-10.6,93.5,0.534
699821d4e161b702e08a5f3b,22500214,1610612741,118.1,105.3,0.547,-11.5,105.5,0.575
699821d4e161b702e08a5f3c,22500217,1610612748,120.4,103.8,0.559,-13,108,0.582
699821d4e161b702e08a5f3d,22500224,1610612746,134,120.4,0.583,-15.7,97.5,0.628
699821d4e161b702e08a5f3e,22500215,1610612752,121.6,104.8,0.506,-15.6,101.5,0.545
699821d4e161b702e08a5f3f,22500218,1610612764,136.4,111.6,0.538,-24.4,99.5,0.558
699821d4e161b702e08a5f40,22500222,1610612747,118.6,91.7,0.474,-29.3,102.5,0.515
699821d4e161b702e08a5f41,22500216,1610612763,136.5,93.7,0.389,-37.5,96,0.446
699821d4e161b702e08a5f42,22500223,1610612758,122,90.2,0.467,-29.4,108.5,0.5
699821d4e161b702e08a5f43,22500210,1610612760,100,118.2,0.602,24.8,101.5,0.652
699821d4e161b702e08a5f44,22500211,1610612762,125.5,138.9,0.658,22.1,102.5,0.708
699821d4e161b702e08a5f45,22500207,1610612761,113.5,121.4,0.544,9.1,96.5,0.583
699821d4e161b702e08a5f46,22500212,1610612743,112.5,127.2,0.587,13.3,96.5,0.623
699821d4e161b702e08a5f47,22500208,1610612752,108.1,119,0.592,12.8,110.5,0.623
699821d4e161b702e08a5f48,22500209,1610612755,106.4,109.3,0.512,2.1,94,0.552
699821d4e161b702e08a5f49,22500209,1610612738,108.5,101.7,0.462,-2.1,94,0.498
699821d4e161b702e08a5f4a,22500208,1610612763,120.9,107.6,0.595,-12.8,110.5,0.635
699821d4e161b702e08a5f4b,22500212,1610612758,125.8,112.4,0.541,-13.3,96.5,0.568
699821d4e161b702e08a5f4c,22500207,1610612751,122.7,107.8,0.481,-9.1,96.5,0.573
699821d4e161b702e08a5f4d,22500211,1610612754,147.6,122.2,0.515,-22.1,102.5,0.573
699821d4e161b702e08a5f4e,22500210,1610612744,124.8,100.2,0.534,-24.8,101.5,0.588
699821d4e161b702e08a5f4f,22500204,1610612756,100,121.4,0.622,21,99,0.66
699821d4e161b702e08a5f50,22500200,1610612753,114.3,110.6,0.494,1.9,98.5,0.564
699821d4e161b702e08a5f51,22500201,1610612748,122.1,118.6,0.531,-0.4,103.25,0.603
699821d4e161b702e08a5f52,22500205,1610612750,111.9,113.9,0.528,4.6,102,0.592
699821d4e161b702e08a5f53,22500202,1610612759,111.4,116.5,0.57,4.9,104.5,0.618
699821d4e161b702e08a5f54,22500198,1610612747,118.1,123.7,0.578,9.3,94.5,0.612
699821d4e161b702e08a5f55,22500206,1610612737,110.9,107.4,0.53,0.8,93,0.566
699821d4e161b702e08a5f56,22500199,1610612765,116.4,115.4,0.469,2.8,104.6,0.524
699821d4e161b702e08a5f57,22500203,1610612749,109.6,108.4,0.527,1.9,104,0.569
699821d4e161b702e08a5f58,22500203,1610612742,111.5,107.5,0.466,-1.9,104,0.533
699821d4e161b702e08a5f59,22500199,1610612764,119.1,116.9,0.605,-2.8,104.6,0.634
699821d4e161b702e08a5f5a,22500206,1610612746,111.7,108.5,0.512,-0.8,93,0.548
699821d4e161b702e08a5f5b,22500198,1610612766,127.4,117.2,0.641,-9.3,94.5,0.688
699821d4e161b702e08a5f5c,22500202,1610612741,116.3,111.3,0.527,-4.9,104.5,0.567
699821d4e161b702e08a5f5d,22500205,1610612762,116.5,108.1,0.489,-4.6,102,0.535
699821d4e161b702e08a5f5e,22500201,1610612739,121.7,119.1,0.496,0.4,103.25,0.523
699821d4e161b702e08a5f5f,22500200,1610612757,116.2,111.5,0.517,-1.9,98.5,0.552
699821d4e161b702e08a5f60,22500204,1610612740,121,98.6,0.47,-21,99,0.519
699821d4e161b702e08a5f61,22500196,1610612744,83,110.4,0.5,29.9,100.5,0.547
699821d4e161b702e08a5f62,22500192,1610612752,102.1,134.8,0.635,39,95.5,0.667
699821d4e161b702e08a5f63,22500197,1610612750,110.4,131.4,0.629,25.5,106,0.669
699821d4e161b702e08a5f64,22500194,1610612760,101,110.2,0.484,13,99.5,0.536
699821d4e161b702e08a5f65,22500191,1610612745,118.6,125.5,0.589,8.5,96.5,0.615
699821d4e161b702e08a5f66,22500195,1610612765,109.1,109.6,0.555,1.9,99.5,0.588
699821d4e161b702e08a5f67,22500193,1610612753,115.6,110.2,0.494,-3,95.5,0.581
699821d4e161b702e08a5f68,22500193,1610612738,112.6,114.4,0.547,3,95.5,0.578
699821d4e161b702e08a5f69,22500195,1610612755,111,103.5,0.5,-1.9,99.5,0.561
699821d4e161b702e08a5f6a,22500191,1610612749,127.1,120.3,0.639,-8.5,96.5,0.642
699821d4e161b702e08a5f6b,22500194,1610612763,114,98.1,0.478,-13,99.5,0.505
699821d4e161b702e08a5f6c,22500197,1610612758,135.8,106.7,0.517,-25.5,106,0.564
699821d4e161b702e08a5f6d,22500192,1610612751,141.1,101.5,0.488,-39,95.5,0.529
699821d4e161b702e08a5f6e,22500196,1610612754,112.9,77.7,0.399,-29.9,100.5,0.42
699821d4e161b702e08a5f6f,22500189,1610612743,95.2,110.3,0.527,19.5,103.5,0.567
699821d4e161b702e08a5f70,22500185,1610612737,103,119.8,0.602,21.5,98.5,0.623
699821d4e161b702e08a5f71,22500183,1610612742,101.9,107.6,0.484,5.8,103,0.523
699821d4e161b702e08a5f72,22500187,1610612748,115.9,118.4,0.563,4.4,113,0.608
699821d4e161b702e08a5f73,22500184,1610612755,117.6,121.1,0.563,9.8,102,0.6
699821d4e161b702e08a5f74,22500188,1610612759,119,126.1,0.611,7,100,0.643
699821d4e161b702e08a5f75,22500190,1610612756,115.7,122.3,0.578,10.9,89.5,0.618
699821d4e161b702e08a5f76,22500186,1610612741,125.5,117.5,0.53,-7,102.5,0.611
699821d4e161b702e08a5f77,22500186,1610612739,118.4,122.6,0.58,7,102.5,0.607
699821d4e161b702e08a5f78,22500190,1610612746,126.7,113.3,0.597,-10.9,89.5,0.606
699821d4e161b702e08a5f79,22500188,1610612740,126,116.1,0.559,-7,100,0.586
699821d4e161b702e08a5f7a,22500184,1610612761,127.5,116.1,0.544,-9.8,102,0.586
699821d4e161b702e08a5f7b,22500187,1610612757,120.4,111.9,0.514,-4.4,113,0.55
699821d4e161b702e08a5f7c,22500183,1610612764,107.8,99.9,0.478,-5.8,103,0.53
699821d4e161b702e08a5f7d,22500185,1610612747,124.5,105.4,0.531,-21.5,98.5,0.568
699821d4e161b702e08a5f7e,22500189,1610612754,114.7,96.2,0.398,-19.5,103.5,0.463
699821d4e161b702e08a5f7f,22500036,1610612750,91.5,127,0.665,36.5,106.5,0.686
699821d4e161b702e08a5f80,22500038,1610612760,97.1,126.2,0.61,28.6,104.5,0.65
699821d4e161b702e08a5f81,22500031,1610612765,108.1,124.8,0.612,16.9,99.5,0.636
699821d4e161b702e08a5f82,22500037,1610612743,108.3,135.8,0.659,26,96,0.694
699821d4e161b702e08a5f83,22500029,1610612739,110.6,136.2,0.564,30.4,104.5,0.599
699821d4e161b702e08a5f84,22500033,1610612748,103.8,117.6,0.576,13.9,105.5,0.599
699821d4e161b702e08a5f85,22500028,1610612753,111.1,123.4,0.604,13.1,99,0.643
699821d4e161b702e08a5f86,22500032,1610612759,111.1,116.3,0.563,8.7,100,0.617
699821d4e161b702e08a5f87,22500030,1610612761,96,106.9,0.473,11.9,101,0.534
699821d4e161b702e08a5f88,22500034,1610612763,104,112,0.559,12.8,100.5,0.606
699821d4e161b702e08a5f89,22500035,1610612749,103.8,116.8,0.544,15.1,106,0.568
699821d4e161b702e08a5f8a,22500035,1610612741,118.9,106.8,0.544,-15.1,106,0.567
699821d4e161b702e08a5f8b,22500034,1610612742,116.8,100.9,0.547,-12.8,100.5,0.559
699821d4e161b702e08a5f8c,22500030,1610612737,107.9,91.4,0.391,-11.9,101,0.457
699821d4e161b702e08a5f8d,22500032,1610612745,119.8,108.7,0.535,-8.7,100,0.584
699821d4e161b702e08a5f8e,22500028,1610612738,124.2,105.7,0.521,-13.1,99,0.539
699821d4e161b702e08a5f8f,22500033,1610612766,117.8,100.1,0.433,-13.9,105.5,0.496
699821d4e161b702e08a5f90,22500029,1610612764,141,109.4,0.533,-30.4,104.5,0.569
699821d4e161b702e08a5f91,22500037,1610612744,134.4,107.7,0.484,-26,96,0.512
699821d4e161b702e08a5f92,22500031,1610612751,125,103.4,0.531,-16.9,99.5,0.585
699821d4e161b702e08a5f93,22500038,1610612758,125.7,93.9,0.495,-28.6,104.5,0.512
699821d4e161b702e08a5f94,22500036,1610612762,128,90.7,0.42,-36.5,106.5,0.462
699821d4e161b702e08a5f95,22500182,1610612756,105.2,113.5,0.549,15.9,96,0.573
699821d4e161b702e08a5f96,22500182,1610612746,121.1,106,0.506,-15.9,96,0.553
699821d4e161b702e08a5f97,22500174,1610612738,107,137,0.632,31.8,99,0.652
699821d4e161b702e08a5f98,22500175,1610612752,118.8,138.4,0.632,22.5,96.5,0.646
699821d4e161b702e08a5f99,22500171,1610612739,116.3,126.3,0.63,9.4,104.5,0.663
699821d4e161b702e08a5f9a,22500176,1610612745,103.8,116,0.54,14.3,105,0.569
699821d4e161b702e08a5f9b,22500181,1610612758,109.4,114.7,0.56,3.7,106.5,0.62
699821d4e161b702e08a5f9c,22500178,1610612743,105.7,111.6,0.48,9.4,106,0.538
699821d4e161b702e08a5f9d,22500172,1610612765,102,113.2,0.555,12,100.5,0.566
699821d4e161b702e08a5f9e,22500173,1610612751,102,106.3,0.5,10,100.5,0.552
699821d4e161b702e08a5f9f,22500179,1610612747,114.9,113.1,0.506,3.1,100.5,0.576
699821d4e161b702e08a5fa0,22500177,1610612740,100,101,0.484,1,99.5,0.515
699821d4e161b702e08a5fa1,22500180,1610612757,110.2,110.9,0.517,1.9,108,0.593
699821d4e161b702e08a5fa2,22500180,1610612760,112,111.6,0.5,-1.9,108,0.569
699821d4e161b702e08a5fa3,22500177,1610612742,101,96.3,0.472,-1,99.5,0.506
699821d4e161b702e08a5fa4,22500179,1610612759,118,113.1,0.574,-3.1,100.5,0.633
699821d4e161b702e08a5fa5,22500173,1610612754,112,96.5,0.48,-10,100.5,0.492
699821d4e161b702e08a5fa6,22500172,1610612762,114,100.2,0.453,-12,100.5,0.521
699821d4e161b702e08a5fa7,22500178,1610612748,115.1,104.7,0.523,-9.4,106,0.577
699821d4e161b702e08a5fa8,22500181,1610612744,113.1,107.3,0.545,-3.7,106.5,0.585
699821d4e161b702e08a5fa9,22500176,1610612763,118.1,102.4,0.455,-14.3,105,0.522
699821d4e161b702e08a5faa,22500171,1610612755,125.7,112.9,0.556,-9.4,104.5,0.586
699821d4e161b702e08a5fab,22500175,1610612750,141.2,115.8,0.596,-22.5,96.5,0.63
699821d4e161b702e08a5fac,22500174,1610612764,138.8,107.1,0.544,-31.8,99,0.582
699821d4e161b702e08a5fad,22500165,1610612761,99,123.4,0.577,29,100.5,0.617
699821d4e161b702e08a5fae,22500170,1610612760,109.2,127.7,0.628,18.1,98.5,0.658
699821d4e161b702e08a5faf,22500166,1610612737,112,121.6,0.646,13.7,100.5,0.702
699821d4e161b702e08a5fb0,22500169,1610612744,107,118.2,0.608,13.4,99,0.643
699821d4e161b702e08a5fb1,22500167,1610612741,109.9,108.9,0.545,0.9,101.5,0.578
699821d4e161b702e08a5fb2,22500168,1610612740,112,117.9,0.572,2.9,100.5,0.59
699821d4e161b702e08a5fb3,22500168,1610612766,114.9,112.8,0.555,-2.9,100.5,0.594
699821d4e161b702e08a5fb4,22500167,1610612755,110.8,102.2,0.484,-0.9,101.5,0.531
699821d4e161b702e08a5fb5,22500169,1610612756,120.4,108,0.505,-13.4,99,0.546
699821d4e161b702e08a5fb6,22500166,1610612753,125.7,109.2,0.5,-13.7,100.5,0.574
699821d4e161b702e08a5fb7,22500170,1610612746,127.3,106.1,0.525,-18.1,98.5,0.582
699821d4e161b702e08a5fb8,22500165,1610612749,128,98.8,0.494,-29,100.5,0.525
699821d4e161b702e08a5fb9,22500156,1610612750,113.5,129.7,0.654,14,97,0.669
699821d4e161b702e08a5fba,22500159,1610612752,100,115.8,0.548,16.7,102,0.579
699821d4e161b702e08a5fbb,22500161,1610612765,108.2,114.3,0.566,7,98.5,0.595
699821d4e161b702e08a5fbc,22500163,1610612747,113.9,121.7,0.641,7.9,101,0.668
699821d4e161b702e08a5fbd,22500164,1610612748,116.7,115.9,0.614,-0.2,102.5,0.641
699821d4e161b702e08a5fbe,22500160,1610612745,100,105.6,0.506,6.8,102.5,0.538
699821d4e161b702e08a5fbf,22500162,1610612743,115.9,120.9,0.577,5.6,107,0.604
699821d4e161b702e08a5fc0,22500158,1610612762,107.3,106.1,0.506,1,96.5,0.553
699821d4e161b702e08a5fc1,22500157,1610612754,113.6,109.8,0.478,-3,103.5,0.539
699821d4e161b702e08a5fc2,22500157,1610612749,110.6,109.7,0.591,3,103.5,0.599
699821d4e161b702e08a5fc3,22500158,1610612738,108.2,104.4,0.478,-1,96.5,0.522
699821d4e161b702e08a5fc4,22500162,1610612758,121.5,114.8,0.572,-5.6,107,0.614
699821d4e161b702e08a5fc5,22500160,1610612742,106.8,99.2,0.5,-6.8,102.5,0.521
699821d4e161b702e08a5fc6,22500164,1610612746,116.5,111.9,0.597,0.2,102.5,0.617
699821d4e161b702e08a5fc7,22500163,1610612757,121.8,113.6,0.547,-7.9,101,0.586
699821d4e161b702e08a5fc8,22500161,1610612763,115.2,106,0.483,-7,98.5,0.541
699821d4e161b702e08a5fc9,22500159,1610612764,116.7,99.6,0.549,-16.7,102,0.571
699821d4e161b702e08a5fca,22500156,1610612751,127.6,109.3,0.472,-14,97,0.516
699821d4e161b702e08a5fcb,22500148,1610612760,105,136.4,0.679,33.4,100,0.718
699821d4e161b702e08a5fcc,22500150,1610612766,102,121.5,0.591,22.8,101,0.645
699821d4e161b702e08a5fcd,22500149,1610612755,102.9,121.1,0.599,23.5,102,0.623
699821d4e161b702e08a5fce,22500154,1610612756,114.6,125.4,0.703,12.9,102.5,0.733
699821d4e161b702e08a5fcf,22500152,1610612761,108.3,118.4,0.567,13.5,96,0.598
699821d4e161b702e08a5fd0,22500153,1610612752,114.9,125.9,0.558,11.9,101,0.611
699821d4e161b702e08a5fd1,22500155,1610612747,114.3,119.1,0.584,7.2,106,0.618
699821d4e161b702e08a5fd2,22500151,1610612737,109.3,101.5,0.545,-7.5,107,0.59
699821d4e161b702e08a5fd3,22500151,1610612739,101.9,106.4,0.515,7.5,107,0.558
699821d4e161b702e08a5fd4,22500155,1610612748,121.5,113.4,0.565,-7.2,106,0.601
699821d4e161b702e08a5fd5,22500153,1610612741,126.7,116.2,0.575,-11.9,101,0.593
699821d4e161b702e08a5fd6,22500152,1610612763,121.9,106.3,0.5,-13.5,96,0.543
699821d4e161b702e08a5fd7,22500154,1610612759,127.5,111.2,0.51,-12.9,102.5,0.546
699821d4e161b702e08a5fd8,22500149,1610612751,126.5,96.8,0.467,-23.5,102,0.512
699821d4e161b702e08a5fd9,22500150,1610612762,124.8,101.2,0.449,-22.8,101,0.511
699821d4e161b702e08a5fda,22500148,1610612740,138.4,107,0.538,-33.4,100,0.563
699821d4e161b702e08a5fdb,22500145,1610612753,87,112.9,0.576,29.8,107.5,0.615
699821d4e161b702e08a5fdc,22500146,1610612745,103.1,127.5,0.669,28.9,97.5,0.693
699821d4e161b702e08a5fdd,22500143,1610612750,104,123,0.638,18,100.5,0.655
699821d4e161b702e08a5fde,22500147,1610612765,107.8,122,0.544,12.9,101.5,0.576
699821d4e161b702e08a5fdf,22500144,1610612754,107.9,111.4,0.506,3.8,101.5,0.563
699821d4e161b702e08a5fe0,22500142,1610612758,134.3,130.3,0.575,2,99,0.645
699821d4e161b702e08a5fe1,22500142,1610612749,136.4,136.2,0.689,-2,99,0.695
699821d4e161b702e08a5fe2,22500144,1610612744,111.8,103.1,0.5,-3.8,101.5,0.547
699821d4e161b702e08a5fe3,22500147,1610612742,120.8,108.2,0.525,-12.9,101.5,0.587
699821d4e161b702e08a5fe4,22500143,1610612766,122,103.1,0.471,-18,100.5,0.536
699821d4e161b702e08a5fe5,22500146,1610612738,132,98.9,0.456,-28.9,97.5,0.476
699821d4e161b702e08a5fe6,22500145,1610612764,116.8,85,0.444,-29.8,107.5,0.449
699821d4e161b702e08a5fe7,22500020,1610612737,106.9,127,0.596,19.8,101,0.623
699821d4e161b702e08a5fe8,22500025,1610612756,95,114.7,0.566,20.6,101.5,0.596
699821d4e161b702e08a5fe9,22500023,1610612741,127.6,131.8,0.637,8.8,98.5,0.679
699821d4e161b702e08a5fea,22500022,1610612761,103.1,111.4,0.567,11.2,98,0.605
699821d4e161b702e08a5feb,22500024,1610612747,115.5,116.4,0.599,3.9,97.5,0.646
699821d4e161b702e08a5fec,22500021,1610612755,112.4,108.3,0.558,-1,97,0.595
699821d4e161b702e08a5fed,22500026,1610612743,110.1,105.3,0.519,-0.9,98.5,0.578
699821d4e161b702e08a5fee,22500027,1610612746,125.3,125.7,0.601,2,99,0.641
699821d4e161b702e08a5fef,22500027,1610612740,127.3,125.6,0.59,-2,99,0.647
699821d4e161b702e08a5ff0,22500026,1610612757,109.2,107.2,0.478,0.9,98.5,0.521
699821d4e161b702e08a5ff1,22500021,1610612738,111.3,108.7,0.505,1,97,0.513
699821d4e161b702e08a5ff2,22500024,1610612763,119.4,112.7,0.516,-3.9,97.5,0.552
699821d4e161b702e08a5ff3,22500022,1610612739,114.3,101.9,0.478,-11.2,98,0.504
699821d4e161b702e08a5ff4,22500023,1610612752,136.4,123.6,0.593,-8.8,98.5,0.618
699821d4e161b702e08a5ff5,22500025,1610612762,115.7,93.1,0.45,-20.6,101.5,0.51
699821d4e161b702e08a5ff6,22500020,1610612754,126.7,100.4,0.419,-19.8,101,0.476
699821d4e161b702e08a5ff7,22500140,1610612760,106.9,124.1,0.531,17.6,101.5,0.576
699821d4e161b702e08a5ff8,22500138,1610612753,111.5,128,0.609,16.7,96,0.633
699821d4e161b702e08a5ff9,22500141,1610612759,102,109.1,0.523,3.9,100,0.557
699821d4e161b702e08a5ffa,22500139,1610612744,115.4,100.5,0.5,-9.6,104,0.57
699821d4e161b702e08a5ffb,22500139,1610612749,105.8,108.4,0.578,9.6,104,0.59
699821d4e161b702e08a5ffc,22500141,1610612748,105.9,97.3,0.517,-3.9,100,0.532
699821d4e161b702e08a5ffd,22500138,1610612766,128.1,108.5,0.572,-16.7,96,0.597
699821d4e161b702e08a5ffe,22500140,1610612764,124.5,105.4,0.554,-17.6,101.5,0.59
699821d4e161b702e08a5fff,22500134,1610612743,89.8,125.6,0.611,33.4,98.5,0.634
699821d4e161b702e08a6000,22500131,1610612745,119.8,136.3,0.649,17.8,101,0.682
699821d4e161b702e08a6001,22500129,1610612765,114.9,125,0.565,21.5,100,0.625
699821d4e161b702e08a6002,22500128,1610612738,109.4,128.1,0.553,22.2,95.5,0.592
699821d4e161b702e08a6003,22500133,1610612742,99.1,99.7,0.487,2.8,105.5,0.562
699821d4e161b702e08a6004,22500130,1610612737,115.5,119.8,0.543,5.2,97,0.57
699821d4e161b702e08a6005,22500132,1610612741,111.9,122.4,0.615,14.1,100.5,0.637
699821d4e161b702e08a6006,22500137,1610612763,106.6,106.8,0.554,0.9,106,0.577
699821d4e161b702e08a6007,22500136,1610612747,116.2,115.2,0.608,2.2,98.5,0.626
699821d4e161b702e08a6008,22500135,1610612762,123.6,120.1,0.554,-2.9,110.5,0.635
699821d4e161b702e08a6009,22500135,1610612757,120.7,121.6,0.589,2.9,110.5,0.63
699821d4e161b702e08a600a,22500136,1610612750,118.4,114.2,0.591,-2.2,98.5,0.627
699821d4e161b702e08a600b,22500137,1610612756,107.5,106.1,0.57,-0.9,106,0.604
699821d4e161b702e08a600c,22500132,1610612758,126,114.8,0.567,-14.1,100.5,0.605
699821d4e161b702e08a600d,22500130,1610612751,120.6,111,0.517,-5.2,97,0.561
699821d4e161b702e08a600e,22500133,1610612754,101.9,92.7,0.41,-2.8,105.5,0.444
699821d4e161b702e08a600f,22500128,1610612739,131.6,104.4,0.5,-22.2,95.5,0.538
699821d4e161b702e08a6010,22500129,1610612753,136.4,113.1,0.53,-21.5,100,0.577
699821d4e161b702e08a6011,22500131,1610612761,137.6,121.8,0.629,-17.8,101,0.648
699821d4e161b702e08a6012,22500134,1610612740,123.2,89.1,0.418,-33.4,98.5,0.45
699821d4e161b702e08a6013,22500127,1610612744,88.8,108,0.552,20.1,89.5,0.558
699821d4e161b702e08a6014,22500124,1610612748,109.3,132.5,0.646,24,107.5,0.681
699821d4e161b702e08a6015,22500125,1610612749,114.4,122.8,0.633,10.3,97,0.676
699821d4e161b702e08a6016,22500126,1610612760,100,105.5,0.533,4.9,101.5,0.555
699821d4e161b702e08a6017,22500123,1610612755,119.6,123.8,0.535,5.6,100.98,0.598
699821d4e161b702e08a6018,22500123,1610612764,125.2,112.4,0.556,-5.6,100.98,0.576
699821d4e161b702e08a6019,22500126,1610612758,104.9,98.8,0.482,-4.9,101.5,0.536
699821d4e161b702e08a601a,22500125,1610612752,124.7,113.1,0.495,-10.3,97,0.543
699821d4e161b702e08a601b,22500124,1610612766,133.3,107.2,0.544,-24,107.5,0.584
699821d4e161b702e08a601c,22500127,1610612746,108.9,85.8,0.402,-20.1,89.5,0.444
699821d4e161b702e08a601d,22500117,1610612738,95.7,125,0.579,32.7,94.5,0.6
699821d4e161b702e08a601e,22500116,1610612745,117.2,140.6,0.671,31.7,92.5,0.71
699821d4e161b702e08a601f,22500007,1610612739,89.6,107,0.524,21.9,105,0.578
699821d4e161b702e08a6020,22500118,1610612759,105.1,124.9,0.679,15.9,99,0.73
699821d4e161b702e08a6021,22500119,1610612760,95.9,101.3,0.5,8.2,97.5,0.528
699821d4e161b702e08a6022,22500008,1610612743,112.9,123.3,0.597,10.4,102,0.641
699821d4e161b702e08a6023,22500122,1610612757,100,111.3,0.524,15.1,107,0.557
699821d4e161b702e08a6024,22500121,1610612744,111.3,124.5,0.645,14.6,105,0.681
699821d4e161b702e08a6025,22500115,1610612741,117.1,119.4,0.609,5.9,104.5,0.632
699821d4e161b702e08a6026,22500120,1610612756,121.1,115.9,0.519,-3.5,103.25,0.56
699821d4e161b702e08a6027,22500114,1610612755,126.5,130.7,0.567,10.8,98.5,0.612
699821d4e161b702e08a6028,22500114,1610612753,137.4,125.6,0.598,-10.8,98.5,0.628
699821d4e161b702e08a6029,22500120,1610612762,117.5,120.2,0.481,3.5,103.25,0.557
699821d4e161b702e08a602a,22500115,1610612737,123.1,117.4,0.556,-5.9,104.5,0.576
699821d4e161b702e08a602b,22500121,1610612763,126,111,0.523,-14.6,105,0.588
699821d4e161b702e08a602c,22500122,1610612747,115.1,97.8,0.506,-15.1,107,0.554
699821d4e161b702e08a602d,22500008,1610612750,123.3,107.8,0.529,-10.4,102,0.583
699821d4e161b702e08a602e,22500119,1610612742,104.1,94.3,0.448,-8.2,97.5,0.486
699821d4e161b702e08a602f,22500118,1610612761,121,99.9,0.544,-15.9,99,0.578
699821d4e161b702e08a6030,22500007,1610612765,111.5,87.3,0.443,-21.9,105,0.48
699821d4e161b702e08a6031,22500116,1610612751,148.9,117.3,0.564,-31.7,92.5,0.58
699821d4e161b702e08a6032,22500117,1610612740,128.4,90.6,0.387,-32.7,94.5,0.467
699821d4e161b702e08a6033,22500109,1610612766,104.6,127.7,0.592,22.9,108.5,0.644
699821d4e161b702e08a6034,22500105,1610612759,112.6,120.6,0.577,11.6,95,0.629
699821d4e161b702e08a6035,22500112,1610612746,104.9,110,0.625,5.8,102.5,0.658
699821d4e161b702e08a6036,22500108,1610612748,102.9,111,0.536,6.6,104.5,0.595
699821d4e161b702e08a6037,22500113,1610612747,111.1,118.4,0.538,7.6,107.5,0.633
699821d4e161b702e08a6038,22500111,1610612742,116.2,126.2,0.647,11.3,110,0.68
699821d4e161b702e08a6039,22500106,1610612765,114.1,112.4,0.468,6.1,99,0.547
699821d4e161b702e08a603a,22500110,1610612750,108.9,112.6,0.524,2.9,101.5,0.568
699821d4e161b702e08a603b,22500107,1610612739,109.7,107.9,0.517,4.9,103,0.576
699821d4e161b702e08a603c,22500107,1610612749,114.6,112.6,0.589,-4.9,103,0.619
699821d4e161b702e08a603d,22500110,1610612754,111.8,105.9,0.505,-2.9,101.5,0.535
699821d4e161b702e08a603e,22500106,1610612738,120.2,108.1,0.505,-6.1,99,0.54
699821d4e161b702e08a603f,22500111,1610612761,127.5,114.6,0.555,-11.3,110,0.583
699821d4e161b702e08a6040,22500113,1610612758,118.7,107.2,0.535,-7.6,107.5,0.551
699821d4e161b702e08a6041,22500108,1610612752,109.5,99.8,0.464,-6.6,104.5,0.499
699821d4e161b702e08a6042,22500112,1610612757,110.7,101.9,0.429,-5.8,102.5,0.5
699821d4e161b702e08a6043,22500105,1610612751,124.2,108.6,0.483,-11.6,95,0.548
699821d4e161b702e08a6044,22500109,1610612764,127.5,102.7,0.505,-22.9,108.5,0.554
699821d4e161b702e08a6045,22500104,1610612743,105.7,123.7,0.565,19.8,105.5,0.649
699821d4e161b702e08a6046,22500103,1610612763,101,119.5,0.531,25.8,101.5,0.576
699821d4e161b702e08a6047,22500100,1610612741,90.7,103,0.53,12.1,107.5,0.574
699821d4e161b702e08a6048,22500101,1610612760,104.2,117.8,0.538,19,95.5,0.577
699821d4e161b702e08a6049,22500102,1610612755,117.5,119,0.575,2.7,103.5,0.618
699821d4e161b702e08a604a,22500102,1610612766,120.2,114.9,0.573,-2.7,103.5,0.597
699821d4e161b702e08a604b,22500101,1610612737,123.2,103.9,0.506,-19,95.5,0.531
699821d4e161b702e08a604c,22500100,1610612753,102.8,92,0.408,-12.1,107.5,0.483
699821d4e161b702e08a604d,22500103,1610612754,126.7,101.9,0.483,-25.8,101.5,0.52
699821d4e161b702e08a604e,22500104,1610612756,125.5,105,0.528,-19.8,105.5,0.568
699821d4e161b702e08a604f,22500099,1610612746,105.2,133.8,0.697,27.8,97,0.738
699821d4e161b702e08a6050,22500094,1610612748,100.9,127.3,0.632,28.3,113,0.654
699821d4e161b702e08a6051,22500019,1610612747,117,134.6,0.671,20.6,93.5,0.71
699821d4e161b702e08a6052,22500097,1610612757,107.2,123,0.624,19.2,110.5,0.668
699821d4e161b702e08a6053,22500090,1610612737,103.9,106.4,0.529,6,102,0.57
699821d4e161b702e08a6054,22500018,1610612752,101.1,109.4,0.483,11.8,93.5,0.541
699821d4e161b702e08a6055,22500091,1610612739,119.2,124.3,0.646,5.5,104.5,0.672
699821d4e161b702e08a6056,22500093,1610612765,111,111.5,0.556,4,100,0.574
699821d4e161b702e08a6057,22500096,1610612764,99.1,106.6,0.539,8.3,108.5,0.569
699821d4e161b702e08a6058,22500095,1610612759,110.5,110.7,0.526,1.7,96,0.548
699821d4e161b702e08a6059,22500092,1610612749,110.5,115.1,0.6,6.8,104.5,0.604
699821d4e161b702e08a605a,22500098,1610612762,108.2,101.5,0.517,-3.2,98,0.556
699821d4e161b702e08a605b,22500098,1610612758,105.1,107.6,0.566,3.2,98,0.586
699821d4e161b702e08a605c,22500092,1610612761,117.3,110.4,0.559,-6.8,104.5,0.585
699821d4e161b702e08a605d,22500095,1610612740,112.1,106.7,0.485,-1.7,96,0.528
699821d4e161b702e08a605e,22500096,1610612742,107.3,95.6,0.489,-8.3,108.5,0.536
699821d4e161b702e08a605f,22500093,1610612745,115,109.8,0.446,-4,100,0.533
699821d4e161b702e08a6060,22500091,1610612751,124.8,113.7,0.609,-5.5,104.5,0.626
699821d4e161b702e08a6061,22500018,1610612738,112.9,98.3,0.518,-11.8,93.5,0.536
699821d4e161b702e08a6062,22500090,1610612753,109.9,102.6,0.532,-6,102,0.567
699821d4e161b702e08a6063,22500097,1610612744,126.4,108,0.538,-19.2,110.5,0.612
699821d4e161b702e08a6064,22500019,1610612750,137.6,116.7,0.54,-20.6,93.5,0.566
699821d4e161b702e08a6065,22500094,1610612763,129.2,98.9,0.468,-28.3,113,0.531
699821d4e161b702e08a6066,22500099,1610612756,133,102.4,0.5,-27.8,97,0.528
699821d4e161b702e08a6067,22500005,1610612760,108,115.2,0.505,6.6,102.62,0.6
699821d4e161b702e08a6068,22500006,1610612744,123.6,125.7,0.596,4.5,96.45,0.623
699821d4e161b702e08a6069,22500006,1610612743,128,122.2,0.621,-4.5,96.45,0.647
699821d4e161b702e08a606a,22500005,1610612754,114.6,107.5,0.5,-6.6,102.62,0.551
699821d4e161b702e08a606b,22500004,1610612759,91.1,121,0.621,33.9,100.5,0.629
699821d4e161b702e08a606c,22500087,1610612762,113.7,134.7,0.649,22.1,95,0.673
699821d4e161b702e08a606d,22500082,1610612761,104.4,120.3,0.6,17.7,113,0.64
699821d4e161b702e08a606e,22500080,1610612766,110.4,126.5,0.628,17.9,106,0.651
699821d4e161b702e08a606f,22500003,1610612752,105.7,111.4,0.512,7.6,105,0.584
699821d4e161b702e08a6070,22500086,1610612749,112.1,122.7,0.602,12.1,107,0.625
699821d4e161b702e08a6071,22500085,1610612763,113,116.4,0.581,4.5,108.5,0.647
699821d4e161b702e08a6072,22500084,1610612741,105.7,107.4,0.511,2.8,105.5,0.569
699821d4e161b702e08a6073,22500081,1610612753,109,112.2,0.533,3.6,111,0.593
699821d4e161b702e08a6074,22500083,1610612755,116,114.5,0.553,1,100,0.596
699821d4e161b702e08a6075,22500089,1610612750,110.7,111.8,0.576,1.7,104,0.611
699821d4e161b702e08a6076,22500088,1610612756,116,113.9,0.526,1.6,101,0.559
699821d4e161b702e08a6077,22500088,1610612758,117.6,107.3,0.548,-1.6,101,0.557
699821d4e161b702e08a6078,22500089,1610612757,112.4,99.7,0.472,-1.7,104,0.541
699821d4e161b702e08a6079,22500083,1610612738,117,112.1,0.511,-1,100,0.566
699821d4e161b702e08a607a,22500081,1610612748,112.6,108.2,0.549,-3.6,111,0.588
699821d4e161b702e08a607b,22500084,1610612765,108.5,105.3,0.479,-2.8,105.5,0.512
699821d4e161b702e08a607c,22500085,1610612740,117.4,111.3,0.51,-4.5,108.5,0.546
699821d4e161b702e08a607d,22500086,1610612764,124.3,112.8,0.556,-12.1,107,0.564
699821d4e161b702e08a607e,22500003,1610612739,113.3,105.8,0.576,-7.6,105,0.591
699821d4e161b702e08a607f,22500080,1610612751,128.3,108.4,0.523,-17.9,106,0.568
699821d4e161b702e08a6080,22500082,1610612737,122.1,103.3,0.478,-17.7,113,0.555
699821d4e161b702e08a6081,22500087,1610612746,135.8,111.1,0.523,-22.1,95,0.555
699821d4e161b702e08a6082,22500004,1610612742,125,90.7,0.428,-33.9,100.5,0.487
699821d4e161b702e08a6083,22500002,1610612744,106.9,118.1,0.596,12.1,101,0.656
699821d4e161b702e08a6084,22500001,1610612760,107.8,107.8,0.505,4.8,93.52,0.543
699821d4e161b702e08a6085,22500001,1610612745,112.6,103.6,0.5,-4.8,93.52,0.56
699821d4e161b702e08a6086,22500002,1610612747,119,106.5,0.597,-12.1,101,0.61
699821d4e161b702e08a6087,49600088,1610612741,96.6,97.6,0.414,5.6,88.5,0.478
699821d4e161b702e08a6088,49600088,1610612762,102.3,97.5,0.454,-5.6,88.5,0.523
699821d4e161b702e08a6089,49600087,1610612741,106,108.2,0.486,1.1,83.5,0.528
699821d4e161b702e08a608a,49600087,1610612762,107.1,104.8,0.467,-1.1,83.5,0.512
699821d4e161b702e08a608b,49600086,1610612762,91.3,94.8,0.492,7.5,79.5,0.532
699821d4e161b702e08a608c,49600086,1610612741,98.7,92.1,0.447,-7.5,79.5,0.449
699821d4e161b702e08a608d,49600085,1610612762,105.7,112.8,0.47,12.5,88,0.541
699821d4e161b702e08a608e,49600085,1610612741,118.2,105.4,0.52,-12.5,88,0.552
699821d4e161b702e08a608f,49600084,1610612741,98.8,112.1,0.507,12.7,86.5,0.581
699821d4e161b702e08a6090,49600084,1610612762,111.5,98.4,0.448,-12.7,86.5,0.516
699821d4e161b702e08a6091,49600083,1610612741,95.3,97,0.487,1.2,86.5,0.508
699821d4e161b702e08a6092,49600083,1610612762,96.6,94.4,0.493,-1.2,86.5,0.507
699821d4e161b702e08a6093,49600079,1610612745,115.7,112.2,0.556,-3.4,89,0.609
699821d4e161b702e08a6094,49600079,1610612762,112.4,114.5,0.537,3.4,89,0.573
699821d4e161b702e08a6095,49600078,1610612741,106.1,118.3,0.494,14.4,82.5,0.529
699821d4e161b702e08a6096,49600078,1610612748,120.5,102,0.431,-14.4,82.5,0.516
699821d4e161b702e08a6097,49600077,1610612762,104.6,108.7,0.514,5.7,87,0.59
699821d4e161b702e08a6098,49600077,1610612745,110.3,105,0.5,-5.7,87,0.564
699821d4e161b702e08a6099,49600076,1610612748,94.1,100.6,0.5,7,85.5,0.521
699821d4e161b702e08a609a,49600076,1610612741,101.2,93.2,0.376,-7,85.5,0.426
699821d4e161b702e08a609b,49600075,1610612745,104.5,107.6,0.5,3.4,88,0.563
699821d4e161b702e08a609c,49600075,1610612762,108,101.1,0.434,-3.4,88,0.489
699821d4e161b702e08a609d,49600074,1610612741,78.7,104.2,0.455,25.5,94,0.532
699821d4e161b702e08a609e,49600074,1610612748,104.3,78.6,0.418,-25.5,94,0.513
699821d4e161b702e08a609f,49600073,1610612745,113.6,131.6,0.667,20.5,88,0.697
699821d4e161b702e08a60a0,49600073,1610612762,134.1,105.5,0.512,-20.5,88,0.551
699821d4e161b702e08a60a1,49600072,1610612741,80,89.2,0.398,7.2,85.5,0.48
699821d4e161b702e08a60a2,49600072,1610612748,87.2,80.1,0.358,-7.2,85.5,0.415
699821d4e161b702e08a60a3,49600071,1610612762,102.2,115.2,0.468,13.3,90,0.552
699821d4e161b702e08a60a4,49600071,1610612745,115.6,99,0.394,-13.3,90,0.46
699821d4e161b702e08a60a5,49600070,1610612741,90.6,95.1,0.399,6,86,0.431
699821d4e161b702e08a60a6,49600070,1610612748,96.6,88.3,0.484,-6,86,0.499
699821d4e161b702e08a60a7,49600069,1610612762,92.5,105.3,0.47,15,93.5,0.527
699821d4e161b702e08a60a8,49600069,1610612745,107.4,91.5,0.43,-15,93.5,0.5
699821d4e161b702e08a60a9,49600068,1610612748,95.7,108,0.514,11.7,94,0.577
699821d4e161b702e08a60aa,49600068,1610612752,107.4,93.1,0.5,-11.7,94,0.525
699821d4e161b702e08a60ab,49600066,1610612745,98.9,102.6,0.506,6.6,91.5,0.536
699821d4e161b702e08a60ac,49600066,1610612760,105.5,97.1,0.426,-6.6,91.5,0.485
699821d4e161b702e08a60ad,49600064,1610612748,98.9,105,0.527,7.8,90,0.55
699821d4e161b702e08a60ae,49600064,1610612752,106.7,97.6,0.45,-7.8,90,0.504
699821d4e161b702e08a60af,49600063,1610612760,102.1,108.2,0.474,2.1,94.5,0.547
699821d4e161b702e08a60b0,49600063,1610612745,104.2,100.1,0.457,-2.1,94.5,0.517
699821d4e161b702e08a60b1,49600060,1610612748,86.2,101.1,0.486,16,94,0.552
699821d4e161b702e08a60b2,49600060,1610612752,102.1,84.4,0.45,-16,94,0.5
699821d4e161b702e08a60b3,49600058,1610612741,105.7,117.8,0.469,14.5,88,0.51
699821d4e161b702e08a60b4,49600059,1610612760,109.3,116.8,0.521,9.7,85,0.577
699821d4e161b702e08a60b5,49600059,1610612745,119,109.7,0.417,-9.7,85,0.496
699821d4e161b702e08a60b6,49600058,1610612737,120.2,102.4,0.56,-14.5,88,0.607
699821d4e161b702e08a60b7,49600056,1610612752,83.5,99.7,0.552,15.4,90.5,0.584
699821d4e161b702e08a60b8,49600057,1610612762,103.3,106.2,0.472,6.8,81.06,0.555
699821d4e161b702e08a60b9,49600057,1610612747,110.1,103.7,0.41,-6.8,81.06,0.481
699821d4e161b702e08a60ba,49600056,1610612748,98.9,81.7,0.426,-15.4,90.5,0.463
699821d4e161b702e08a60bb,49600053,1610612741,90.9,99.4,0.514,10.2,88,0.552
699821d4e161b702e08a60bc,49600054,1610612752,89,95.9,0.41,7.2,81,0.485
699821d4e161b702e08a60bd,49600055,1610612760,105.8,103.3,0.46,-4.8,94.64,0.521
699821d4e161b702e08a60be,49600055,1610612745,101,103.2,0.484,4.8,94.64,0.521
699821d4e161b702e08a60bf,49600054,1610612748,96.3,84.4,0.431,-7.2,81,0.459
699821d4e161b702e08a60c0,49600053,1610612737,101.1,90.1,0.358,-10.2,88,0.427
699821d4e161b702e08a60c1,49600051,1610612741,93,117.8,0.5,26,85,0.516
699821d4e161b702e08a60c2,49600052,1610612762,104.4,113.4,0.488,16.5,91,0.567
699821d4e161b702e08a60c3,49600052,1610612747,120.9,105.5,0.508,-16.5,91,0.579
699821d4e161b702e08a60c4,49600051,1610612737,119,93.5,0.409,-26,85,0.497
699821d4e161b702e08a60c5,49600050,1610612745,108.1,109.3,0.474,6,85.5,0.54
699821d4e161b702e08a60c6,49600049,1610612748,96.6,97.6,0.478,4.6,87,0.549
699821d4e161b702e08a60c7,49600049,1610612752,101.1,98.6,0.396,-4.6,87,0.466
699821d4e161b702e08a60c8,49600050,1610612760,114.1,109.2,0.426,-6,85.5,0.494
699821d4e161b702e08a60c9,49600048,1610612747,89.4,106.7,0.486,19,95,0.575
699821d4e161b702e08a60ca,49600047,1610612737,105.6,110.8,0.585,7.6,90.5,0.599
699821d4e161b702e08a60cb,49600047,1610612741,113.2,102.3,0.473,-7.6,90.5,0.49
699821d4e161b702e08a60cc,49600048,1610612762,108.3,84.1,0.306,-19,95,0.425
699821d4e161b702e08a60cd,49600045,1610612752,87.8,98.8,0.397,10,90,0.505
699821d4e161b702e08a60ce,49600046,1610612760,107.4,113.3,0.493,6.5,93.5,0.586
699821d4e161b702e08a60cf,49600046,1610612745,114,106.2,0.513,-6.5,93.5,0.554
699821d4e161b702e08a60d0,49600045,1610612748,97.8,88.1,0.401,-10,90,0.441
699821d4e161b702e08a60d1,49600044,1610612762,121.7,123,0.538,2.4,83,0.63
699821d4e161b702e08a60d2,49600043,1610612741,111.5,113.9,0.532,2.1,87.5,0.545
699821d4e161b702e08a60d3,49600043,1610612737,113.6,107.4,0.481,-2.1,87.5,0.543
699821d4e161b702e08a60d4,49600044,1610612747,124.1,118.2,0.568,-2.4,83,0.598
699821d4e161b702e08a60d5,49600042,1610612745,109.7,120,0.664,12.1,92.5,0.688
699821d4e161b702e08a60d6,49600042,1610612760,121.7,111.2,0.541,-12.1,92.5,0.562
699821d4e161b702e08a60d7,49600041,1610612762,84.6,105.7,0.507,19.9,90,0.535
699821d4e161b702e08a60d8,49600038,1610612737,97.5,100.8,0.478,7.5,80.5,0.53
699821d4e161b702e08a60d9,49600036,1610612748,96.5,105.1,0.461,9.3,86,0.52
699821d4e161b702e08a60da,49600036,1610612753,105.8,96.2,0.463,-9.3,86,0.523
699821d4e161b702e08a60db,49600038,1610612765,105,96,0.432,-7.5,80.5,0.458
699821d4e161b702e08a60dc,49600041,1610612747,104.5,83.5,0.392,-19.9,90,0.436
699821d4e161b702e08a60dd,49600034,1610612760,97.9,123.9,0.555,25.5,94,0.606
699821d4e161b702e08a60de,49600034,1610612756,123.4,95.9,0.494,-25.5,94,0.506
699821d4e161b702e08a60df,49600030,1610612737,91.1,103.3,0.493,12.2,90.5,0.547
699821d4e161b702e08a60e0,49600032,1610612747,104.6,111.3,0.413,4.6,87,0.538
699821d4e161b702e08a60e1,49600032,1610612757,109.2,102.8,0.486,-4.6,87,0.551
699821d4e161b702e08a60e2,49600030,1610612765,103.3,91.2,0.419,-12.2,90.5,0.477
699821d4e161b702e08a60e3,49600029,1610612760,102.7,110.1,0.517,5.3,101.89,0.582
699821d4e161b702e08a60e4,49600026,1610612753,108.3,116,0.52,8.1,84.5,0.573
699821d4e161b702e08a60e5,49600026,1610612748,116.5,109.1,0.493,-8.1,84.5,0.52
699821d4e161b702e08a60e6,49600029,1610612756,108,99,0.505,-5.3,101.89,0.537
699821d4e161b702e08a60e7,49600024,1610612757,98.9,107,0.465,8.8,91,0.547
699821d4e161b702e08a60e8,49600023,1610612764,114.3,109.4,0.59,-2.5,84.5,0.627
699821d4e161b702e08a60e9,49600023,1610612741,111.8,110.9,0.532,2.5,84.5,0.561
699821d4e161b702e08a60ea,49600024,1610612747,107.7,95.3,0.444,-8.8,91,0.497
699821d4e161b702e08a60eb,49600019,1610612753,87.2,102.2,0.452,16.3,85.5,0.529
699821d4e161b702e08a60ec,49600022,1610612756,114.4,116.9,0.538,6.4,90.5,0.591
699821d4e161b702e08a60ed,49600021,1610612745,129,134.1,0.705,3.9,93.5,0.725
699821d4e161b702e08a60ee,49600020,1610612765,105.8,114.5,0.581,10.7,85.5,0.608
699821d4e161b702e08a60ef,49600020,1610612737,116.5,103.4,0.538,-10.7,85.5,0.591
699821d4e161b702e08a60f0,49600021,1610612750,133,124.8,0.521,-3.9,93.5,0.565
699821d4e161b702e08a60f1,49600022,1610612760,120.9,110.2,0.494,-6.4,90.5,0.545
699821d4e161b702e08a60f2,49600019,1610612748,103.5,82.5,0.413,-16.3,85.5,0.427
699821d4e161b702e08a60f3,49600018,1610612762,102.2,116.9,0.581,12.1,90.5,0.627
699821d4e161b702e08a60f4,49600017,1610612752,103.3,116.9,0.629,8.6,92.5,0.675
699821d4e161b702e08a60f5,49600017,1610612766,111.8,101.5,0.488,-8.6,92.5,0.513
699821d4e161b702e08a60f6,49600018,1610612746,114.3,101.2,0.521,-12.1,90.5,0.548
699821d4e161b702e08a60f7,49600016,1610612760,76.5,118.2,0.538,43.1,102,0.58
699821d4e161b702e08a60f8,49600012,1610612748,102.4,117.5,0.598,17.2,86,0.646
699821d4e161b702e08a60f9,49600013,1610612747,108.1,126.3,0.629,14.8,86.5,0.68
699821d4e161b702e08a60fa,49600014,1610612741,113,121.3,0.551,4.2,92.5,0.606
699821d4e161b702e08a60fb,49600015,1610612765,95.2,108.1,0.493,12.9,85,0.567
699821d4e161b702e08a60fc,49600015,1610612737,108.1,94.6,0.486,-12.9,85,0.522
699821d4e161b702e08a60fd,49600014,1610612764,117.2,110.3,0.451,-4.2,92.5,0.535
699821d4e161b702e08a60fe,49600013,1610612757,123,107.7,0.533,-14.8,86.5,0.558
699821d4e161b702e08a60ff,49600012,1610612753,119.5,99.8,0.508,-17.2,86,0.549
699821d4e161b702e08a6100,49600016,1610612756,119.6,77.4,0.301,-43.1,102,0.412
699821d4e161b702e08a6101,49600009,1610612745,96.6,105.8,0.5,12.5,87.5,0.56
699821d4e161b702e08a6102,49600010,1610612752,102.2,110.2,0.609,8.9,90.5,0.597
699821d4e161b702e08a6103,49600011,1610612762,111.2,116.6,0.514,6.7,89,0.596
699821d4e161b702e08a6104,49600011,1610612746,118,109.8,0.472,-6.7,89,0.561
699821d4e161b702e08a6105,49600010,1610612766,111.1,100.4,0.448,-8.9,90.5,0.513
699821d4e161b702e08a6106,49600009,1610612750,109.1,92.6,0.447,-12.5,87.5,0.463
699821d4e161b702e08a6107,49600008,1610612747,89.5,108.9,0.513,19.7,86.5,0.539
699821d4e161b702e08a6108,49600005,1610612737,96.2,111.9,0.485,16.5,78.5,0.566
699821d4e161b702e08a6109,49600006,1610612741,92.5,102.3,0.408,11.8,93.5,0.468
699821d4e161b702e08a610a,49600007,1610612756,105.2,107.9,0.549,5.2,96,0.6
699821d4e161b702e08a610b,49600007,1610612760,110.4,105.9,0.477,-5.2,96,0.524
699821d4e161b702e08a610c,49600006,1610612764,104.3,91.3,0.485,-11.8,93.5,0.536
699821d4e161b702e08a610d,49600005,1610612765,112.7,96.3,0.432,-16.5,78.5,0.458
699821d4e161b702e08a610e,49600008,1610612757,109.2,87.1,0.432,-19.7,86.5,0.456
699821d4e161b702e08a610f,49600002,1610612748,74.4,113.3,0.523,39.4,86.5,0.542
699821d4e161b702e08a6110,49600004,1610612762,101.2,122.3,0.562,23.5,85,0.612
699821d4e161b702e08a6111,49600003,1610612745,106.7,115.9,0.524,19.1,89,0.568
699821d4e161b702e08a6112,49600001,1610612752,116.5,129.5,0.649,14.9,84,0.655
699821d4e161b702e08a6113,49600001,1610612766,131.3,117.8,0.538,-14.9,84,0.582
699821d4e161b702e08a6114,49600003,1610612750,125.8,106.8,0.488,-19.1,89,0.511
699821d4e161b702e08a6115,49600004,1610612746,124.7,99.1,0.439,-23.5,85,0.474
699821d4e161b702e08a6116,49600002,1610612753,113.8,71.5,0.324,-39.4,86.5,0.346
699821d4e161b702e08a6117,49700088,1610612741,107.5,106.9,0.537,-0.1,80.5,0.577
699821d4e161b702e08a6118,49700088,1610612762,107.4,104.9,0.516,0.1,80.5,0.573
699821d4e161b702e08a6119,49700087,1610612762,101.3,102.6,0.515,3.8,79.5,0.554
699821d4e161b702e08a611a,49700087,1610612741,105.1,93.3,0.433,-3.8,79.5,0.483
699821d4e161b702e08a611b,49700086,1610612741,100,104.1,0.404,3.6,82.5,0.475
699821d4e161b702e08a611c,49700086,1610612762,103.6,96.2,0.436,-3.6,82.5,0.47
699821d4e161b702e08a611d,49700085,1610612741,57.4,102.7,0.513,45.8,93.5,0.549
699821d4e161b702e08a611e,49700085,1610612762,103.2,58,0.307,-45.8,93.5,0.355
699821d4e161b702e08a611f,49700084,1610612741,106,115,0.444,8.8,82,0.506
699821d4e161b702e08a6120,49700084,1610612762,114.8,101.9,0.545,-8.8,82,0.584
699821d4e161b702e08a6121,49700083,1610612762,91.4,92.1,0.447,4.3,83.77,0.48
699821d4e161b702e08a6122,49700083,1610612741,95.7,89.4,0.433,-4.3,83.77,0.477
699821d4e161b702e08a6123,49700082,1610612754,110,102.1,0.536,-6.3,80,0.574
699821d4e161b702e08a6124,49700082,1610612741,103.8,108.6,0.421,6.3,80,0.468
699821d4e161b702e08a6125,49700080,1610612754,111.3,111.7,0.5,5.2,79.5,0.539
699821d4e161b702e08a6126,49700080,1610612741,116.5,106.8,0.421,-5.2,79.5,0.504
699821d4e161b702e08a6127,49700078,1610612741,98.9,113.6,0.518,18.9,89,0.562
699821d4e161b702e08a6128,49700078,1610612754,117.8,96.9,0.381,-18.9,89,0.501
699821d4e161b702e08a6129,49700076,1610612741,121.5,116.3,0.586,-2.5,79,0.596
699821d4e161b702e08a612a,49700076,1610612754,119,119.6,0.537,2.5,79,0.556
699821d4e161b702e08a612b,49700075,1610612762,110.8,113.6,0.508,7.7,82,0.604
699821d4e161b702e08a612c,49700075,1610612747,118.5,110.2,0.473,-7.7,82,0.52
699821d4e161b702e08a612d,49700074,1610612754,120.7,124.5,0.59,0.9,87.5,0.653
699821d4e161b702e08a612e,49700074,1610612741,121.6,119.1,0.514,-0.9,87.5,0.576
699821d4e161b702e08a612f,49700073,1610612762,103.2,113.8,0.567,11.6,95,0.621
699821d4e161b702e08a6130,49700073,1610612747,114.7,98.3,0.441,-11.6,95,0.482
699821d4e161b702e08a6131,49700072,1610612741,106.5,115.4,0.468,7.8,91.5,0.541
699821d4e161b702e08a6132,49700072,1610612754,114.3,106.4,0.514,-7.8,91.5,0.59
699821d4e161b702e08a6133,49700071,1610612762,99,105.6,0.529,5.3,95.5,0.584
699821d4e161b702e08a6134,49700071,1610612747,104.2,98,0.486,-5.3,95.5,0.534
699821d4e161b702e08a6135,49700070,1610612741,84,86.5,0.358,6.4,94,0.437
699821d4e161b702e08a6136,49700070,1610612754,90.4,82.3,0.477,-6.4,94,0.513
699821d4e161b702e08a6137,49700069,1610612762,84.6,114.1,0.556,41.2,90,0.601
699821d4e161b702e08a6138,49700069,1610612747,125.8,85.3,0.321,-41.2,90,0.392
699821d4e161b702e08a6139,49700060,1610612754,97.8,112.6,0.493,12.2,90,0.576
699821d4e161b702e08a613a,49700057,1610612741,97.7,108.7,0.446,10.5,86,0.497
699821d4e161b702e08a613b,49700057,1610612766,108.1,98.4,0.528,-10.5,86,0.557
699821d4e161b702e08a613c,49700060,1610612752,110,93.1,0.476,-12.2,90,0.486
699821d4e161b702e08a613d,49700058,1610612762,91.7,102.9,0.43,9.5,85,0.509
699821d4e161b702e08a613e,49700059,1610612747,110.5,125.9,0.664,16,86.5,0.693
699821d4e161b702e08a613f,49700059,1610612760,126.4,109.9,0.469,-16,86.5,0.519
699821d4e161b702e08a6140,49700058,1610612759,101.2,89.2,0.39,-9.5,85,0.451
699821d4e161b702e08a6141,49700056,1610612762,93.6,106.3,0.545,11.5,78,0.568
699821d4e161b702e08a6142,49700055,1610612741,94.1,109.4,0.532,15.2,85.5,0.547
699821d4e161b702e08a6143,49700054,1610612747,122,134.4,0.594,13,82.5,0.607
699821d4e161b702e08a6144,49700053,1610612754,107,114.5,0.548,11,90.57,0.602
699821d4e161b702e08a6145,49700053,1610612752,118,109.1,0.556,-11,90.57,0.594
699821d4e161b702e08a6146,49700054,1610612760,134.9,118.5,0.551,-13,82.5,0.579
699821d4e161b702e08a6147,49700055,1610612766,109.3,94.4,0.473,-15.2,85.5,0.496
699821d4e161b702e08a6148,49700056,1610612759,105.1,93.1,0.406,-11.5,78,0.454
699821d4e161b702e08a6149,49700052,1610612759,78,107,0.426,28.1,81.5,0.516
699821d4e161b702e08a614a,49700051,1610612752,87.4,95.4,0.436,7,87.5,0.512
699821d4e161b702e08a614b,49700051,1610612754,94.3,87.3,0.467,-7,87.5,0.506
699821d4e161b702e08a614c,49700052,1610612762,106.2,76.2,0.312,-28.1,81.5,0.364
699821d4e161b702e08a614d,49700049,1610612741,103.5,116.5,0.544,16.3,86,0.618
699821d4e161b702e08a614e,49700050,1610612747,114.4,133.5,0.617,17.8,90,0.632
699821d4e161b702e08a614f,49700050,1610612760,132.2,113.7,0.494,-17.8,90,0.517
699821d4e161b702e08a6150,49700049,1610612766,119.8,99,0.452,-16.3,86,0.484
699821d4e161b702e08a6151,49700047,1610612754,88.5,98.5,0.437,10.3,86.5,0.51
699821d4e161b702e08a6152,49700048,1610612762,112.8,112.6,0.537,3.2,85.13,0.575
699821d4e161b702e08a6153,49700048,1610612759,116,109.3,0.578,-3.2,85.13,0.602
699821d4e161b702e08a6154,49700047,1610612752,98.8,83,0.438,-10.3,86.5,0.476
699821d4e161b702e08a6155,49700046,1610612747,84,110.8,0.48,28.2,81.5,0.541
699821d4e161b702e08a6156,49700045,1610612766,84.4,91.9,0.42,1.3,90.5,0.47
699821d4e161b702e08a6157,49700045,1610612741,85.7,88.1,0.388,-1.3,90.5,0.421
699821d4e161b702e08a6158,49700046,1610612760,112.2,77.6,0.355,-28.2,81.5,0.397
699821d4e161b702e08a6159,49700043,1610612754,91.2,100.5,0.439,12.1,90.5,0.525
699821d4e161b702e08a615a,49700044,1610612759,94.3,94.6,0.461,-1.1,88,0.528
699821d4e161b702e08a615b,49700044,1610612762,93.2,90.2,0.423,1.1,88,0.456
699821d4e161b702e08a615c,49700043,1610612752,103.3,91.2,0.48,-12.1,90.5,0.506
699821d4e161b702e08a615d,49700042,1610612760,105.7,116.6,0.539,13.4,88,0.596
699821d4e161b702e08a615e,49700042,1610612747,119.1,104.8,0.519,-13.4,88,0.53
699821d4e161b702e08a615f,49700039,1610612762,83.3,96.3,0.479,15.5,84.5,0.511
699821d4e161b702e08a6160,49700036,1610612752,92,109.3,0.541,19.3,88,0.586
699821d4e161b702e08a6161,49700041,1610612741,84.3,99,0.45,16.9,82.5,0.507
699821d4e161b702e08a6162,49700041,1610612766,101.2,81.3,0.396,-16.9,82.5,0.454
699821d4e161b702e08a6163,49700036,1610612748,111.4,92,0.479,-19.3,88,0.5
699821d4e161b702e08a6164,49700039,1610612745,98.8,81.1,0.391,-15.5,84.5,0.405
699821d4e161b702e08a6165,49700033,1610612760,95.5,113.1,0.53,13.5,88.5,0.616
699821d4e161b702e08a6166,49700033,1610612750,109,95.3,0.507,-13.5,88.5,0.537
699821d4e161b702e08a6167,49700032,1610612762,79.8,107.2,0.5,25.9,88.5,0.555
699821d4e161b702e08a6168,49700031,1610612766,98.8,106.4,0.541,8.3,84,0.538
699821d4e161b702e08a6169,49700031,1610612737,107.1,99,0.471,-8.3,84,0.52
699821d4e161b702e08a616a,49700032,1610612745,105.7,77.5,0.338,-25.9,88.5,0.392
699821d4e161b702e08a616b,49700029,1610612747,108.8,122.1,0.595,10.8,91.5,0.624
699821d4e161b702e08a616c,49700028,1610612760,101.1,104.9,0.549,5.8,86.5,0.563
699821d4e161b702e08a616d,49700027,1610612754,87.1,95.3,0.524,7.1,85,0.572
699821d4e161b702e08a616e,49700026,1610612752,101.2,109.4,0.449,4.7,84.5,0.528
699821d4e161b702e08a616f,49700026,1610612748,105.9,100.3,0.516,-4.7,84.5,0.554
699821d4e161b702e08a6170,49700027,1610612739,94.1,87.3,0.429,-7.1,85,0.509
699821d4e161b702e08a6171,49700028,1610612750,107,97.9,0.474,-5.8,86.5,0.512
699821d4e161b702e08a6172,49700029,1610612757,119.6,105,0.434,-10.8,91.5,0.479
699821d4e161b702e08a6173,49700024,1610612759,84.2,105.3,0.493,18.9,95.5,0.55
699821d4e161b702e08a6174,49700023,1610612741,121.7,139,0.616,18.1,83,0.648
699821d4e161b702e08a6175,49700025,1610612745,96.6,99,0.442,4.5,88,0.501
699821d4e161b702e08a6176,49700025,1610612762,101.1,92.7,0.459,-4.5,88,0.514
699821d4e161b702e08a6177,49700023,1610612751,139.8,122.7,0.623,-18.1,83,0.653
699821d4e161b702e08a6178,49700024,1610612756,103.1,84.7,0.402,-18.9,95.5,0.423
699821d4e161b702e08a6179,49700020,1610612737,73.6,115.4,0.553,38.1,86.5,0.606
699821d4e161b702e08a617a,49700019,1610612748,93.4,101.2,0.523,5.5,91.5,0.562
699821d4e161b702e08a617b,49700021,1610612750,108.4,114.7,0.549,9.6,83,0.594
699821d4e161b702e08a617c,49700022,1610612757,101.1,105.4,0.462,5.4,93,0.527
699821d4e161b702e08a617d,49700022,1610612747,106.5,99.6,0.469,-5.4,93,0.493
699821d4e161b702e08a617e,49700021,1610612760,118.1,104.1,0.487,-9.6,83,0.526
699821d4e161b702e08a617f,49700019,1610612752,98.9,92.4,0.477,-5.5,91.5,0.538
699821d4e161b702e08a6180,49700020,1610612766,111.6,72.7,0.37,-38.1,86.5,0.4
699821d4e161b702e08a6181,49700018,1610612759,98.9,112.6,0.536,12.2,89.5,0.545
699821d4e161b702e08a6182,49700017,1610612739,89.5,100.8,0.477,10.5,86,0.536
699821d4e161b702e08a6183,49700017,1610612754,100,88.9,0.464,-10.5,86,0.509
699821d4e161b702e08a6184,49700018,1610612756,111.1,96.4,0.424,-12.2,89.5,0.467
699821d4e161b702e08a6185,49700015,1610612741,102.2,102,0.432,4.4,89.5,0.489
699821d4e161b702e08a6186,49700013,1610612752,96.6,108.4,0.481,10,89.5,0.53
699821d4e161b702e08a6187,49700016,1610612750,108.1,112.5,0.459,5.8,86,0.51
699821d4e161b702e08a6188,49700014,1610612747,111.2,118.8,0.552,8.8,89.5,0.601
699821d4e161b702e08a6189,49700014,1610612757,120,108.5,0.554,-8.8,89.5,0.595
699821d4e161b702e08a618a,49700016,1610612760,114,106.6,0.513,-5.8,86,0.546
699821d4e161b702e08a618b,49700013,1610612748,106.7,96.7,0.436,-10,89.5,0.506
699821d4e161b702e08a618c,49700015,1610612751,106.7,98.4,0.447,-4.4,89.5,0.492
699821d4e161b702e08a618d,49700012,1610612762,93.8,109.1,0.514,16.8,95.5,0.563
699821d4e161b702e08a618e,49700011,1610612766,100,109.4,0.507,7,85.5,0.554
699821d4e161b702e08a618f,49700010,1610612756,105.2,112.8,0.524,8.5,95.5,0.57
699821d4e161b702e08a6190,49700009,1610612754,111.7,112.9,0.506,4.8,78,0.538
699821d4e161b702e08a6191,49700009,1610612739,116.5,107.2,0.525,-4.8,78,0.596
699821d4e161b702e08a6192,49700010,1610612759,113.7,103.8,0.54,-8.5,95.5,0.578
699821d4e161b702e08a6193,49700011,1610612737,107,100.1,0.456,-7,85.5,0.489
699821d4e161b702e08a6194,49700012,1610612745,110.5,95.8,0.387,-16.8,95.5,0.5
699821d4e161b702e08a6195,49700007,1610612760,86.5,110.7,0.489,26,96,0.532
699821d4e161b702e08a6196,49700005,1610612748,94,106.3,0.468,15.3,85,0.525
699821d4e161b702e08a6197,49700008,1610612747,108.5,108.4,0.514,-0.2,95,0.578
699821d4e161b702e08a6198,49700006,1610612741,94.9,97.8,0.493,4.1,88.3,0.532
699821d4e161b702e08a6199,49700006,1610612751,99,96.1,0.419,-4.1,88.3,0.471
699821d4e161b702e08a619a,49700008,1610612757,108.3,104.5,0.52,0.2,95,0.582
699821d4e161b702e08a619b,49700005,1610612752,109.3,91.1,0.373,-15.3,85,0.472
699821d4e161b702e08a619c,49700007,1610612750,112.5,87.1,0.353,-26,96,0.41
699821d4e161b702e08a619d,49700002,1610612754,89.5,119,0.567,32.3,86.5,0.623
699821d4e161b702e08a619e,49700003,1610612745,100,114.6,0.535,13.2,90.5,0.593
699821d4e161b702e08a619f,49700001,1610612766,100,110.9,0.632,14.1,86,0.643
699821d4e161b702e08a61a0,49700004,1610612759,104.3,109.8,0.551,6.5,92,0.587
699821d4e161b702e08a61a1,49700004,1610612756,110.9,103.3,0.489,-6.5,92,0.506
699821d4e161b702e08a61a2,49700001,1610612737,114.1,99.7,0.506,-14.1,86,0.504
699821d4e161b702e08a61a3,49700003,1610612762,113.2,97.7,0.449,-13.2,90.5,0.489
699821d4e161b702e08a61a4,49700002,1610612739,121.8,84.8,0.373,-32.3,86.5,0.465
699821d4e161b702e08a61a5,49800087,1610612759,90.6,91.8,0.44,2.3,84.5,0.5
699821d4e161b702e08a61a6,49800087,1610612752,92.9,86.5,0.451,-2.3,84.5,0.487
699821d4e161b702e08a61a7,49800086,1610612759,98.9,106.3,0.487,6.6,90.5,0.55
699821d4e161b702e08a61a8,49800086,1610612752,105.5,95.4,0.425,-6.6,90.5,0.482
699821d4e161b702e08a61a9,49800085,1610612752,95.3,98.7,0.423,8.2,85.5,0.488
699821d4e161b702e08a61aa,49800085,1610612759,103.5,95.7,0.485,-8.2,85.5,0.542
699821d4e161b702e08a61ab,49800084,1610612759,75.3,91.5,0.444,14.6,89,0.51
699821d4e161b702e08a61ac,49800084,1610612752,89.9,74.2,0.341,-14.6,89,0.384
699821d4e161b702e08a61ad,49800083,1610612759,86.5,98.2,0.522,12.4,89.5,0.552
699821d4e161b702e08a61ae,49800083,1610612752,98.9,84.3,0.395,-12.4,89.5,0.431
699821d4e161b702e08a61af,49800074,1610612752,90.1,99.4,0.45,8.8,91,0.532
699821d4e161b702e08a61b0,49800074,1610612754,98.9,82.9,0.474,-8.8,91,0.506
699821d4e161b702e08a61b1,49800073,1610612752,101.1,109.1,0.473,6.4,93.5,0.545
699821d4e161b702e08a61b2,49800073,1610612754,107.4,101.5,0.456,-6.4,93.5,0.507
699821d4e161b702e08a61b3,49800072,1610612754,87.6,96.6,0.515,13.5,89,0.568
699821d4e161b702e08a61b4,49800072,1610612752,101.1,82.8,0.431,-13.5,89,0.453
699821d4e161b702e08a61b5,49800079,1610612759,101.3,117.5,0.536,17.7,79,0.588
699821d4e161b702e08a61b6,49800079,1610612757,119,100.8,0.485,-17.7,79,0.538
699821d4e161b702e08a61b7,49800071,1610612754,104.5,103.4,0.531,1.3,87,0.599
699821d4e161b702e08a61b8,49800071,1610612752,105.8,98,0.465,-1.3,87,0.49
699821d4e161b702e08a61b9,49800078,1610612759,73.3,99.9,0.485,24.4,86.5,0.544
699821d4e161b702e08a61ba,49800078,1610612757,97.7,69.4,0.266,-24.4,86.5,0.351
699821d4e161b702e08a61bb,49800070,1610612754,98.9,98.1,0.434,3.5,86.5,0.496
699821d4e161b702e08a61bc,49800070,1610612752,102.3,98.5,0.468,-3.5,86.5,0.549
699821d4e161b702e08a61bd,49800077,1610612759,98.8,100,0.507,2.3,85.5,0.531
699821d4e161b702e08a61be,49800077,1610612757,101.2,95.2,0.434,-2.3,85.5,0.481
699821d4e161b702e08a61bf,49800069,1610612754,108.1,106,0.46,-3.5,86,0.518
699821d4e161b702e08a61c0,49800069,1610612752,104.7,108.6,0.472,3.5,86,0.543
699821d4e161b702e08a61c1,49800076,1610612757,101.3,95,0.493,-5.1,79,0.521
699821d4e161b702e08a61c2,49800076,1610612759,96.2,97.9,0.414,5.1,79,0.467
699821d4e161b702e08a61c3,49800062,1610612757,94.1,105.8,0.442,14.1,85,0.548
699821d4e161b702e08a61c4,49800062,1610612762,108.2,91.7,0.404,-14.1,85,0.493
699821d4e161b702e08a61c5,49800058,1610612762,92.2,115.1,0.538,20.6,77.5,0.568
699821d4e161b702e08a61c6,49800058,1610612757,112.8,88.5,0.358,-20.6,77.5,0.443
699821d4e161b702e08a61c7,49800056,1610612752,73.3,88.3,0.477,15.4,89.5,0.517
699821d4e161b702e08a61c8,49800056,1610612737,88.8,71.6,0.308,-15.4,89.5,0.378
699821d4e161b702e08a61c9,49800054,1610612759,105.9,118.3,0.658,10.9,101,0.704
699821d4e161b702e08a61ca,49800053,1610612752,92.9,107.8,0.476,13,84.5,0.503
699821d4e161b702e08a61cb,49800055,1610612757,84.3,89.5,0.375,6.7,89,0.491
699821d4e161b702e08a61cc,49800052,1610612754,101.2,106.6,0.463,2.3,85.5,0.546
699821d4e161b702e08a61cd,49800052,1610612755,103.5,98.2,0.42,-2.3,85.5,0.455
699821d4e161b702e08a61ce,49800055,1610612762,91,80.3,0.421,-6.7,89,0.46
699821d4e161b702e08a61cf,49800053,1610612737,105.9,88.1,0.322,-13,84.5,0.4
699821d4e161b702e08a61d0,49800054,1610612747,116.8,103,0.457,-10.9,101,0.496
699821d4e161b702e08a61d1,49800050,1610612757,97.8,112.8,0.47,10,89.5,0.551
699821d4e161b702e08a61d2,49800051,1610612759,97.8,106.7,0.487,11.7,93.5,0.557
699821d4e161b702e08a61d3,49800051,1610612747,109.6,97,0.453,-11.7,93.5,0.501
699821d4e161b702e08a61d4,49800050,1610612762,107.8,94.7,0.403,-10,89.5,0.495
699821d4e161b702e08a61d5,49800049,1610612754,94.5,105,0.553,12.1,91,0.575
699821d4e161b702e08a61d6,49800049,1610612755,106.6,93.2,0.392,-12.1,91,0.429
699821d4e161b702e08a61d7,49800047,1610612752,76.9,86.9,0.41,7.7,91,0.477
699821d4e161b702e08a61d8,49800048,1610612757,94.2,98.5,0.439,3.5,86,0.487
699821d4e161b702e08a61d9,49800048,1610612762,97.7,88.6,0.42,-3.5,86,0.469
699821d4e161b702e08a61da,49800047,1610612737,84.6,73.1,0.309,-7.7,91,0.373
699821d4e161b702e08a61db,49800046,1610612759,87.4,90.9,0.449,3.4,87,0.514
699821d4e161b702e08a61dc,49800045,1610612754,96.5,100.5,0.432,5.9,84,0.464
699821d4e161b702e08a61dd,49800045,1610612755,102.4,95.7,0.406,-5.9,84,0.457
699821d4e161b702e08a61de,49800046,1610612747,90.8,84,0.442,-3.4,87,0.472
699821d4e161b702e08a61df,49800044,1610612762,96.5,105.1,0.477,9.2,87,0.55
699821d4e161b702e08a61e0,49800043,1610612752,105.7,109.6,0.519,10.5,86.5,0.58
699821d4e161b702e08a61e1,49800043,1610612737,116.3,101.9,0.426,-10.5,86.5,0.51
699821d4e161b702e08a61e2,49800044,1610612757,105.7,95.4,0.453,-9.2,87,0.483
699821d4e161b702e08a61e3,49800042,1610612759,93.1,95.6,0.439,6.9,87,0.489
699821d4e161b702e08a61e4,49800041,1610612754,104.7,106.7,0.472,4.7,86,0.546
699821d4e161b702e08a61e5,49800041,1610612755,109.3,104.5,0.475,-4.7,86,0.505
699821d4e161b702e08a61e6,49800042,1610612747,100,91.6,0.392,-6.9,87,0.448
699821d4e161b702e08a61e7,49800035,1610612737,94.9,106.4,0.508,12.5,80,0.559
699821d4e161b702e08a61e8,49800037,1610612762,95.8,97.1,0.405,7.3,86.94,0.5
699821d4e161b702e08a61e9,49800033,1610612752,98.7,101.2,0.446,2.6,77.5,0.481
699821d4e161b702e08a61ea,49800033,1610612748,101.3,94.3,0.437,-2.6,77.5,0.502
699821d4e161b702e08a61eb,49800037,1610612758,103.1,93.7,0.451,-7.3,86.94,0.483
699821d4e161b702e08a61ec,49800035,1610612765,107.4,92.9,0.445,-12.5,80,0.476
699821d4e161b702e08a61ed,49800030,1610612755,108.3,123.7,0.5,11.9,84,0.576
699821d4e161b702e08a61ee,49800032,1610612747,92.6,102.9,0.506,11.6,94.5,0.531
699821d4e161b702e08a61ef,49800031,1610612759,95.5,104,0.423,7.9,89,0.514
699821d4e161b702e08a61f0,49800031,1610612750,103.4,94.7,0.406,-7.9,89,0.453
699821d4e161b702e08a61f1,49800032,1610612745,104.3,88.1,0.397,-11.6,94.5,0.445
699821d4e161b702e08a61f2,49800030,1610612753,120.2,106.6,0.434,-11.9,84,0.498
699821d4e161b702e08a61f3,49800025,1610612748,88.9,106.8,0.493,18.5,81,0.534
699821d4e161b702e08a61f4,49800026,1610612765,98.8,117.3,0.589,23.8,83.5,0.614
699821d4e161b702e08a61f5,49800028,1610612758,102.3,98.7,0.414,-2.3,88.5,0.499
699821d4e161b702e08a61f6,49800028,1610612762,100,101.8,0.494,2.3,88.5,0.521
699821d4e161b702e08a61f7,49800026,1610612737,122.6,95.2,0.492,-23.8,83.5,0.539
699821d4e161b702e08a61f8,49800025,1610612752,107.4,89.4,0.417,-18.5,81,0.47
699821d4e161b702e08a61f9,49800022,1610612759,83.5,98,0.493,14.2,86,0.52
699821d4e161b702e08a61fa,49800024,1610612745,95.7,110.8,0.443,14,92.5,0.505
699821d4e161b702e08a61fb,49800021,1610612755,88.5,103.1,0.466,13.6,95.5,0.489
699821d4e161b702e08a61fc,49800023,1610612754,107.1,107.5,0.476,8.1,85.5,0.532
699821d4e161b702e08a61fd,49800023,1610612749,115.1,107.7,0.485,-8.1,85.5,0.558
699821d4e161b702e08a61fe,49800021,1610612753,102.1,87.3,0.444,-13.6,95.5,0.51
699821d4e161b702e08a61ff,49800024,1610612747,109.7,91.2,0.402,-14,92.5,0.456
699821d4e161b702e08a6200,49800022,1610612750,97.7,81.7,0.363,-14.2,86,0.404
699821d4e161b702e08a6201,49800018,1610612752,89,119.5,0.493,29.3,82,0.563
699821d4e161b702e08a6202,49800017,1610612765,82.9,104.7,0.434,23.9,75,0.473
699821d4e161b702e08a6203,49800019,1610612757,100,106.9,0.556,10.8,93,0.633
699821d4e161b702e08a6204,49800020,1610612758,83.5,86.8,0.422,4.9,86.94,0.458
699821d4e161b702e08a6205,49800020,1610612762,88.4,83.8,0.399,-4.9,86.94,0.462
699821d4e161b702e08a6206,49800019,1610612756,110.8,97.6,0.488,-10.8,93,0.515
699821d4e161b702e08a6207,49800017,1610612737,106.8,80.3,0.414,-23.9,75,0.441
699821d4e161b702e08a6208,49800018,1610612748,118.3,84,0.371,-29.3,82,0.446
699821d4e161b702e08a6209,49800013,1610612753,74.7,85.1,0.414,11.1,91.5,0.482
699821d4e161b702e08a620a,49800016,1610612747,101,114,0.602,12.4,97,0.608
699821d4e161b702e08a620b,49800014,1610612750,85.5,90.7,0.413,10.8,83,0.434
699821d4e161b702e08a620c,49800015,1610612754,102.9,103.3,0.5,0,94.64,0.571
699821d4e161b702e08a620d,49800015,1610612749,102.9,102.6,0.545,0,94.64,0.592
699821d4e161b702e08a620e,49800014,1610612759,96.4,87.6,0.397,-10.8,83,0.461
699821d4e161b702e08a620f,49800016,1610612745,113.4,104.2,0.468,-12.4,97,0.532
699821d4e161b702e08a6210,49800013,1610612755,85.9,75.2,0.372,-11.1,91.5,0.417
699821d4e161b702e08a6211,49800009,1610612748,86.9,99,0.551,11.9,84,0.585
699821d4e161b702e08a6212,49800010,1610612737,84.1,105.1,0.494,25.7,81.5,0.525
699821d4e161b702e08a6213,49800012,1610612757,111.2,121.7,0.618,11,89.5,0.659
699821d4e161b702e08a6214,49800011,1610612758,94.7,106,0.556,10.5,95.5,0.599
699821d4e161b702e08a6215,49800011,1610612762,105.2,92.1,0.404,-10.5,95.5,0.47
699821d4e161b702e08a6216,49800012,1610612756,122.2,109.5,0.494,-11,89.5,0.53
699821d4e161b702e08a6217,49800010,1610612765,109.9,85.6,0.403,-25.7,81.5,0.439
699821d4e161b702e08a6218,49800009,1610612752,98.8,87.1,0.428,-11.9,84,0.469
699821d4e161b702e08a6219,49800008,1610612754,98.9,123.8,0.551,26.1,88.5,0.605
699821d4e161b702e08a621a,49800005,1610612755,96.8,108,0.465,15.1,93,0.513
699821d4e161b702e08a621b,49800006,1610612759,94.5,108,0.506,15.5,90.5,0.546
699821d4e161b702e08a621c,49800007,1610612747,112.4,112,0.519,3.7,88,0.554
699821d4e161b702e08a621d,49800007,1610612745,116.1,112.2,0.562,-3.7,88,0.602
699821d4e161b702e08a621e,49800006,1610612750,110,94.3,0.472,-15.5,90.5,0.529
699821d4e161b702e08a621f,49800005,1610612753,111.8,95.6,0.397,-15.1,93,0.473
699821d4e161b702e08a6220,49800008,1610612749,125,96.8,0.425,-26.1,88.5,0.479
699821d4e161b702e08a6221,49800003,1610612762,90.6,122.8,0.588,31.3,96,0.621
699821d4e161b702e08a6222,49800004,1610612737,84.3,105.1,0.506,24.1,83,0.538
699821d4e161b702e08a6223,49800001,1610612752,86.2,109.7,0.561,23,87,0.589
699821d4e161b702e08a6224,49800002,1610612757,88.5,100.6,0.5,10.4,96,0.563
699821d4e161b702e08a6225,49800002,1610612756,99,88.6,0.437,-10.4,96,0.489
699821d4e161b702e08a6226,49800001,1610612748,109.2,85.7,0.378,-23,87,0.423
699821d4e161b702e08a6227,49800004,1610612765,108.4,82.3,0.38,-24.1,83,0.427
699821d4e161b702e08a6228,49800003,1610612758,121.9,86.5,0.4,-31.3,96,0.455
699821d4e161b702e08a6229,49900088,1610612747,123.3,120.2,0.533,4.1,90.5,0.555
699821d4e161b702e08a622a,49900088,1610612754,127.5,121.9,0.545,-4.1,90.5,0.609
699821d4e161b702e08a622b,49900087,1610612754,93.5,127.9,0.647,35.5,93,0.716
699821d4e161b702e08a622c,49900087,1610612747,129,88.6,0.422,-35.5,93,0.438
699821d4e161b702e08a622d,49900086,1610612754,121.2,117.6,0.56,0.4,88.75,0.613
699821d4e161b702e08a622e,49900086,1610612747,121.6,115.2,0.538,-0.4,88.75,0.565
699821d4e161b702e08a622f,49900085,1610612754,101.1,108,0.506,8.8,90.5,0.565
699821d4e161b702e08a6230,49900085,1610612747,109.9,97.5,0.546,-8.8,90.5,0.539
699821d4e161b702e08a6231,49900084,1610612747,106.1,112,0.527,8.3,97.5,0.555
699821d4e161b702e08a6232,49900084,1610612754,114.4,105.9,0.403,-8.3,97.5,0.494
699821d4e161b702e08a6233,49900083,1610612747,93.5,110.2,0.528,18.3,93,0.54
699821d4e161b702e08a6234,49900083,1610612754,111.8,92.4,0.454,-18.3,93,0.505
699821d4e161b702e08a6235,49900075,1610612747,94.4,104.4,0.548,6.8,88.53,0.561
699821d4e161b702e08a6236,49900075,1610612757,101.1,95.4,0.468,-6.8,88.53,0.5
699821d4e161b702e08a6237,49900074,1610612757,106.9,118.4,0.507,11.5,87,0.579
699821d4e161b702e08a6238,49900081,1610612754,87,98.3,0.439,14.1,92,0.531
699821d4e161b702e08a6239,49900081,1610612752,101.1,87.6,0.446,-14.1,92,0.486
699821d4e161b702e08a623a,49900074,1610612747,118.4,105.8,0.533,-11.5,87,0.535
699821d4e161b702e08a623b,49900080,1610612754,96.3,104.8,0.43,9.7,82.5,0.489
699821d4e161b702e08a623c,49900080,1610612752,106,95.8,0.44,-9.7,82.5,0.479
699821d4e161b702e08a623d,49900073,1610612757,96.7,105.5,0.473,11.2,90,0.54
699821d4e161b702e08a623e,49900073,1610612747,107.9,93.4,0.418,-11.2,90,0.477
699821d4e161b702e08a623f,49900079,1610612752,108.5,110.9,0.563,2.4,82,0.583
699821d4e161b702e08a6240,49900079,1610612754,111,105.5,0.506,-2.4,82,0.534
699821d4e161b702e08a6241,49900072,1610612747,100,112,0.507,13.2,91,0.599
699821d4e161b702e08a6242,49900072,1610612757,113.2,97.9,0.422,-13.2,91,0.495
699821d4e161b702e08a6243,49900078,1610612752,109.2,113.2,0.541,2.2,87.5,0.579
699821d4e161b702e08a6244,49900078,1610612754,111.4,104.5,0.564,-2.2,87.5,0.61
699821d4e161b702e08a6245,49900071,1610612747,108.3,109.8,0.556,1.1,84.5,0.576
699821d4e161b702e08a6246,49900071,1610612757,109.4,105.2,0.558,-1.1,84.5,0.595
699821d4e161b702e08a6247,49900077,1610612754,96.6,101.5,0.39,5.8,86.5,0.469
699821d4e161b702e08a6248,49900077,1610612752,102.3,97.8,0.449,-5.8,86.5,0.489
699821d4e161b702e08a6249,49900076,1610612754,102.3,114.2,0.542,16.3,86,0.578
699821d4e161b702e08a624a,49900076,1610612752,118.6,98.3,0.475,-16.3,86,0.503
699821d4e161b702e08a624b,49900070,1610612757,85.6,119.4,0.48,33.5,89.5,0.565
699821d4e161b702e08a624c,49900070,1610612747,119.1,84.5,0.435,-33.5,89.5,0.463
699821d4e161b702e08a624d,49900047,1610612752,105.1,105.5,0.382,-1.4,79,0.485
699821d4e161b702e08a624e,49900047,1610612748,103.8,98.5,0.444,1.4,79,0.459
699821d4e161b702e08a624f,49900069,1610612747,102.2,118.6,0.599,13.8,93,0.606
699821d4e161b702e08a6250,49900069,1610612757,116,99.4,0.468,-13.8,93,0.531
699821d4e161b702e08a6251,49900053,1610612754,98.9,117.2,0.559,18.9,90.5,0.606
699821d4e161b702e08a6252,49900046,1610612748,87.8,84.6,0.371,-3.5,82.5,0.444
699821d4e161b702e08a6253,49900046,1610612752,84.3,87.4,0.401,3.5,82.5,0.454
699821d4e161b702e08a6254,49900053,1610612755,117.8,96.4,0.402,-18.9,90.5,0.453
699821d4e161b702e08a6255,49900045,1610612748,98.8,102.5,0.453,7.3,82,0.507
699821d4e161b702e08a6256,49900045,1610612752,106.1,99.7,0.493,-7.3,82,0.511
699821d4e161b702e08a6257,49900059,1610612747,72.2,97.4,0.4,24.4,90,0.452
699821d4e161b702e08a6258,49900066,1610612757,88.8,87.9,0.452,3.3,88.5,0.487
699821d4e161b702e08a6259,49900066,1610612762,92,87.7,0.427,-3.3,88.5,0.464
699821d4e161b702e08a625a,49900059,1610612756,96.7,70.5,0.313,-24.4,90,0.364
699821d4e161b702e08a625b,49900052,1610612755,92.5,113.7,0.519,23.8,92.5,0.581
699821d4e161b702e08a625c,49900052,1610612754,116.3,88.8,0.423,-23.8,92.5,0.463
699821d4e161b702e08a625d,49900058,1610612756,105.4,120.8,0.581,19.1,93.5,0.598
699821d4e161b702e08a625e,49900065,1610612762,96.6,100,0.478,4.6,87.5,0.53
699821d4e161b702e08a625f,49900044,1610612752,97.6,106.2,0.474,10.7,84.5,0.519
699821d4e161b702e08a6260,49900044,1610612748,108.3,98,0.458,-10.7,84.5,0.508
699821d4e161b702e08a6261,49900065,1610612757,101.1,95.5,0.424,-4.6,87.5,0.489
699821d4e161b702e08a6262,49900058,1610612747,124.5,103.4,0.455,-19.1,93.5,0.506
699821d4e161b702e08a6263,49900051,1610612754,107,98.9,0.431,-2.3,86,0.495
699821d4e161b702e08a6264,49900051,1610612755,104.7,103.5,0.404,2.3,86,0.475
699821d4e161b702e08a6265,49900043,1610612752,88.5,85.8,0.438,-0.1,78.34,0.51
699821d4e161b702e08a6266,49900057,1610612747,108.8,117.4,0.5,7.9,90.5,0.568
699821d4e161b702e08a6267,49900057,1610612756,116.7,106.5,0.481,-7.9,90.5,0.538
699821d4e161b702e08a6268,49900043,1610612748,88.4,83.6,0.388,0.1,78.34,0.422
699821d4e161b702e08a6269,49900064,1610612757,98.8,117.6,0.538,22.4,85,0.582
699821d4e161b702e08a626a,49900064,1610612762,121.2,100.4,0.436,-22.4,85,0.502
699821d4e161b702e08a626b,49900050,1610612754,101.1,112,0.545,10.4,87.5,0.573
699821d4e161b702e08a626c,49900056,1610612747,107.9,108.6,0.555,1.1,89.06,0.568
699821d4e161b702e08a626d,49900056,1610612756,109,107,0.465,-1.1,89.06,0.507
699821d4e161b702e08a626e,49900050,1610612755,111.5,95.6,0.422,-10.4,87.5,0.489
699821d4e161b702e08a626f,49900063,1610612757,93.4,112.7,0.609,18.5,91.5,0.649
699821d4e161b702e08a6270,49900042,1610612752,86.4,91.6,0.375,7.9,87.5,0.474
699821d4e161b702e08a6271,49900042,1610612748,94.3,84.9,0.385,-7.9,87.5,0.429
699821d4e161b702e08a6272,49900063,1610612762,112,92.2,0.473,-18.5,91.5,0.517
699821d4e161b702e08a6273,49900049,1610612754,102.1,109.6,0.539,6.3,95,0.592
699821d4e161b702e08a6274,49900049,1610612755,108.4,100.7,0.455,-6.3,95,0.514
699821d4e161b702e08a6275,49900055,1610612747,81.9,108.9,0.457,31,93.5,0.508
699821d4e161b702e08a6276,49900062,1610612757,89.3,111.9,0.411,25.3,83,0.516
699821d4e161b702e08a6277,49900041,1610612748,94.3,99.9,0.486,4.5,88,0.536
699821d4e161b702e08a6278,49900041,1610612752,98.9,91.4,0.436,-4.5,88,0.478
699821d4e161b702e08a6279,49900062,1610612762,114.6,84.2,0.388,-25.3,83,0.435
699821d4e161b702e08a627a,49900055,1610612756,112.9,78.7,0.383,-31,93.5,0.433
699821d4e161b702e08a627b,49900048,1610612754,104.6,123.8,0.563,16.8,88,0.612
699821d4e161b702e08a627c,49900048,1610612755,121.3,98.2,0.457,-16.8,88,0.496
699821d4e161b702e08a627d,49900039,1610612747,92.5,119.7,0.533,29,93,0.557
699821d4e161b702e08a627e,49900040,1610612762,106.9,107.1,0.537,3.4,87,0.548
699821d4e161b702e08a627f,49900040,1610612760,110.3,103.9,0.482,-3.4,87,0.52
699821d4e161b702e08a6280,49900039,1610612758,121.5,90.6,0.383,-29,93,0.468
699821d4e161b702e08a6281,49900033,1610612754,105.6,103.2,0.47,1.1,90,0.511
699821d4e161b702e08a6282,49900033,1610612749,106.7,106.7,0.451,-1.1,90,0.511
699821d4e161b702e08a6283,49900032,1610612760,101.1,108.2,0.489,12,92,0.53
699821d4e161b702e08a6284,49900032,1610612762,113,99.5,0.455,-12,92,0.526
699821d4e161b702e08a6285,49900030,1610612756,80.4,95.3,0.481,10.4,97.5,0.504
699821d4e161b702e08a6286,49900028,1610612758,91.7,107.6,0.494,12.5,96.5,0.538
699821d4e161b702e08a6287,49900029,1610612757,89.5,95.6,0.492,9.3,86,0.546
699821d4e161b702e08a6288,49900029,1610612750,98.8,86.6,0.372,-9.3,86,0.428
699821d4e161b702e08a6289,49900028,1610612747,104.1,89.1,0.397,-12.5,96.5,0.441
699821d4e161b702e08a628a,49900030,1610612759,90.8,81.1,0.37,-10.4,97.5,0.433
699821d4e161b702e08a628b,49900025,1610612749,92.6,105.7,0.524,13.8,94,0.546
699821d4e161b702e08a628c,49900026,1610612755,116.5,120.5,0.558,5.6,85.5,0.596
699821d4e161b702e08a628d,49900026,1610612766,122.1,114.7,0.469,-5.6,85.5,0.53
699821d4e161b702e08a628e,49900025,1610612754,106.4,91.5,0.4,-13.8,94,0.488
699821d4e161b702e08a628f,49900024,1610612758,98.9,110,0.463,9.9,91.5,0.516
699821d4e161b702e08a6290,49900023,1610612750,110.1,118.9,0.577,8.9,79,0.602
699821d4e161b702e08a6291,49900022,1610612752,92,102,0.54,8,87,0.585
699821d4e161b702e08a6292,49900022,1610612761,100,90.3,0.367,-8,87,0.428
699821d4e161b702e08a6293,49900023,1610612757,119,107.5,0.461,-8.9,79,0.518
699821d4e161b702e08a6294,49900024,1610612747,108.8,96.7,0.436,-9.9,91.5,0.455
699821d4e161b702e08a6295,49900018,1610612748,75,95.8,0.542,19.8,96,0.555
699821d4e161b702e08a6296,49900019,1610612756,103.3,109.1,0.477,6.5,91.5,0.518
699821d4e161b702e08a6297,49900021,1610612754,109.1,126.2,0.542,17.7,87,0.59
699821d4e161b702e08a6298,49900020,1610612760,88.6,98,0.457,12.5,88,0.518
699821d4e161b702e08a6299,49900020,1610612762,101.1,88.7,0.432,-12.5,88,0.476
699821d4e161b702e08a629a,49900021,1610612749,126.7,107.4,0.483,-17.7,87,0.509
699821d4e161b702e08a629b,49900019,1610612759,109.8,102.4,0.422,-6.5,91.5,0.506
699821d4e161b702e08a629c,49900018,1610612765,94.8,73,0.336,-19.8,96,0.416
699821d4e161b702e08a629d,49900017,1610612755,85.4,86.8,0.378,7.7,88,0.448
699821d4e161b702e08a629e,49900017,1610612766,93.1,84.4,0.38,-7.7,88,0.463
699821d4e161b702e08a629f,49900016,1610612747,95.7,122.3,0.524,27.1,92.5,0.568
699821d4e161b702e08a62a0,49900015,1610612749,98.9,109.5,0.558,12.9,92.5,0.591
699821d4e161b702e08a62a1,49900015,1610612754,111.8,97.4,0.413,-12.9,92.5,0.477
699821d4e161b702e08a62a2,49900016,1610612758,122.8,93.9,0.456,-27.1,92.5,0.501
699821d4e161b702e08a62a3,49900014,1610612757,98.8,99.9,0.486,2.4,84,0.537
699821d4e161b702e08a62a4,49900013,1610612761,98.8,97.6,0.431,-2.3,85.5,0.546
699821d4e161b702e08a62a5,49900013,1610612752,96.5,98,0.418,2.3,85.5,0.502
699821d4e161b702e08a62a6,49900014,1610612750,101.2,98,0.451,-2.4,84,0.508
699821d4e161b702e08a62a7,49900012,1610612759,78.7,90,0.377,17.9,88.5,0.46
699821d4e161b702e08a62a8,49900011,1610612748,91.1,93.8,0.479,2.2,90,0.515
699821d4e161b702e08a62a9,49900011,1610612765,93.3,93.3,0.5,-2.2,90,0.54
699821d4e161b702e08a62aa,49900012,1610612756,96.6,73.4,0.343,-17.9,88.5,0.371
699821d4e161b702e08a62ab,49900009,1610612766,105.4,117.3,0.566,10.8,84.23,0.6
699821d4e161b702e08a62ac,49900010,1610612762,94.6,110,0.611,16.4,91.5,0.625
699821d4e161b702e08a62ad,49900010,1610612760,111,96.1,0.507,-16.4,91.5,0.547
699821d4e161b702e08a62ae,49900009,1610612755,116.1,103.9,0.477,-10.8,84.23,0.519
699821d4e161b702e08a62af,49900007,1610612747,113.8,127,0.54,12,93.5,0.556
699821d4e161b702e08a62b0,49900006,1610612757,103.5,104.5,0.467,2.3,85.5,0.535
699821d4e161b702e08a62b1,49900008,1610612754,92.4,95.2,0.401,3.3,92,0.452
699821d4e161b702e08a62b2,49900005,1610612761,100,94.3,0.42,-6.4,93,0.471
699821d4e161b702e08a62b3,49900005,1610612752,93.6,98.7,0.521,6.4,93,0.566
699821d4e161b702e08a62b4,49900008,1610612749,95.7,89.1,0.386,-3.3,92,0.45
699821d4e161b702e08a62b5,49900006,1610612750,105.8,96.5,0.482,-2.3,85.5,0.499
699821d4e161b702e08a62b6,49900007,1610612758,125.8,108.7,0.476,-12,93.5,0.533
699821d4e161b702e08a62b7,49900003,1610612762,100,115,0.506,14.3,92,0.569
699821d4e161b702e08a62b8,49900001,1610612748,96.6,107.3,0.514,10.2,88.5,0.568
699821d4e161b702e08a62b9,49900002,1610612756,77.8,79.6,0.384,3.1,89.5,0.417
699821d4e161b702e08a62ba,49900004,1610612755,93.2,103.8,0.449,12.6,87.5,0.502
699821d4e161b702e08a62bb,49900004,1610612766,105.7,94.1,0.4,-12.6,87.5,0.499
699821d4e161b702e08a62bc,49900002,1610612759,80.9,76.7,0.397,-3.1,89.5,0.426
699821d4e161b702e08a62bd,49900001,1610612765,106.7,94.4,0.478,-10.2,88.5,0.524
699821d4e161b702e08a62be,49900003,1610612760,114.3,100,0.472,-14.3,92,0.484
699821d4e161b702e08a62bf,40000087,1610612747,105.5,120.3,0.535,14.5,90.5,0.595
699821d4e161b702e08a62c0,40000087,1610612755,120,103.9,0.433,-14.5,90.5,0.473
699821d4e161b702e08a62c1,40000086,1610612747,97.7,113.5,0.569,14.6,88.5,0.581
699821d4e161b702e08a62c2,40000086,1610612755,112.4,94.3,0.435,-14.6,88.5,0.477
699821d4e161b702e08a62c3,40000085,1610612747,101.1,107.9,0.493,4.4,90.5,0.558
699821d4e161b702e08a62c4,40000085,1610612755,105.5,95.6,0.425,-4.4,90.5,0.488
699821d4e161b702e08a62c5,40000084,1610612747,92.7,104.9,0.494,9.4,96,0.53
699821d4e161b702e08a62c6,40000084,1610612755,102.1,93.3,0.425,-9.4,96,0.452
699821d4e161b702e08a62c7,40000083,1610612755,100,104.9,0.506,5.9,91.47,0.569
699821d4e161b702e08a62c8,40000083,1610612747,105.9,96.3,0.478,-5.9,91.47,0.496
699821d4e161b702e08a62c9,40000082,1610612755,104.6,118.6,0.483,18.1,87.5,0.529
699821d4e161b702e08a62ca,40000082,1610612749,122.7,100.7,0.48,-18.1,87.5,0.539
699821d4e161b702e08a62cb,40000081,1610612749,114.9,130.1,0.565,11.5,87,0.628
699821d4e161b702e08a62cc,40000081,1610612755,126.4,110.1,0.525,-11.5,87,0.563
699821d4e161b702e08a62cd,40000080,1610612755,96.7,96.4,0.381,3.3,90,0.462
699821d4e161b702e08a62ce,40000080,1610612749,100,95.6,0.463,-3.3,90,0.506
699821d4e161b702e08a62cf,40000079,1610612749,102.3,95.6,0.481,-6.9,87,0.507
699821d4e161b702e08a62d0,40000079,1610612755,95.4,94,0.406,6.9,87,0.446
699821d4e161b702e08a62d1,40000072,1610612747,85.4,114.1,0.547,31.4,95.5,0.564
699821d4e161b702e08a62d2,40000072,1610612759,116.8,86.3,0.422,-31.4,95.5,0.466
699821d4e161b702e08a62d3,40000078,1610612749,89.2,97.4,0.431,6.1,83.5,0.487
699821d4e161b702e08a62d4,40000078,1610612755,95.2,84.4,0.386,-6.1,83.5,0.442
699821d4e161b702e08a62d5,40000071,1610612747,78.3,114.4,0.516,43.7,91.5,0.539
699821d4e161b702e08a62d6,40000071,1610612759,122,78.8,0.327,-43.7,91.5,0.386
699821d4e161b702e08a62d7,40000077,1610612749,97.5,114.1,0.57,14.7,81,0.563
699821d4e161b702e08a62d8,40000077,1610612755,112.2,96.1,0.36,-14.7,81,0.442
699821d4e161b702e08a62d9,40000076,1610612755,96.6,101,0.433,7.9,88.5,0.469
699821d4e161b702e08a62da,40000076,1610612749,104.5,93.2,0.43,-7.9,88.5,0.482
699821d4e161b702e08a62db,40000070,1610612747,96.4,103.6,0.494,7.1,84.5,0.506
699821d4e161b702e08a62dc,40000070,1610612759,103.5,95.3,0.408,-7.1,84.5,0.494
699821d4e161b702e08a62dd,40000048,1610612749,111.8,116.3,0.522,7.8,86,0.624
699821d4e161b702e08a62de,40000068,1610612761,104.8,104.2,0.507,-1.2,84,0.541
699821d4e161b702e08a62df,40000068,1610612755,103.6,103.4,0.44,1.2,84,0.494
699821d4e161b702e08a62e0,40000048,1610612766,119.5,107.6,0.476,-7.8,86,0.504
699821d4e161b702e08a62e1,40000069,1610612747,94.7,106,0.511,15.9,94.5,0.535
699821d4e161b702e08a62e2,40000069,1610612759,110.6,96.5,0.468,-15.9,94.5,0.516
699821d4e161b702e08a62e3,40000067,1610612761,100,113.8,0.523,14.8,88.5,0.551
699821d4e161b702e08a62e4,40000067,1610612755,114.8,99.2,0.438,-14.8,88.5,0.491
699821d4e161b702e08a62e5,40000047,1610612749,103.2,110.1,0.526,7.4,94,0.595
699821d4e161b702e08a62e6,40000047,1610612766,110.6,101.1,0.431,-7.4,94,0.533
699821d4e161b702e08a62e7,40000066,1610612755,103.5,145.7,0.673,42.3,84,0.711
699821d4e161b702e08a62e8,40000066,1610612761,145.8,102.7,0.507,-42.3,84,0.545
699821d4e161b702e08a62e9,40000046,1610612766,98.9,109.2,0.487,9.2,87,0.527
699821d4e161b702e08a62ea,40000046,1610612749,108,99.6,0.39,-9.2,87,0.456
699821d4e161b702e08a62eb,40000059,1610612759,95.6,111.6,0.556,19.8,91,0.576
699821d4e161b702e08a62ec,40000059,1610612742,115.4,92.1,0.367,-19.8,91,0.429
699821d4e161b702e08a62ed,40000065,1610612755,94,97.1,0.444,4.8,84.5,0.48
699821d4e161b702e08a62ee,40000045,1610612766,85.7,89.6,0.372,5.7,92,0.434
699821d4e161b702e08a62ef,40000051,1610612747,118.9,123.5,0.538,9,94,0.611
699821d4e161b702e08a62f0,40000051,1610612758,128,118.8,0.512,-9,94,0.594
699821d4e161b702e08a62f1,40000045,1610612749,91.4,85.7,0.467,-5.7,92,0.47
699821d4e161b702e08a62f2,40000065,1610612761,98.8,91.3,0.358,-4.8,84.5,0.431
699821d4e161b702e08a62f3,40000058,1610612742,114.9,116.2,0.505,3,94.5,0.552
699821d4e161b702e08a62f4,40000058,1610612759,117.9,114.8,0.52,-3,94.5,0.574
699821d4e161b702e08a62f5,40000064,1610612761,86.7,114.2,0.568,27.9,89.5,0.591
699821d4e161b702e08a62f6,40000050,1610612747,81,103,0.5,21,100.5,0.554
699821d4e161b702e08a62f7,40000050,1610612758,102,78.5,0.357,-21,100.5,0.404
699821d4e161b702e08a62f8,40000064,1610612755,114.6,85.2,0.372,-27.9,89.5,0.441
699821d4e161b702e08a62f9,40000044,1610612766,97.9,110.9,0.506,11.8,93.5,0.531
699821d4e161b702e08a62fa,40000044,1610612749,109.7,98.2,0.466,-11.8,93.5,0.486
699821d4e161b702e08a62fb,40000057,1610612759,95.7,109.4,0.547,13.7,94.5,0.584
699821d4e161b702e08a62fc,40000063,1610612755,105.7,107.3,0.456,4.5,87.5,0.536
699821d4e161b702e08a62fd,40000063,1610612761,110.2,102.5,0.512,-4.5,87.5,0.518
699821d4e161b702e08a62fe,40000057,1610612742,109.5,95.1,0.395,-13.7,94.5,0.43
699821d4e161b702e08a62ff,40000049,1610612747,90.9,98.7,0.456,6.1,99,0.504
699821d4e161b702e08a6300,40000042,1610612766,105.8,105.3,0.438,1.3,85,0.492
699821d4e161b702e08a6301,40000042,1610612749,107.1,105.4,0.464,-1.3,85,0.498
699821d4e161b702e08a6302,40000049,1610612758,97,90.1,0.382,-6.1,99,0.446
699821d4e161b702e08a6303,40000056,1610612759,98.9,113.3,0.568,16.1,87,0.58
699821d4e161b702e08a6304,40000056,1610612742,114.9,96.9,0.386,-16.1,87,0.469
699821d4e161b702e08a6305,40000041,1610612749,100,106.8,0.523,14.3,91.5,0.551
699821d4e161b702e08a6306,40000043,1610612747,105,110.2,0.5,3,100,0.53
699821d4e161b702e08a6307,40000062,1610612761,97.9,98.8,0.481,4.2,94.5,0.533
699821d4e161b702e08a6308,40000062,1610612755,102.1,91.3,0.429,-4.2,94.5,0.496
699821d4e161b702e08a6309,40000043,1610612758,108,102.2,0.477,-3,100,0.532
699821d4e161b702e08a630a,40000041,1610612766,114.3,100.4,0.436,-14.3,91.5,0.502
699821d4e161b702e08a630b,40000055,1610612759,86.7,104.1,0.479,16.6,90.5,0.526
699821d4e161b702e08a630c,40000055,1610612742,103.3,85.3,0.389,-16.6,90.5,0.441
699821d4e161b702e08a630d,40000040,1610612761,102.3,107.4,0.507,4.6,87,0.543
699821d4e161b702e08a630e,40000040,1610612752,106.9,101,0.548,-4.6,87,0.562
699821d4e161b702e08a630f,40000034,1610612762,103.7,99.2,0.411,-1.2,81,0.468
699821d4e161b702e08a6310,40000034,1610612742,102.5,100.7,0.456,1.2,81,0.529
699821d4e161b702e08a6311,40000031,1610612755,101.2,102.6,0.41,3.6,84,0.485
699821d4e161b702e08a6312,40000030,1610612758,88.2,94.2,0.38,8.6,92.5,0.456
699821d4e161b702e08a6313,40000032,1610612761,100,105.8,0.5,7.5,93,0.552
699821d4e161b702e08a6314,40000032,1610612752,107.5,102.7,0.544,-7.5,93,0.592
699821d4e161b702e08a6315,40000030,1610612756,96.7,88.5,0.381,-8.6,92.5,0.42
699821d4e161b702e08a6316,40000031,1610612754,104.8,97.3,0.481,-3.6,84,0.51
699821d4e161b702e08a6317,40000028,1610612742,88.5,120.1,0.545,33.1,87.5,0.607
699821d4e161b702e08a6318,40000029,1610612749,113,119.6,0.494,8.7,92,0.573
699821d4e161b702e08a6319,40000029,1610612753,121.7,109.6,0.478,-8.7,92,0.501
699821d4e161b702e08a631a,40000028,1610612762,121.6,86.9,0.397,-33.1,87.5,0.435
699821d4e161b702e08a631b,40000025,1610612759,91.3,103.2,0.456,14.1,92,0.516
699821d4e161b702e08a631c,40000025,1610612750,105.4,90.9,0.414,-14.1,92,0.47
699821d4e161b702e08a631d,40000022,1610612747,88.7,104,0.469,12.4,97.5,0.525
699821d4e161b702e08a631e,40000024,1610612752,106,114,0.557,6.8,85,0.605
699821d4e161b702e08a631f,40000023,1610612758,92.3,98.1,0.449,8.7,103.5,0.541
699821d4e161b702e08a6320,40000023,1610612756,101,89.8,0.443,-8.7,103.5,0.485
699821d4e161b702e08a6321,40000024,1610612761,112.8,100.1,0.435,-6.8,85,0.501
699821d4e161b702e08a6322,40000022,1610612757,101,88.9,0.42,-12.4,97.5,0.459
699821d4e161b702e08a6323,40000019,1610612750,93.3,99.1,0.456,8.9,90.5,0.512
699821d4e161b702e08a6324,40000021,1610612755,97.8,102.6,0.416,4.5,89.5,0.476
699821d4e161b702e08a6325,40000020,1610612753,103.6,106.1,0.495,5.4,100.98,0.54
699821d4e161b702e08a6326,40000018,1610612742,98.9,98.7,0.41,2.2,92.5,0.489
699821d4e161b702e08a6327,40000018,1610612762,101.1,97,0.488,-2.2,92.5,0.506
699821d4e161b702e08a6328,40000020,1610612749,109,104.1,0.43,-5.4,100.98,0.52
699821d4e161b702e08a6329,40000021,1610612754,102.2,94.2,0.407,-4.5,89.5,0.461
699821d4e161b702e08a632a,40000019,1610612759,102.2,92.1,0.43,-8.9,90.5,0.499
699821d4e161b702e08a632b,40000017,1610612766,85.9,106.2,0.466,17.4,91.5,0.537
699821d4e161b702e08a632c,40000017,1610612748,103.3,86,0.424,-17.4,91.5,0.471
699821d4e161b702e08a632d,40000016,1610612761,82.2,99.3,0.47,22.2,90,0.507
699821d4e161b702e08a632e,40000015,1610612747,95.7,108,0.517,18.3,92.5,0.535
699821d4e161b702e08a632f,40000015,1610612757,114,94,0.471,-18.3,92.5,0.532
699821d4e161b702e08a6330,40000016,1610612752,104.4,85.7,0.409,-22.2,90,0.472
699821d4e161b702e08a6331,40000014,1610612758,90.9,116,0.54,26.3,99,0.586
699821d4e161b702e08a6332,40000013,1610612749,105.5,112.5,0.47,6.5,91.5,0.528
699821d4e161b702e08a6333,40000013,1610612753,112,105.4,0.494,-6.5,91.5,0.505
699821d4e161b702e08a6334,40000014,1610612756,117.2,91.4,0.354,-26.3,99,0.419
699821d4e161b702e08a6335,40000012,1610612762,110.1,121.4,0.515,12.4,89,0.628
699821d4e161b702e08a6336,40000011,1610612755,105.4,122.2,0.543,19.4,93,0.598
699821d4e161b702e08a6337,40000011,1610612754,124.7,102,0.481,-19.4,93,0.538
699821d4e161b702e08a6338,40000012,1610612742,122.5,105.1,0.449,-12.4,89,0.549
699821d4e161b702e08a6339,40000009,1610612766,84.4,113.8,0.493,30.2,89.5,0.563
699821d4e161b702e08a633a,40000010,1610612759,80.2,99.4,0.469,19.8,86,0.492
699821d4e161b702e08a633b,40000010,1610612750,100,79.1,0.366,-19.8,86,0.43
699821d4e161b702e08a633c,40000009,1610612748,114.6,84.1,0.442,-30.2,89.5,0.467
699821d4e161b702e08a633d,40000007,1610612756,85.6,85.1,0.443,2.2,97.5,0.457
699821d4e161b702e08a633e,40000005,1610612747,105.7,114.6,0.471,12.1,89,0.522
699821d4e161b702e08a633f,40000006,1610612749,95.7,105.8,0.428,15,93.5,0.471
699821d4e161b702e08a6340,40000008,1610612752,92.4,99.7,0.425,6.5,92.5,0.498
699821d4e161b702e08a6341,40000008,1610612761,98.9,86,0.409,-6.5,92.5,0.439
699821d4e161b702e08a6342,40000006,1610612753,110.8,96.6,0.444,-15,93.5,0.494
699821d4e161b702e08a6343,40000005,1610612757,117.8,104.5,0.479,-12.1,89,0.535
699821d4e161b702e08a6344,40000007,1610612758,87.8,83.6,0.37,-2.2,97.5,0.41
699821d4e161b702e08a6345,40000003,1610612766,84.2,110.7,0.526,28.6,94.5,0.59
699821d4e161b702e08a6346,40000004,1610612755,92.9,90.3,0.404,-2.2,85.5,0.452
699821d4e161b702e08a6347,40000002,1610612759,96.5,100.5,0.53,4.7,85.5,0.568
699821d4e161b702e08a6348,40000001,1610612762,98.9,100.1,0.431,3.5,86.5,0.479
699821d4e161b702e08a6349,40000001,1610612742,102.3,97.8,0.479,-3.5,86.5,0.538
699821d4e161b702e08a634a,40000002,1610612750,101.2,91.8,0.385,-4.7,85.5,0.43
699821d4e161b702e08a634b,40000004,1610612754,90.7,88.6,0.385,2.2,85.5,0.424
699821d4e161b702e08a634c,40000003,1610612748,112.8,84.9,0.478,-28.6,94.5,0.518
699821d4e161b702e08a634d,40100404,1610612747,116.3,125.2,0.599,6.5,92,0.647
699821d4e161b702e08a634e,40100404,1610612751,122.8,115,0.511,-6.5,92,0.54
699821d4e161b702e08a634f,40100403,1610612747,109.6,111.1,0.603,3.2,94,0.635
699821d4e161b702e08a6350,40100403,1610612751,112.8,103.7,0.536,-3.2,94,0.564
699821d4e161b702e08a6351,40100402,1610612747,90.2,114.5,0.558,25,92,0.598
699821d4e161b702e08a6352,40100402,1610612751,115.2,91.3,0.384,-25,92,0.424
699821d4e161b702e08a6353,40100401,1610612747,103.3,109,0.465,4.3,91.5,0.539
699821d4e161b702e08a6354,40100401,1610612751,107.6,98.5,0.42,-4.3,91.5,0.446
699821d4e161b702e08a6355,40100317,1610612747,100,105.1,0.452,5.7,96,0.516
699821d4e161b702e08a6356,40100317,1610612758,105.7,97.1,0.464,-5.7,96,0.481
699821d4e161b702e08a6357,40100306,1610612751,97.8,106.4,0.493,11.3,89,0.538
699821d4e161b702e08a6358,40100316,1610612747,103,106.4,0.486,4,99,0.579
699821d4e161b702e08a6359,40100316,1610612758,107.1,102,0.457,-4,99,0.495
699821d4e161b702e08a635a,40100306,1610612738,109.1,97,0.475,-11.3,89,0.496
699821d4e161b702e08a635b,40100305,1610612751,95.8,107,0.494,11.5,96,0.541
699821d4e161b702e08a635c,40100305,1610612738,107.3,98,0.42,-11.5,96,0.495
699821d4e161b702e08a635d,40100315,1610612758,101.1,102.8,0.486,1.1,90,0.532
699821d4e161b702e08a635e,40100315,1610612747,102.2,101,0.474,-1.1,90,0.516
699821d4e161b702e08a635f,40100304,1610612751,100,99.2,0.474,3.3,91.5,0.518
699821d4e161b702e08a6360,40100304,1610612738,103.3,95.9,0.442,-3.3,91.5,0.495
699821d4e161b702e08a6361,40100314,1610612758,107.5,106,0.519,-2.2,93.5,0.553
699821d4e161b702e08a6362,40100314,1610612747,105.3,105.4,0.423,2.2,93.5,0.459
699821d4e161b702e08a6363,40100303,1610612738,87.4,93.8,0.391,3.9,103,0.494
699821d4e161b702e08a6364,40100303,1610612751,91.3,87.4,0.459,-3.9,103,0.479
699821d4e161b702e08a6365,40100313,1610612758,90,101.6,0.532,14,99.5,0.557
699821d4e161b702e08a6366,40100313,1610612747,104,86.9,0.406,-14,99.5,0.418
699821d4e161b702e08a6367,40100302,1610612738,84.3,91.3,0.376,6.9,102,0.427
699821d4e161b702e08a6368,40100302,1610612751,91.2,82.7,0.357,-6.9,102,0.435
699821d4e161b702e08a6369,40100312,1610612758,95.7,103.5,0.487,6.4,94,0.523
699821d4e161b702e08a636a,40100312,1610612747,102.1,92.8,0.421,-6.4,94,0.45
699821d4e161b702e08a636b,40100301,1610612751,99,108,0.513,7.1,98,0.582
699821d4e161b702e08a636c,40100301,1610612738,106.1,101.3,0.47,-7.1,98,0.506
699821d4e161b702e08a636d,40100311,1610612747,100,103.2,0.523,6,99.5,0.554
699821d4e161b702e08a636e,40100311,1610612758,106,96.6,0.446,-6,99.5,0.493
699821d4e161b702e08a636f,40100205,1610612751,99,106,0.468,7.2,96.5,0.547
699821d4e161b702e08a6370,40100205,1610612766,106.2,98.5,0.429,-7.2,96.5,0.492
699821d4e161b702e08a6371,40100215,1610612738,93.1,100.1,0.514,11.5,86.5,0.556
699821d4e161b702e08a6372,40100235,1610612747,98.9,101,0.481,5.6,88.5,0.528
699821d4e161b702e08a6373,40100235,1610612759,104.5,95.1,0.458,-5.6,88.5,0.528
699821d4e161b702e08a6374,40100215,1610612765,104.7,88.8,0.407,-11.5,86.5,0.449
699821d4e161b702e08a6375,40100225,1610612758,108.6,119.9,0.518,16.7,92,0.575
699821d4e161b702e08a6376,40100225,1610612742,125.3,107.7,0.512,-16.7,92,0.544
699821d4e161b702e08a6377,40100214,1610612738,85.9,99,0.479,14.1,91,0.543
699821d4e161b702e08a6378,40100234,1610612759,104.8,103,0.414,-3.6,83.5,0.503
699821d4e161b702e08a6379,40100204,1610612766,97.8,83.6,0.397,-11.9,91.5,0.451
699821d4e161b702e08a637a,40100204,1610612751,85.9,89.4,0.388,11.9,91.5,0.43
699821d4e161b702e08a637b,40100234,1610612747,101.2,101.7,0.456,3.6,83.5,0.486
699821d4e161b702e08a637c,40100214,1610612765,100,86.2,0.447,-14.1,91,0.466
699821d4e161b702e08a637d,40100224,1610612758,105.6,108.9,0.5,1.9,96.91,0.566
699821d4e161b702e08a637e,40100224,1610612742,107.5,106.2,0.478,-1.9,96.91,0.541
699821d4e161b702e08a637f,40100233,1610612747,104.7,110.9,0.506,9.1,86,0.531
699821d4e161b702e08a6380,40100213,1610612765,77.6,70.9,0.362,-4.1,86,0.409
699821d4e161b702e08a6381,40100213,1610612738,73.6,72.3,0.359,4.1,86,0.396
699821d4e161b702e08a6382,40100233,1610612759,113.8,101.3,0.43,-9.1,86,0.49
699821d4e161b702e08a6383,40100203,1610612766,101,123.3,0.573,20,95.5,0.63
699821d4e161b702e08a6384,40100223,1610612758,119,124.4,0.571,6,100,0.628
699821d4e161b702e08a6385,40100223,1610612742,125,114.7,0.5,-6,100,0.557
699821d4e161b702e08a6386,40100203,1610612751,121.1,100,0.438,-20,95.5,0.505
699821d4e161b702e08a6387,40100212,1610612738,90.6,98.8,0.48,7.1,86,0.518
699821d4e161b702e08a6388,40100212,1610612765,97.7,87.6,0.402,-7.1,86,0.428
699821d4e161b702e08a6389,40100202,1610612751,95.7,106.5,0.473,14,92.5,0.511
699821d4e161b702e08a638a,40100232,1610612759,96.6,100.4,0.493,3.4,88,0.526
699821d4e161b702e08a638b,40100232,1610612747,100,93.4,0.5,-3.4,88,0.518
699821d4e161b702e08a638c,40100202,1610612766,109.7,96.2,0.445,-14,92.5,0.471
699821d4e161b702e08a638d,40100222,1610612742,101,107.3,0.523,6.9,101.5,0.564
699821d4e161b702e08a638e,40100222,1610612758,107.8,100,0.446,-6.9,101.5,0.49
699821d4e161b702e08a638f,40100211,1610612765,97.7,110,0.589,12.7,86.5,0.613
699821d4e161b702e08a6390,40100201,1610612751,98.9,107.9,0.529,7.5,93.5,0.598
699821d4e161b702e08a6391,40100231,1610612747,87,93.5,0.421,6.5,92,0.462
699821d4e161b702e08a6392,40100231,1610612759,93.5,83.7,0.352,-6.5,92,0.406
699821d4e161b702e08a6393,40100201,1610612766,106.5,92.7,0.418,-7.5,93.5,0.463
699821d4e161b702e08a6394,40100211,1610612738,110.3,94.1,0.413,-12.7,86.5,0.471
699821d4e161b702e08a6395,40100221,1610612758,92.9,108,0.484,17.3,98,0.519
699821d4e161b702e08a6396,40100221,1610612742,110.2,90.4,0.422,-17.3,98,0.456
699821d4e161b702e08a6397,40100155,1610612759,92.9,118.3,0.488,27.4,84,0.541
699821d4e161b702e08a6398,40100125,1610612738,106.1,146.6,0.653,42.1,81.5,0.668
699821d4e161b702e08a6399,40100125,1610612755,148.1,103.3,0.437,-42.1,81.5,0.517
699821d4e161b702e08a639a,40100155,1610612760,120.2,91.2,0.388,-27.4,84,0.422
699821d4e161b702e08a639b,40100115,1610612765,95.3,98.7,0.471,3.5,86,0.505
699821d4e161b702e08a639c,40100105,1610612751,103.8,109.1,0.466,9.4,87.31,0.513
699821d4e161b702e08a639d,40100105,1610612754,113.2,100.7,0.523,-9.4,87.31,0.566
699821d4e161b702e08a639e,40100115,1610612761,98.8,90.9,0.465,-3.5,86,0.505
699821d4e161b702e08a639f,40100154,1610612760,87.8,102.8,0.559,12.2,90.5,0.579
699821d4e161b702e08a63a0,40100124,1610612755,92,96.3,0.478,2.3,88,0.517
699821d4e161b702e08a63a1,40100124,1610612738,94.3,90.8,0.455,-2.3,88,0.481
699821d4e161b702e08a63a2,40100154,1610612759,100,86.7,0.354,-12.2,90.5,0.411
699821d4e161b702e08a63a3,40100104,1610612754,78.7,106.7,0.577,25.6,93.5,0.631
699821d4e161b702e08a63a4,40100134,1610612766,92.4,110.2,0.5,19.7,91.5,0.557
699821d4e161b702e08a63a5,40100134,1610612753,112.1,94.1,0.413,-19.7,91.5,0.46
699821d4e161b702e08a63a6,40100104,1610612751,104.3,77.5,0.414,-25.6,93.5,0.443
699821d4e161b702e08a63a7,40100114,1610612761,98.8,96,0.445,4.7,85,0.485
699821d4e161b702e08a63a8,40100144,1610612758,95.6,102.8,0.507,5.6,90,0.551
699821d4e161b702e08a63a9,40100144,1610612762,101.1,92.4,0.416,-5.6,90,0.448
699821d4e161b702e08a63aa,40100114,1610612765,103.5,94.2,0.445,-4.7,85,0.499
699821d4e161b702e08a63ab,40100173,1610612742,102,113.4,0.532,15.3,99,0.616
699821d4e161b702e08a63ac,40100163,1610612747,96.8,98.2,0.514,1.1,94,0.55
699821d4e161b702e08a63ad,40100123,1610612755,112,116.9,0.486,5.4,92,0.578
699821d4e161b702e08a63ae,40100123,1610612738,117.4,113.3,0.596,-5.4,92,0.636
699821d4e161b702e08a63af,40100163,1610612757,97.9,92.4,0.417,-1.1,94,0.477
699821d4e161b702e08a63b0,40100173,1610612750,117.3,103.7,0.486,-15.3,99,0.546
699821d4e161b702e08a63b1,40100153,1610612759,91.5,118.3,0.58,31.4,82.5,0.605
699821d4e161b702e08a63b2,40100113,1610612761,97.7,108.3,0.5,11.6,86,0.561
699821d4e161b702e08a63b3,40100133,1610612766,100,109.1,0.461,7.8,91.47,0.525
699821d4e161b702e08a63b4,40100143,1610612758,95.6,97.1,0.39,3.3,91,0.502
699821d4e161b702e08a63b5,40100143,1610612762,98.9,95.1,0.459,-3.3,91,0.509
699821d4e161b702e08a63b6,40100133,1610612753,107.8,97.2,0.445,-7.8,91.47,0.511
699821d4e161b702e08a63b7,40100113,1610612765,109.3,99.7,0.54,-11.6,86,0.59
699821d4e161b702e08a63b8,40100153,1610612760,122.9,85.6,0.378,-31.4,82.5,0.405
699821d4e161b702e08a63b9,40100103,1610612751,90.3,87.8,0.451,0.1,93.5,0.473
699821d4e161b702e08a63ba,40100103,1610612754,90.4,88.2,0.434,-0.1,93.5,0.455
699821d4e161b702e08a63bb,40100122,1610612738,93.4,102.1,0.507,8.8,91,0.566
699821d4e161b702e08a63bc,40100162,1610612747,101.1,107.5,0.468,7.4,95,0.549
699821d4e161b702e08a63bd,40100162,1610612757,108.4,97.8,0.444,-7.4,95,0.515
699821d4e161b702e08a63be,40100122,1610612755,102.2,92.6,0.412,-8.8,91,0.453
699821d4e161b702e08a63bf,40100172,1610612742,117,124.3,0.548,11.4,94.5,0.586
699821d4e161b702e08a63c0,40100112,1610612761,111.6,105.8,0.5,-7,86.5,0.523
699821d4e161b702e08a63c1,40100112,1610612765,104.6,111,0.466,7,86.5,0.542
699821d4e161b702e08a63c2,40100172,1610612750,128.4,115.4,0.525,-11.4,94.5,0.577
699821d4e161b702e08a63c3,40100142,1610612762,92.5,98.8,0.479,7.5,93,0.522
699821d4e161b702e08a63c4,40100132,1610612753,102,110.1,0.488,4.8,92.83,0.55
699821d4e161b702e08a63c5,40100132,1610612766,106.7,101.5,0.444,-4.8,92.83,0.523
699821d4e161b702e08a63c6,40100142,1610612758,100,87,0.362,-7.5,93,0.435
699821d4e161b702e08a63c7,40100102,1610612751,85.9,101.9,0.448,16.3,92.5,0.527
699821d4e161b702e08a63c8,40100152,1610612760,103.4,111.4,0.482,7.9,87.5,0.516
699821d4e161b702e08a63c9,40100152,1610612759,111.4,105.3,0.454,-7.9,87.5,0.539
699821d4e161b702e08a63ca,40100102,1610612754,102.2,87.2,0.441,-16.3,92.5,0.503
699821d4e161b702e08a63cb,40100111,1610612765,70,93.2,0.429,23.4,90.5,0.493
699821d4e161b702e08a63cc,40100161,1610612747,98.9,106.6,0.48,10.3,87.5,0.533
699821d4e161b702e08a63cd,40100171,1610612742,95.9,101.9,0.482,6.1,98.5,0.537
699821d4e161b702e08a63ce,40100121,1610612738,87.2,97,0.487,10.6,94,0.53
699821d4e161b702e08a63cf,40100121,1610612755,97.9,88.3,0.394,-10.6,94,0.472
699821d4e161b702e08a63d0,40100171,1610612750,102,94.8,0.422,-6.1,98.5,0.469
699821d4e161b702e08a63d1,40100161,1610612757,109.2,92.7,0.409,-10.3,87.5,0.463
699821d4e161b702e08a63d2,40100111,1610612761,93.4,67.3,0.312,-23.4,90.5,0.36
699821d4e161b702e08a63d3,40100151,1610612759,106,128.2,0.651,25,84,0.672
699821d4e161b702e08a63d4,40100101,1610612754,90.2,94.9,0.481,7.6,91.5,0.519
699821d4e161b702e08a63d5,40100141,1610612758,96.6,102.7,0.508,4.5,88.5,0.581
699821d4e161b702e08a63d6,40100131,1610612753,93,91.3,0.455,-1.2,86,0.509
699821d4e161b702e08a63d7,40100131,1610612766,91.9,91.8,0.38,1.2,86,0.43
699821d4e161b702e08a63d8,40100141,1610612762,101.1,93.6,0.404,-4.5,88.5,0.453
699821d4e161b702e08a63d9,40100101,1610612751,97.8,90.7,0.456,-7.6,91.5,0.48
699821d4e161b702e08a63da,40100151,1610612760,131,103.3,0.52,-25,84,0.548
699821d4e161b702e08a63db,40200406,1610612759,83.7,94.6,0.48,10.9,92.5,0.518
699821d4e161b702e08a63dc,40200406,1610612751,94.6,80.4,0.379,-10.9,92.5,0.415
699821d4e161b702e08a63dd,40200405,1610612759,94.3,102.5,0.5,11.4,88,0.569
699821d4e161b702e08a63de,40200405,1610612751,105.7,94.4,0.378,-11.4,88,0.467
699821d4e161b702e08a63df,40200404,1610612751,89.4,87.7,0.365,1.2,85,0.424
699821d4e161b702e08a63e0,40200404,1610612759,90.6,83.9,0.311,-1.2,85,0.378
699821d4e161b702e08a63e1,40200403,1610612759,86.8,92.9,0.455,4.5,91.5,0.51
699821d4e161b702e08a63e2,40200403,1610612751,91.3,83.6,0.395,-4.5,91.5,0.446
699821d4e161b702e08a63e3,40200402,1610612759,98.9,97.7,0.522,-3.4,88.5,0.538
699821d4e161b702e08a63e4,40200402,1610612751,95.5,97.7,0.446,3.4,88.5,0.483
699821d4e161b702e08a63e5,40200401,1610612759,95.7,108.2,0.519,14.1,92.5,0.553
699821d4e161b702e08a63e6,40200401,1610612751,109.8,93.7,0.393,-14.1,92.5,0.445
699821d4e161b702e08a63e7,40200316,1610612759,83.9,95.5,0.5,11.9,93.5,0.528
699821d4e161b702e08a63e8,40200316,1610612742,95.7,84,0.455,-11.9,93.5,0.471
699821d4e161b702e08a63e9,40200315,1610612742,102.2,109.4,0.482,12.2,89.5,0.553
699821d4e161b702e08a63ea,40200315,1610612759,114.4,99.2,0.479,-12.2,89.5,0.525
699821d4e161b702e08a63eb,40200314,1610612759,108,116.4,0.5,6.7,88.5,0.569
699821d4e161b702e08a63ec,40200314,1610612742,114.6,105.9,0.506,-6.7,88.5,0.524
699821d4e161b702e08a63ed,40200304,1610612751,92.1,113.3,0.557,21.2,89.5,0.593
699821d4e161b702e08a63ee,40200304,1610612765,113.3,93.7,0.426,-21.2,89.5,0.485
699821d4e161b702e08a63ef,40200313,1610612759,87.4,101.7,0.458,12.6,95.5,0.503
699821d4e161b702e08a63f0,40200313,1610612742,100,85.9,0.454,-12.6,95.5,0.463
699821d4e161b702e08a63f1,40200303,1610612751,92.4,107.4,0.439,13,92,0.493
699821d4e161b702e08a63f2,40200303,1610612765,105.4,90.1,0.432,-13,92,0.498
699821d4e161b702e08a63f3,40200312,1610612759,103.9,113.5,0.506,13.9,101.5,0.59
699821d4e161b702e08a63f4,40200312,1610612742,117.8,103.2,0.478,-13.9,101.5,0.532
699821d4e161b702e08a63f5,40200302,1610612765,96.7,97.8,0.463,-0.1,90,0.518
699821d4e161b702e08a63f6,40200302,1610612751,96.6,97.2,0.411,0.1,90,0.465
699821d4e161b702e08a63f7,40200311,1610612742,112.2,115.3,0.444,3.1,98,0.601
699821d4e161b702e08a63f8,40200311,1610612759,115.3,113.3,0.534,-3.1,98,0.578
699821d4e161b702e08a63f9,40200301,1610612751,83.1,83.2,0.404,3.2,88.5,0.44
699821d4e161b702e08a63fa,40200301,1610612765,86.4,83,0.38,-3.2,88.5,0.439
699821d4e161b702e08a63fb,40200237,1610612742,103.1,113.1,0.555,12.3,96.5,0.571
699821d4e161b702e08a63fc,40200237,1610612758,115.5,101.5,0.465,-12.3,96.5,0.513
699821d4e161b702e08a63fd,40200206,1610612765,93.7,99.2,0.392,5.3,85.58,0.486
699821d4e161b702e08a63fe,40200206,1610612755,98.9,94,0.443,-5.3,85.58,0.502
699821d4e161b702e08a63ff,40200226,1610612759,92.1,126.3,0.595,32.9,88.5,0.617
699821d4e161b702e08a6400,40200236,1610612758,109,110.5,0.447,6,100,0.532
699821d4e161b702e08a6401,40200236,1610612742,115,108.3,0.549,-6,100,0.594
699821d4e161b702e08a6402,40200226,1610612747,125,91.4,0.475,-32.9,88.5,0.478
699821d4e161b702e08a6403,40200205,1610612765,88.5,90.2,0.446,1.1,87,0.479
699821d4e161b702e08a6404,40200205,1610612755,89.7,87.7,0.392,-1.1,87,0.438
699821d4e161b702e08a6405,40200235,1610612742,93.9,113.3,0.483,19.2,99,0.55
699821d4e161b702e08a6406,40200225,1610612759,104.4,107.3,0.5,1.1,90.5,0.531
699821d4e161b702e08a6407,40200225,1610612747,105.5,103.9,0.506,-1.1,90.5,0.531
699821d4e161b702e08a6408,40200235,1610612758,113.1,91.3,0.397,-19.2,99,0.448
699821d4e161b702e08a6409,40200214,1610612738,98.2,89.9,0.439,-8.8,93.1,0.494
699821d4e161b702e08a640a,40200214,1610612751,89.4,95.3,0.489,8.8,93.1,0.527
699821d4e161b702e08a640b,40200234,1610612758,83,97.9,0.461,15,100.5,0.494
699821d4e161b702e08a640c,40200204,1610612755,94.3,110.6,0.535,16.2,86.5,0.573
699821d4e161b702e08a640d,40200224,1610612747,104.4,109,0.451,5.6,90.5,0.545
699821d4e161b702e08a640e,40200224,1610612759,110,105,0.507,-5.6,90.5,0.556
699821d4e161b702e08a640f,40200204,1610612765,110.5,94.1,0.471,-16.2,86.5,0.525
699821d4e161b702e08a6410,40200234,1610612742,98,82.5,0.395,-15,100.5,0.408
699821d4e161b702e08a6411,40200203,1610612755,98.8,107.2,0.465,10.6,84.5,0.549
699821d4e161b702e08a6412,40200233,1610612742,114.2,119.7,0.568,5.3,98.48,0.593
699821d4e161b702e08a6413,40200233,1610612758,119.5,112.4,0.523,-5.3,98.48,0.553
699821d4e161b702e08a6414,40200203,1610612765,109.4,99.5,0.431,-10.6,84.5,0.497
699821d4e161b702e08a6415,40200213,1610612751,84.4,105.8,0.522,18.9,90.5,0.554
699821d4e161b702e08a6416,40200223,1610612747,100,115.1,0.542,14.6,95.5,0.621
699821d4e161b702e08a6417,40200223,1610612759,114.6,100.5,0.436,-14.6,95.5,0.492
699821d4e161b702e08a6418,40200213,1610612738,103.3,83.5,0.397,-18.9,90.5,0.447
699821d4e161b702e08a6419,40200232,1610612742,106.8,123.5,0.601,21.4,103,0.617
699821d4e161b702e08a641a,40200202,1610612765,101,110.2,0.553,10.8,85.58,0.575
699821d4e161b702e08a641b,40200202,1610612755,111.8,99.2,0.472,-10.8,85.58,0.501
699821d4e161b702e08a641c,40200232,1610612758,128.2,109,0.525,-21.4,103,0.585
699821d4e161b702e08a641d,40200222,1610612759,97.9,120.2,0.613,20.8,96.5,0.656
699821d4e161b702e08a641e,40200212,1610612751,96.9,106.6,0.487,9.2,98,0.556
699821d4e161b702e08a641f,40200212,1610612738,106.1,96,0.487,-9.2,98,0.54
699821d4e161b702e08a6420,40200222,1610612747,118.8,95.4,0.5,-20.8,96.5,0.525
699821d4e161b702e08a6421,40200231,1610612758,113,124.6,0.606,9.8,100.5,0.656
699821d4e161b702e08a6422,40200201,1610612765,101.2,115.2,0.507,11.5,86.5,0.576
699821d4e161b702e08a6423,40200201,1610612755,112.6,98.4,0.493,-11.5,86.5,0.548
699821d4e161b702e08a6424,40200231,1610612742,122.8,109.8,0.51,-9.8,100.5,0.533
699821d4e161b702e08a6425,40200221,1610612759,87.2,92.2,0.413,4.3,94.5,0.456
699821d4e161b702e08a6426,40200211,1610612751,96.9,95.7,0.457,4.2,96,0.52
699821d4e161b702e08a6427,40200211,1610612738,101,96.3,0.5,-4.2,96,0.543
699821d4e161b702e08a6428,40200221,1610612747,91.6,85.2,0.424,-4.3,94.5,0.449
699821d4e161b702e08a6429,40200107,1610612765,106.9,119.4,0.603,17.2,87,0.64
699821d4e161b702e08a642a,40200167,1610612742,102.2,114.5,0.5,14.2,92.5,0.566
699821d4e161b702e08a642b,40200167,1610612757,116.3,104,0.482,-14.2,92.5,0.526
699821d4e161b702e08a642c,40200107,1610612753,124.1,104.9,0.462,-17.2,87,0.524
699821d4e161b702e08a642d,40200166,1610612757,108.4,131.6,0.622,24.6,94.5,0.672
699821d4e161b702e08a642e,40200106,1610612765,91.7,109.1,0.48,14.5,96.5,0.534
699821d4e161b702e08a642f,40200136,1610612740,120.2,113,0.536,-4.5,89,0.553
699821d4e161b702e08a6430,40200136,1610612755,115.7,121.5,0.506,4.5,89,0.569
699821d4e161b702e08a6431,40200106,1610612753,106.2,88.6,0.407,-14.5,96.5,0.471
699821d4e161b702e08a6432,40200166,1610612742,133,108.1,0.473,-24.6,94.5,0.509
699821d4e161b702e08a6433,40200126,1610612738,103.4,121.6,0.554,21.6,87.5,0.582
699821d4e161b702e08a6434,40200176,1610612747,89.5,105.9,0.505,14.7,96,0.508
699821d4e161b702e08a6435,40200146,1610612759,90.4,92.2,0.441,4.1,93,0.476
699821d4e161b702e08a6436,40200116,1610612751,109.8,125,0.531,11.7,92.5,0.586
699821d4e161b702e08a6437,40200116,1610612749,121.5,109.4,0.556,-11.7,92.5,0.599
699821d4e161b702e08a6438,40200146,1610612756,94.6,88.5,0.409,-4.1,93,0.447
699821d4e161b702e08a6439,40200176,1610612750,104.1,88.1,0.413,-14.7,96,0.465
699821d4e161b702e08a643a,40200126,1610612754,125,99.3,0.347,-21.6,87.5,0.439
699821d4e161b702e08a643b,40200105,1610612765,78.8,113.5,0.469,35.1,85.5,0.531
699821d4e161b702e08a643c,40200155,1610612758,96.8,116.1,0.556,22.5,93.5,0.619
699821d4e161b702e08a643d,40200135,1610612755,106.9,103,0.452,-2.3,87,0.533
699821d4e161b702e08a643e,40200165,1610612757,115.1,111.8,0.494,1.9,87,0.536
699821d4e161b702e08a643f,40200165,1610612742,117,115.4,0.514,-1.9,87,0.577
699821d4e161b702e08a6440,40200135,1610612740,104.6,102.5,0.446,2.3,87,0.486
699821d4e161b702e08a6441,40200155,1610612762,119.4,95.9,0.421,-22.5,93.5,0.485
699821d4e161b702e08a6442,40200105,1610612753,114,78.4,0.353,-35.1,85.5,0.406
699821d4e161b702e08a6443,40200145,1610612759,84.5,96.9,0.426,12.4,97,0.511
699821d4e161b702e08a6444,40200175,1610612747,96.8,131.2,0.614,32.3,93,0.635
699821d4e161b702e08a6445,40200115,1610612751,88.2,93,0.363,6.5,93.5,0.46
699821d4e161b702e08a6446,40200125,1610612754,96.7,99.9,0.42,4.4,82.87,0.479
699821d4e161b702e08a6447,40200125,1610612738,101.1,93.9,0.464,-4.4,82.87,0.49
699821d4e161b702e08a6448,40200115,1610612749,94.7,87.2,0.368,-6.5,93.5,0.455
699821d4e161b702e08a6449,40200175,1610612750,129,89.7,0.458,-32.3,93,0.487
699821d4e161b702e08a644a,40200145,1610612756,96.9,81.2,0.396,-12.4,97,0.441
699821d4e161b702e08a644b,40200154,1610612758,90.1,106.9,0.489,17.5,91.5,0.512
699821d4e161b702e08a644c,40200134,1610612755,97.8,104.6,0.469,8.9,89.5,0.517
699821d4e161b702e08a644d,40200134,1610612740,106.7,96.2,0.487,-8.9,89.5,0.527
699821d4e161b702e08a644e,40200154,1610612762,107.6,87,0.396,-17.5,91.5,0.481
699821d4e161b702e08a644f,40200164,1610612757,84,104.8,0.453,20.2,94,0.524
699821d4e161b702e08a6450,40200104,1610612753,102.2,109.3,0.555,7.7,90.5,0.606
699821d4e161b702e08a6451,40200174,1610612747,100,106.9,0.432,6.3,96.5,0.493
699821d4e161b702e08a6452,40200124,1610612738,97.9,106.3,0.521,13,93,0.58
699821d4e161b702e08a6453,40200144,1610612756,91.3,90.9,0.443,2.2,92,0.48
699821d4e161b702e08a6454,40200144,1610612759,93.5,91,0.436,-2.2,92,0.51
699821d4e161b702e08a6455,40200124,1610612754,110.9,97.2,0.493,-13,93,0.557
699821d4e161b702e08a6456,40200174,1610612750,106.3,96.2,0.488,-6.3,96.5,0.528
699821d4e161b702e08a6457,40200104,1610612765,109.9,103.7,0.469,-7.7,90.5,0.513
699821d4e161b702e08a6458,40200164,1610612742,104.3,84.3,0.404,-20.2,94,0.445
699821d4e161b702e08a6459,40200153,1610612762,113,113.2,0.456,2,92.5,0.532
699821d4e161b702e08a645a,40200133,1610612740,96.6,111.8,0.448,14.6,88.5,0.507
699821d4e161b702e08a645b,40200114,1610612751,121.4,115.5,0.54,-5.1,88.75,0.596
699821d4e161b702e08a645c,40200114,1610612749,116.3,116.3,0.516,5.1,88.75,0.57
699821d4e161b702e08a645d,40200133,1610612755,111.2,93,0.443,-14.6,88.5,0.522
699821d4e161b702e08a645e,40200153,1610612758,115.1,111.4,0.5,-2,92.5,0.54
699821d4e161b702e08a645f,40200143,1610612759,92.5,99.2,0.5,14,93,0.539
699821d4e161b702e08a6460,40200103,1610612753,90.9,100.8,0.522,11.4,87.5,0.547
699821d4e161b702e08a6461,40200163,1610612742,114.4,130.3,0.584,13.3,90,0.623
699821d4e161b702e08a6462,40200163,1610612757,127.8,115.5,0.474,-13.3,90,0.553
699821d4e161b702e08a6463,40200103,1610612765,102.3,87.2,0.412,-11.4,87.5,0.461
699821d4e161b702e08a6464,40200143,1610612756,106.5,89.6,0.402,-14,93,0.439
699821d4e161b702e08a6465,40200123,1610612738,89.2,102.7,0.513,19.4,93,0.578
699821d4e161b702e08a6466,40200173,1610612750,98.2,99.6,0.495,3.6,101.43,0.556
699821d4e161b702e08a6467,40200113,1610612751,106.3,105.8,0.506,3.3,94.5,0.564
699821d4e161b702e08a6468,40200113,1610612749,109.6,101.2,0.458,-3.3,94.5,0.527
699821d4e161b702e08a6469,40200173,1610612747,101.8,94.1,0.449,-3.6,101.43,0.483
699821d4e161b702e08a646a,40200123,1610612754,108.6,86.6,0.35,-19.4,93,0.433
699821d4e161b702e08a646b,40200102,1610612765,87.5,95.6,0.452,14.8,87.5,0.511
699821d4e161b702e08a646c,40200132,1610612755,97.7,104.4,0.459,7,86.5,0.516
699821d4e161b702e08a646d,40200162,1610612742,113.8,114.5,0.564,3.3,87.5,0.599
699821d4e161b702e08a646e,40200162,1610612757,117,113.4,0.521,-3.3,87.5,0.574
699821d4e161b702e08a646f,40200132,1610612740,104.7,96.2,0.5,-7,86.5,0.542
699821d4e161b702e08a6470,40200102,1610612753,102.3,88.3,0.426,-14.8,87.5,0.498
699821d4e161b702e08a6471,40200172,1610612750,94.8,127.6,0.604,29.2,96,0.674
699821d4e161b702e08a6472,40200112,1610612749,92.4,94.8,0.52,3.3,92,0.519
699821d4e161b702e08a6473,40200112,1610612751,95.7,91.7,0.441,-3.3,92,0.496
699821d4e161b702e08a6474,40200172,1610612747,124,91.3,0.401,-29.2,96,0.452
699821d4e161b702e08a6475,40200122,1610612754,85.6,100,0.466,13.3,90,0.53
699821d4e161b702e08a6476,40200142,1610612759,84.4,88.4,0.396,7.9,90.5,0.452
699821d4e161b702e08a6477,40200152,1610612758,104.4,119.7,0.561,15.6,90.5,0.592
699821d4e161b702e08a6478,40200152,1610612762,120,104.4,0.481,-15.6,90.5,0.54
699821d4e161b702e08a6479,40200142,1610612756,92.3,84.5,0.375,-7.9,90.5,0.413
699821d4e161b702e08a647a,40200122,1610612738,98.9,87.6,0.404,-13.3,90,0.448
699821d4e161b702e08a647b,40200131,1610612755,95.7,103.2,0.494,8.5,94,0.557
699821d4e161b702e08a647c,40200171,1610612747,106.5,125.1,0.613,20.7,92,0.646
699821d4e161b702e08a647d,40200101,1610612753,102.2,110,0.507,4.3,92.5,0.569
699821d4e161b702e08a647e,40200101,1610612765,106.5,98.2,0.355,-4.3,92.5,0.486
699821d4e161b702e08a647f,40200171,1610612750,127.2,107.8,0.507,-20.7,92,0.558
699821d4e161b702e08a6480,40200131,1610612740,104.3,95.1,0.462,-8.5,94,0.545
699821d4e161b702e08a6481,40200161,1610612742,100,110.9,0.521,11.6,86,0.574
699821d4e161b702e08a6482,40200151,1610612758,102.3,108.7,0.478,6.8,88,0.563
699821d4e161b702e08a6483,40200111,1610612751,106.7,118.6,0.578,13.1,90.5,0.599
699821d4e161b702e08a6484,40200141,1610612759,99,100,0.431,-2,88.3,0.484
699821d4e161b702e08a6485,40200121,1610612738,109.9,112.8,0.494,3.3,91,0.57
699821d4e161b702e08a6486,40200121,1610612754,113.2,105.7,0.479,-3.3,91,0.558
699821d4e161b702e08a6487,40200141,1610612756,96.9,96,0.463,2,88.3,0.516
699821d4e161b702e08a6488,40200111,1610612749,119.8,105.2,0.577,-13.1,90.5,0.576
699821d4e161b702e08a6489,40200151,1610612762,109.1,97.4,0.475,-6.8,88,0.515
699821d4e161b702e08a648a,40200161,1610612757,111.6,99.7,0.457,-11.6,86,0.471
699821d4e161b702e08a648b,40300405,1610612765,98.9,116.1,0.474,14.8,88,0.537
699821d4e161b702e08a648c,40300405,1610612747,113.6,99.4,0.44,-14.8,88,0.486
699821d4e161b702e08a648d,40300404,1610612765,90.9,97.7,0.441,10.2,87.5,0.511
699821d4e161b702e08a648e,40300404,1610612747,101.1,90.2,0.442,-10.2,87.5,0.456
699821d4e161b702e08a648f,40300403,1610612765,77.3,102.1,0.441,22.7,88,0.493
699821d4e161b702e08a6490,40300403,1610612747,100,76.6,0.405,-22.7,88,0.426
699821d4e161b702e08a6491,40300402,1610612747,96.8,103.1,0.513,6.3,86.04,0.544
699821d4e161b702e08a6492,40300402,1610612765,103.1,98.2,0.432,-6.3,86.04,0.481
699821d4e161b702e08a6493,40300401,1610612765,88.2,104.6,0.508,16.6,84,0.556
699821d4e161b702e08a6494,40300401,1610612747,104.8,89.4,0.418,-16.6,84,0.463
699821d4e161b702e08a6495,40300306,1610612754,83.1,79.7,0.409,-2.9,82,0.448
699821d4e161b702e08a6496,40300306,1610612765,80.2,79.7,0.354,2.9,82,0.389
699821d4e161b702e08a6497,40300316,1610612747,100,106.9,0.506,6.7,90,0.512
699821d4e161b702e08a6498,40300316,1610612750,106.7,97.4,0.446,-6.7,90,0.527
699821d4e161b702e08a6499,40300305,1610612765,77.4,97.5,0.443,22.6,83.5,0.518
699821d4e161b702e08a649a,40300305,1610612754,100,78.4,0.355,-22.6,83.5,0.387
699821d4e161b702e08a649b,40300315,1610612750,106.7,106.4,0.45,3.4,89.5,0.521
699821d4e161b702e08a649c,40300315,1610612747,110.1,104.8,0.546,-3.4,89.5,0.555
699821d4e161b702e08a649d,40300304,1610612754,81.9,98.6,0.514,18.1,83,0.545
699821d4e161b702e08a649e,40300304,1610612765,100,82.8,0.34,-18.1,83,0.386
699821d4e161b702e08a649f,40300314,1610612747,97.7,105,0.433,8,87,0.481
699821d4e161b702e08a64a0,40300314,1610612750,105.7,92.2,0.411,-8,87,0.456
699821d4e161b702e08a64a1,40300303,1610612765,88.6,91.3,0.449,9.1,87.5,0.518
699821d4e161b702e08a64a2,40300303,1610612754,97.7,88.8,0.382,-9.1,87.5,0.465
699821d4e161b702e08a64a3,40300313,1610612747,102.3,116.4,0.568,11.3,87.5,0.589
699821d4e161b702e08a64a4,40300313,1610612750,113.6,98.7,0.507,-11.3,87.5,0.542
699821d4e161b702e08a64a5,40300302,1610612765,74.4,81.9,0.364,6.5,89.5,0.445
699821d4e161b702e08a64a6,40300302,1610612754,80.9,71.6,0.294,-6.5,89.5,0.37
699821d4e161b702e08a64a7,40300312,1610612750,88.8,109.4,0.493,22.5,80,0.54
699821d4e161b702e08a64a8,40300312,1610612747,111.3,89,0.412,-22.5,80,0.44
699821d4e161b702e08a64a9,40300301,1610612765,92.9,86.4,0.425,-4.8,84,0.465
699821d4e161b702e08a64aa,40300301,1610612754,88.1,88.5,0.361,4.8,84,0.419
699821d4e161b702e08a64ab,40300311,1610612747,100,108.8,0.513,9,88.5,0.55
699821d4e161b702e08a64ac,40300311,1610612750,109,100.5,0.536,-9,88.5,0.582
699821d4e161b702e08a64ad,40300217,1610612765,78.4,95.8,0.447,23.9,88,0.484
699821d4e161b702e08a64ae,40300217,1610612751,102.3,78.4,0.381,-23.9,88,0.442
699821d4e161b702e08a64af,40300227,1610612750,87,89.4,0.444,3.3,92,0.501
699821d4e161b702e08a64b0,40300227,1610612758,90.2,87.5,0.444,-3.3,92,0.452
699821d4e161b702e08a64b1,40300206,1610612754,77.8,81.5,0.346,3.3,90,0.442
699821d4e161b702e08a64b2,40300206,1610612748,81.1,74.7,0.311,-3.3,90,0.382
699821d4e161b702e08a64b3,40300226,1610612758,100,113.6,0.558,18.2,87.5,0.587
699821d4e161b702e08a64b4,40300216,1610612765,87.2,92.4,0.473,7,86,0.49
699821d4e161b702e08a64b5,40300216,1610612751,94.2,86.8,0.412,-7,86,0.472
699821d4e161b702e08a64b6,40300226,1610612750,118.2,93.5,0.463,-18.2,87.5,0.494
699821d4e161b702e08a64b7,40300236,1610612747,88.4,101.1,0.492,14,86,0.53
699821d4e161b702e08a64b8,40300205,1610612754,98.8,112.5,0.55,14.4,83.5,0.583
699821d4e161b702e08a64b9,40300205,1610612748,113.3,96.4,0.464,-14.4,83.5,0.525
699821d4e161b702e08a64ba,40300236,1610612759,102.3,83.1,0.32,-14,86,0.39
699821d4e161b702e08a64bb,40300225,1610612750,81.3,96.9,0.444,14.2,90.5,0.507
699821d4e161b702e08a64bc,40300215,1610612751,96,100.6,0.494,6.4,94.86,0.576
699821d4e161b702e08a64bd,40300215,1610612765,102.4,94.1,0.405,-6.4,94.86,0.463
699821d4e161b702e08a64be,40300225,1610612758,95.6,78.3,0.358,-14.2,90.5,0.418
699821d4e161b702e08a64bf,40300235,1610612747,83.9,83.4,0.472,-0.8,88,0.476
699821d4e161b702e08a64c0,40300235,1610612759,83.1,82.5,0.421,0.8,88,0.437
699821d4e161b702e08a64c1,40300204,1610612748,108.6,120.8,0.557,11.8,82,0.604
699821d4e161b702e08a64c2,40300224,1610612758,89,93.5,0.428,5.6,91.5,0.5
699821d4e161b702e08a64c3,40300224,1610612750,94.6,89.2,0.438,-5.6,91.5,0.501
699821d4e161b702e08a64c4,40300204,1610612754,120.5,105.5,0.473,-11.8,82,0.521
699821d4e161b702e08a64c5,40300214,1610612751,88.8,106.4,0.463,15.7,89.5,0.509
699821d4e161b702e08a64c6,40300234,1610612747,104.7,111.3,0.514,8,86.5,0.569
699821d4e161b702e08a64c7,40300234,1610612759,112.6,100.4,0.456,-8,86.5,0.507
699821d4e161b702e08a64c8,40300214,1610612765,104.4,89.5,0.385,-15.7,89.5,0.486
699821d4e161b702e08a64c9,40300203,1610612748,97.8,108.2,0.508,6.7,89.5,0.574
699821d4e161b702e08a64ca,40300223,1610612750,110.8,107.8,0.495,-1.2,93.28,0.539
699821d4e161b702e08a64cb,40300223,1610612758,109.6,104.6,0.484,1.2,93.28,0.538
699821d4e161b702e08a64cc,40300203,1610612754,104.4,97.8,0.451,-6.7,89.5,0.5
699821d4e161b702e08a64cd,40300213,1610612751,73.6,90.7,0.443,20.7,87,0.503
699821d4e161b702e08a64ce,40300233,1610612747,86.2,112.2,0.615,26.7,93.5,0.636
699821d4e161b702e08a64cf,40300233,1610612759,112.9,83.8,0.406,-26.7,93.5,0.428
699821d4e161b702e08a64d0,40300213,1610612765,94.3,74,0.289,-20.7,87,0.366
699821d4e161b702e08a64d1,40300202,1610612754,90.9,101.3,0.531,12.5,88,0.563
699821d4e161b702e08a64d2,40300222,1610612750,95.7,99.7,0.481,4.3,93.5,0.526
699821d4e161b702e08a64d3,40300222,1610612758,100,89.1,0.385,-4.3,93.5,0.45
699821d4e161b702e08a64d4,40300202,1610612748,103.4,90,0.412,-12.5,88,0.466
699821d4e161b702e08a64d5,40300212,1610612765,90.9,108.5,0.474,17,88,0.536
699821d4e161b702e08a64d6,40300212,1610612751,108,91.8,0.451,-17,88,0.487
699821d4e161b702e08a64d7,40300201,1610612754,94.2,107.9,0.5,15.1,86,0.566
699821d4e161b702e08a64d8,40300201,1610612748,109.3,91.1,0.399,-15.1,86,0.441
699821d4e161b702e08a64d9,40300232,1610612759,98.8,112.8,0.558,11.6,86,0.578
699821d4e161b702e08a64da,40300232,1610612747,110.5,98.9,0.527,-11.6,86,0.519
699821d4e161b702e08a64db,40300137,1610612748,83.7,94.3,0.422,6.7,93,0.456
699821d4e161b702e08a64dc,40300221,1610612758,102.1,109,0.463,5.1,96.5,0.545
699821d4e161b702e08a64dd,40300221,1610612750,107.2,101.8,0.5,-5.1,96.5,0.525
699821d4e161b702e08a64de,40300137,1610612740,90.4,82.7,0.458,-6.7,93,0.493
699821d4e161b702e08a64df,40300211,1610612765,65.9,90.4,0.508,25.9,85,0.54
699821d4e161b702e08a64e0,40300211,1610612751,91.8,66.5,0.307,-25.9,85,0.353
699821d4e161b702e08a64e1,40300136,1610612740,92.2,96.1,0.47,6.7,90,0.497
699821d4e161b702e08a64e2,40300231,1610612759,85.7,93.4,0.5,9.9,91.5,0.499
699821d4e161b702e08a64e3,40300231,1610612747,95.7,83.4,0.406,-9.9,91.5,0.467
699821d4e161b702e08a64e4,40300136,1610612748,98.9,88.9,0.413,-6.7,90,0.475
699821d4e161b702e08a64e5,40300145,1610612750,95.8,105.3,0.56,10.5,95.5,0.616
699821d4e161b702e08a64e6,40300135,1610612748,93.3,97.1,0.486,4.5,89,0.52
699821d4e161b702e08a64e7,40300135,1610612740,97.8,92.3,0.399,-4.5,89,0.457
699821d4e161b702e08a64e8,40300145,1610612743,106.3,92.5,0.483,-10.5,95.5,0.492
699821d4e161b702e08a64e9,40300125,1610612765,89.5,103.6,0.476,15.1,86.5,0.496
699821d4e161b702e08a64ea,40300175,1610612758,112.4,111.6,0.588,2,104.5,0.61
699821d4e161b702e08a64eb,40300175,1610612742,114.4,109.3,0.5,-2,104.5,0.547
699821d4e161b702e08a64ec,40300125,1610612749,104.6,87.5,0.41,-15.1,86.5,0.453
699821d4e161b702e08a64ed,40300155,1610612747,85.7,102.2,0.513,19.7,91.5,0.54
699821d4e161b702e08a64ee,40300155,1610612745,105.4,86,0.449,-19.7,91.5,0.502
699821d4e161b702e08a64ef,40300134,1610612740,100,112,0.55,11.6,85.5,0.602
699821d4e161b702e08a64f0,40300144,1610612750,89.1,91.1,0.477,3.2,91.5,0.53
699821d4e161b702e08a64f1,40300144,1610612743,92.3,87.6,0.397,-3.2,91.5,0.416
699821d4e161b702e08a64f2,40300134,1610612748,111.6,95.6,0.437,-11.6,85.5,0.489
699821d4e161b702e08a64f3,40300124,1610612765,104.5,124.9,0.618,20.7,87.5,0.671
699821d4e161b702e08a64f4,40300174,1610612758,95.8,97,0.412,3.1,95.5,0.457
699821d4e161b702e08a64f5,40300174,1610612742,98.9,94.3,0.367,-3.1,95.5,0.409
699821d4e161b702e08a64f6,40300124,1610612749,125.3,101.2,0.488,-20.7,87.5,0.512
699821d4e161b702e08a64f7,40300164,1610612759,110.2,126.5,0.675,16.2,87.5,0.705
699821d4e161b702e08a64f8,40300104,1610612754,82.4,98.2,0.5,16.5,91,0.544
699821d4e161b702e08a64f9,40300114,1610612751,103.3,105.2,0.473,6.6,91,0.549
699821d4e161b702e08a64fa,40300154,1610612747,92.6,94.9,0.445,3.2,86.49,0.474
699821d4e161b702e08a64fb,40300154,1610612745,95.8,90.4,0.45,-3.2,86.49,0.498
699821d4e161b702e08a64fc,40300114,1610612752,109.9,99.8,0.456,-6.6,91,0.51
699821d4e161b702e08a64fd,40300104,1610612738,98.9,82.5,0.44,-16.5,91,0.501
699821d4e161b702e08a64fe,40300164,1610612763,126.4,108.8,0.513,-16.2,87.5,0.57
699821d4e161b702e08a64ff,40300173,1610612742,75.2,97.8,0.415,23.8,105,0.463
699821d4e161b702e08a6500,40300143,1610612743,93.5,113.8,0.5,21.6,92.5,0.524
699821d4e161b702e08a6501,40300133,1610612740,81.6,88.8,0.388,7.9,86.5,0.449
699821d4e161b702e08a6502,40300123,1610612765,92.4,99.5,0.493,12,91.5,0.549
699821d4e161b702e08a6503,40300123,1610612749,104.4,92,0.407,-12,91.5,0.46
699821d4e161b702e08a6504,40300133,1610612748,89.5,78.8,0.349,-7.9,86.5,0.412
699821d4e161b702e08a6505,40300143,1610612750,115.1,90.3,0.468,-21.6,92.5,0.499
699821d4e161b702e08a6506,40300173,1610612758,99,76.2,0.387,-23.8,105,0.446
699821d4e161b702e08a6507,40300103,1610612754,95.5,114.7,0.517,24.5,89.5,0.545
699821d4e161b702e08a6508,40300153,1610612745,101.1,113.5,0.539,13.5,89.5,0.574
699821d4e161b702e08a6509,40300153,1610612747,114.6,105.1,0.464,-13.5,89.5,0.486
699821d4e161b702e08a650a,40300103,1610612738,120,92.3,0.441,-24.5,89.5,0.493
699821d4e161b702e08a650b,40300113,1610612751,86.7,86.7,0.431,3.3,90,0.485
699821d4e161b702e08a650c,40300163,1610612759,112,119.9,0.528,3.8,82.5,0.558
699821d4e161b702e08a650d,40300163,1610612763,115.9,111.6,0.519,-3.8,82.5,0.538
699821d4e161b702e08a650e,40300113,1610612752,90,84.2,0.441,-3.3,90,0.455
699821d4e161b702e08a650f,40300132,1610612748,72.4,106.7,0.465,35.7,86.5,0.552
699821d4e161b702e08a6510,40300142,1610612750,93.1,106.7,0.519,13.6,88,0.552
699821d4e161b702e08a6511,40300122,1610612749,98.9,101.5,0.479,5.7,88.5,0.531
699821d4e161b702e08a6512,40300122,1610612765,104.5,96.4,0.439,-5.7,88.5,0.482
699821d4e161b702e08a6513,40300142,1610612743,106.7,89.9,0.421,-13.6,88,0.47
699821d4e161b702e08a6514,40300132,1610612740,108.1,69.2,0.262,-35.7,86.5,0.339
699821d4e161b702e08a6515,40300112,1610612751,84.4,99.4,0.585,18.8,96,0.607
699821d4e161b702e08a6516,40300172,1610612758,85.9,91.7,0.407,5.3,91.5,0.453
699821d4e161b702e08a6517,40300102,1610612754,97.8,106.9,0.495,12.9,92.5,0.513
699821d4e161b702e08a6518,40300102,1610612738,110.8,96,0.44,-12.9,92.5,0.538
699821d4e161b702e08a6519,40300172,1610612742,91.2,85.1,0.333,-5.3,91.5,0.388
699821d4e161b702e08a651a,40300112,1610612752,103.1,82.5,0.364,-18.8,96,0.416
699821d4e161b702e08a651b,40300162,1610612759,76.1,94,0.481,17.5,92.5,0.497
699821d4e161b702e08a651c,40300152,1610612747,96.6,110.3,0.5,14.8,87.5,0.564
699821d4e161b702e08a651d,40300152,1610612745,111.4,96.3,0.458,-14.8,87.5,0.499
699821d4e161b702e08a651e,40300162,1610612763,93.5,76.5,0.373,-17.5,92.5,0.429
699821d4e161b702e08a651f,40300121,1610612765,82.8,109.5,0.462,26.3,99,0.516
699821d4e161b702e08a6520,40300141,1610612750,100,110,0.494,16.5,91.5,0.534
699821d4e161b702e08a6521,40300171,1610612758,111.7,121.4,0.596,10.4,94.5,0.62
699821d4e161b702e08a6522,40300131,1610612740,92,85.1,0.451,-3.3,88.5,0.489
699821d4e161b702e08a6523,40300131,1610612748,88.8,92,0.452,3.3,88.5,0.482
699821d4e161b702e08a6524,40300171,1610612742,122.1,110.1,0.495,-10.4,94.5,0.528
699821d4e161b702e08a6525,40300141,1610612743,116.5,96,0.453,-16.5,91.5,0.49
699821d4e161b702e08a6526,40300121,1610612749,109.1,81.6,0.453,-26.3,99,0.497
699821d4e161b702e08a6527,40300111,1610612751,91.2,111.8,0.535,27.7,90.5,0.603
699821d4e161b702e08a6528,40300161,1610612759,83.1,105.7,0.579,25.7,89.5,0.6
699821d4e161b702e08a6529,40300101,1610612754,95.7,106.3,0.494,16.2,92.5,0.542
699821d4e161b702e08a652a,40300151,1610612745,80.9,76.3,0.395,-1.1,89,0.428
699821d4e161b702e08a652b,40300151,1610612747,79.8,79.7,0.368,1.1,89,0.408
699821d4e161b702e08a652c,40300101,1610612738,111.8,92.9,0.458,-16.2,92.5,0.519
699821d4e161b702e08a652d,40300161,1610612763,108.9,85.7,0.379,-25.7,89.5,0.472
699821d4e161b702e08a652e,40300111,1610612752,118.9,87.1,0.39,-27.7,90.5,0.465
699821d4e161b702e08a652f,10300016,1610612760,78.1,101.2,0.494,20.8,101.05,0.558
699821d4e161b702e08a6530,10300014,1610612765,82.1,102.1,0.518,16.1,107.46,0.58
699821d4e161b702e08a6531,10300011,1610612739,80,87.7,0.468,6.2,98.55,0.486
699821d4e161b702e08a6532,10300018,1610612761,77.2,80,0.395,5.4,92,0.432
699821d4e161b702e08a6533,10300017,1610612740,103.8,111.2,0.576,5.2,95.78,0.603
699821d4e161b702e08a6534,10300012,1610612754,89.2,93.2,0.413,4.7,99.49,0.466
699821d4e161b702e08a6535,10300012,1610612741,93.9,84.3,0.478,-4.7,99.49,0.529
699821d4e161b702e08a6536,10300017,1610612753,107.2,105.9,0.508,-3.8,96.77,0.545
699821d4e161b702e08a6537,10300018,1610612764,82.2,77.3,0.397,-5.4,92.62,0.462
699821d4e161b702e08a6538,10300011,1610612737,88.3,82.2,0.369,-4.1,94.5,0.433
699821d4e161b702e08a6539,10300014,1610612738,101,83.6,0.481,-14.6,103,0.498
699821d4e161b702e08a653a,10300016,1610612745,104.3,84.1,0.357,-22.2,94.5,0.45
699821d4e161b702e08a653b,10300005,1610612757,80.9,108.9,0.544,25.1,97.68,0.597
699821d4e161b702e08a653c,10300009,1610612758,82,106.5,0.507,20.8,100.96,0.583
699821d4e161b702e08a653d,10300008,1610612751,83.6,103.4,0.5,21.4,97.75,0.53
699821d4e161b702e08a653e,10300010,1610612764,86.3,110.1,0.539,20.5,98.45,0.58
699821d4e161b702e08a653f,10300007,1610612748,80.6,86.9,0.364,6.3,89.21,0.418
699821d4e161b702e08a6540,10300004,1610612742,91.8,103.3,0.494,11.4,96.5,0.527
699821d4e161b702e08a6541,10300003,1610612739,94.1,97.3,0.519,3.9,102,0.557
699821d4e161b702e08a6542,10300003,1610612765,98,90.1,0.414,-3.9,102,0.459
699821d4e161b702e08a6543,10300007,1610612755,86.9,78.4,0.335,-6.3,89.21,0.43
699821d4e161b702e08a6544,10300004,1610612753,96.9,88.6,0.457,-15.8,105.91,0.531
699821d4e161b702e08a6545,10300008,1610612756,102.5,85.1,0.361,-20.2,100.68,0.453
699821d4e161b702e08a6546,10300010,1610612752,106.3,88.1,0.394,-20.9,99.46,0.473
699821d4e161b702e08a6547,10300009,1610612746,100.4,84.8,0.403,-18.6,102.2,0.432
699821d4e161b702e08a6548,10300005,1610612745,105.5,85,0.502,-24,97.47,0.532
699821d4e161b702e08a6549,10300002,1610612763,87,98.2,0.519,11.1,107.5,0.547
699821d4e161b702e08a654a,10300002,1610612749,98.1,89,0.44,-11.1,107.5,0.508
699821d4e161b702e08a654b,10300001,1610612762,91.4,94.8,0.464,5.4,93,0.53
699821d4e161b702e08a654c,10300001,1610612742,96.8,89.3,0.461,-5.4,93,0.476
699821d4e161b702e08a654d,40400407,1610612759,94.9,99.6,0.478,10.3,77.5,0.53
699821d4e161b702e08a654e,40400407,1610612765,105.2,91.2,0.432,-10.3,77.5,0.462
699821d4e161b702e08a654f,40400406,1610612765,107.5,119.7,0.519,9.8,80.5,0.544
699821d4e161b702e08a6550,40400406,1610612759,117.3,100.7,0.467,-9.8,80.5,0.497
699821d4e161b702e08a6551,40400405,1610612765,109.1,105.4,0.452,-1.1,79.7,0.505
699821d4e161b702e08a6552,40400405,1610612759,108,107.6,0.512,1.1,79.7,0.526
699821d4e161b702e08a6553,40400404,1610612765,80.7,111.9,0.467,36.6,87.5,0.509
699821d4e161b702e08a6554,40400404,1610612759,117.2,82,0.407,-36.6,87.5,0.441
699821d4e161b702e08a6555,40400403,1610612765,95.2,109.7,0.488,20.5,83,0.519
699821d4e161b702e08a6556,40400403,1610612759,115.7,94.3,0.493,-20.5,83,0.521
699821d4e161b702e08a6557,40400402,1610612759,89.4,115.5,0.556,27.5,84,0.63
699821d4e161b702e08a6558,40400402,1610612765,116.9,89.4,0.402,-27.5,84,0.427
699821d4e161b702e08a6559,40400401,1610612759,82.1,97,0.456,19.1,83.5,0.491
699821d4e161b702e08a655a,40400401,1610612765,101.2,81,0.383,-19.1,83.5,0.415
699821d4e161b702e08a655b,40400307,1610612765,95.3,101.6,0.487,8.2,85.5,0.514
699821d4e161b702e08a655c,40400307,1610612748,103.5,94.7,0.478,-8.2,85.5,0.515
699821d4e161b702e08a655d,40400306,1610612765,77.6,105.4,0.459,30.7,84.5,0.482
699821d4e161b702e08a655e,40400306,1610612748,108.3,76.8,0.43,-30.7,84.5,0.459
699821d4e161b702e08a655f,40400305,1610612748,86.4,98.7,0.543,14.8,87.5,0.556
699821d4e161b702e08a6560,40400305,1610612765,101.1,85.6,0.404,-14.8,87.5,0.438
699821d4e161b702e08a6561,40400315,1610612759,103.3,107.4,0.511,5.3,92.5,0.537
699821d4e161b702e08a6562,40400315,1610612756,108.6,100.6,0.466,-5.3,92.5,0.503
699821d4e161b702e08a6563,40400304,1610612765,106.7,116.3,0.506,11.1,90,0.563
699821d4e161b702e08a6564,40400304,1610612748,117.8,105.3,0.465,-11.1,90,0.538
699821d4e161b702e08a6565,40400314,1610612756,115.2,121.9,0.63,6.8,91.5,0.66
699821d4e161b702e08a6566,40400314,1610612759,122,109.1,0.5,-6.8,91.5,0.504
699821d4e161b702e08a6567,40400303,1610612748,110.6,121.8,0.577,7.1,95,0.637
699821d4e161b702e08a6568,40400303,1610612765,117.7,106.2,0.463,-7.1,95,0.515
699821d4e161b702e08a6569,40400313,1610612759,103.4,115.6,0.5,10,89.5,0.572
699821d4e161b702e08a656a,40400313,1610612756,113.3,99.4,0.471,-10,89.5,0.497
699821d4e161b702e08a656b,40400302,1610612748,89.6,95.7,0.481,7.3,95.5,0.522
699821d4e161b702e08a656c,40400302,1610612765,96.8,89.5,0.438,-7.3,95.5,0.472
699821d4e161b702e08a656d,40400312,1610612759,116.1,116.5,0.558,4.5,92.5,0.583
699821d4e161b702e08a656e,40400312,1610612756,120.7,114.3,0.595,-4.5,92.5,0.624
699821d4e161b702e08a656f,40400301,1610612765,97.6,104.3,0.494,12.2,82.5,0.522
699821d4e161b702e08a6570,40400301,1610612748,109.8,96,0.494,-12.2,82.5,0.498
699821d4e161b702e08a6571,40400311,1610612759,115.2,122.7,0.575,7.1,99,0.601
699821d4e161b702e08a6572,40400311,1610612756,122.2,116.6,0.523,-7.1,99,0.577
699821d4e161b702e08a6573,40400226,1610612756,111.5,118,0.562,4.6,101.89,0.59
699821d4e161b702e08a6574,40400226,1610612742,116.1,110.6,0.469,-4.6,101.89,0.543
699821d4e161b702e08a6575,40400216,1610612765,100,109.2,0.465,10,79.5,0.539
699821d4e161b702e08a6576,40400236,1610612759,110.3,107.7,0.5,1,87.5,0.563
699821d4e161b702e08a6577,40400236,1610612760,111.4,107.3,0.507,-1,87.5,0.555
699821d4e161b702e08a6578,40400216,1610612754,110,97.4,0.513,-10,79.5,0.506
699821d4e161b702e08a6579,40400225,1610612756,108,112.5,0.474,4.9,100.5,0.526
699821d4e161b702e08a657a,40400225,1610612742,112.9,108.5,0.479,-4.9,100.5,0.516
699821d4e161b702e08a657b,40400215,1610612765,88.2,107.3,0.458,22.1,77,0.477
699821d4e161b702e08a657c,40400235,1610612759,108.4,118.4,0.5,14.2,83.5,0.554
699821d4e161b702e08a657d,40400235,1610612760,122.6,105.3,0.48,-14.2,83.5,0.527
699821d4e161b702e08a657e,40400215,1610612754,110.3,87.7,0.392,-22.1,77,0.457
699821d4e161b702e08a657f,40400214,1610612765,86.4,95.9,0.423,12.5,89,0.48
699821d4e161b702e08a6580,40400234,1610612760,98.9,106.5,0.538,13.3,90,0.562
699821d4e161b702e08a6581,40400224,1610612742,114.7,125.6,0.59,10.5,95,0.621
699821d4e161b702e08a6582,40400224,1610612756,125.3,115.8,0.561,-10.5,95,0.592
699821d4e161b702e08a6583,40400234,1610612759,112.2,95.5,0.451,-13.3,90,0.522
699821d4e161b702e08a6584,40400214,1610612754,98.9,84.1,0.393,-12.5,89,0.462
699821d4e161b702e08a6585,40400204,1610612748,99,100.4,0.48,4.2,96,0.552
699821d4e161b702e08a6586,40400204,1610612764,103.1,98.8,0.402,-4.2,96,0.479
699821d4e161b702e08a6587,40400223,1610612756,103,118.2,0.579,16,99.5,0.603
699821d4e161b702e08a6588,40400213,1610612765,91.9,85.7,0.392,-4.8,85.5,0.479
699821d4e161b702e08a6589,40400213,1610612754,87.1,89.9,0.389,4.8,85.5,0.471
699821d4e161b702e08a658a,40400223,1610612742,119,100.1,0.395,-16,99.5,0.456
699821d4e161b702e08a658b,40400203,1610612748,109.2,116.8,0.551,6.7,87.5,0.591
699821d4e161b702e08a658c,40400233,1610612760,102.2,105.1,0.421,0,89.5,0.508
699821d4e161b702e08a658d,40400233,1610612759,102.2,97.9,0.493,0,89.5,0.517
699821d4e161b702e08a658e,40400203,1610612764,115.9,103.2,0.506,-6.7,87.5,0.528
699821d4e161b702e08a658f,40400212,1610612754,92.2,99.8,0.426,10,90,0.455
699821d4e161b702e08a6590,40400222,1610612756,110.2,105,0.455,-3.1,98.5,0.51
699821d4e161b702e08a6591,40400222,1610612742,107.1,107.4,0.529,3.1,98.5,0.554
699821d4e161b702e08a6592,40400212,1610612765,102.2,91.9,0.455,-10,90,0.486
699821d4e161b702e08a6593,40400232,1610612759,103.4,123.6,0.563,19.3,88,0.618
699821d4e161b702e08a6594,40400202,1610612748,108.5,111.8,0.652,4,95,0.646
699821d4e161b702e08a6595,40400202,1610612764,112.5,103.4,0.45,-4,95,0.492
699821d4e161b702e08a6596,40400232,1610612760,122.7,102.8,0.449,-19.3,88,0.514
699821d4e161b702e08a6597,40400211,1610612765,90,107.1,0.493,15.5,90.5,0.53
699821d4e161b702e08a6598,40400221,1610612756,102,124.1,0.591,25,100,0.633
699821d4e161b702e08a6599,40400221,1610612742,127,98.8,0.474,-25,100,0.494
699821d4e161b702e08a659a,40400211,1610612754,105.5,85.7,0.414,-15.5,90.5,0.468
699821d4e161b702e08a659b,40400231,1610612759,89,111.5,0.536,26.7,90,0.61
699821d4e161b702e08a659c,40400201,1610612748,89.6,105.9,0.567,18.7,96.5,0.57
699821d4e161b702e08a659d,40400201,1610612764,108.2,87.9,0.395,-18.7,96.5,0.468
699821d4e161b702e08a659e,40400231,1610612760,115.7,91.1,0.442,-26.7,90,0.477
699821d4e161b702e08a659f,40400177,1610612742,85.4,128.4,0.563,47.9,88,0.628
699821d4e161b702e08a65a0,40400127,1610612754,85.4,113.8,0.536,32.9,82,0.59
699821d4e161b702e08a65a1,40400127,1610612738,118.3,83.3,0.397,-32.9,82,0.437
699821d4e161b702e08a65a2,40400177,1610612745,133.3,84.5,0.372,-47.9,88,0.423
699821d4e161b702e08a65a3,40400136,1610612741,102.2,99.5,0.461,-4.3,92.5,0.514
699821d4e161b702e08a65a4,40400136,1610612764,97.8,95.2,0.441,4.3,92.5,0.481
699821d4e161b702e08a65a5,40400176,1610612745,90.2,109.8,0.547,22,91,0.594
699821d4e161b702e08a65a6,40400126,1610612738,91.8,93.5,0.428,3.1,87.85,0.468
699821d4e161b702e08a65a7,40400126,1610612754,94.8,92.4,0.4,-3.1,87.85,0.488
699821d4e161b702e08a65a8,40400176,1610612742,112.2,90.7,0.401,-22,91,0.444
699821d4e161b702e08a65a9,40400155,1610612759,100,107,0.514,11.2,89,0.566
699821d4e161b702e08a65aa,40400135,1610612764,112.2,111.8,0.573,2,98,0.588
699821d4e161b702e08a65ab,40400135,1610612741,114.3,109.8,0.547,-2,98,0.56
699821d4e161b702e08a65ac,40400155,1610612743,111.2,94.9,0.445,-11.2,89,0.49
699821d4e161b702e08a65ad,40400115,1610612765,89.7,95.8,0.413,11.5,87,0.479
699821d4e161b702e08a65ae,40400125,1610612754,93.4,99.5,0.5,3.4,92,0.553
699821d4e161b702e08a65af,40400165,1610612760,124.2,130.2,0.613,7,94,0.665
699821d4e161b702e08a65b0,40400165,1610612758,131.2,120.6,0.564,-7,94,0.603
699821d4e161b702e08a65b1,40400125,1610612738,96.8,92.2,0.484,-3.4,92,0.551
699821d4e161b702e08a65b2,40400115,1610612755,101.1,89.9,0.465,-11.5,87,0.483
699821d4e161b702e08a65b3,40400134,1610612764,100,109.1,0.48,6,99.5,0.569
699821d4e161b702e08a65b4,40400154,1610612759,113.9,116.9,0.524,7.3,92.83,0.613
699821d4e161b702e08a65b5,40400175,1610612745,113.2,112.9,0.53,-3.3,91,0.591
699821d4e161b702e08a65b6,40400175,1610612742,109.9,112,0.506,3.3,91,0.548
699821d4e161b702e08a65b7,40400154,1610612743,121.2,109.3,0.464,-7.3,92.83,0.557
699821d4e161b702e08a65b8,40400134,1610612741,106,95.7,0.395,-6,99.5,0.474
699821d4e161b702e08a65b9,40400164,1610612760,107.4,120.8,0.596,12.4,95.5,0.667
699821d4e161b702e08a65ba,40400144,1610612756,118.6,123.5,0.69,8.2,97,0.727
699821d4e161b702e08a65bb,40400104,1610612748,98,109,0.613,14.3,98.5,0.64
699821d4e161b702e08a65bc,40400114,1610612765,94.8,99.4,0.487,6.2,87.4,0.542
699821d4e161b702e08a65bd,40400114,1610612755,101,95.8,0.476,-6.2,87.4,0.505
699821d4e161b702e08a65be,40400104,1610612751,112.2,98.7,0.434,-14.3,98.5,0.526
699821d4e161b702e08a65bf,40400144,1610612763,126.8,118.5,0.579,-8.2,97,0.599
699821d4e161b702e08a65c0,40400164,1610612758,119.8,103.9,0.455,-12.4,95.5,0.504
699821d4e161b702e08a65c1,40400124,1610612738,87.8,116.9,0.615,34.4,90,0.654
699821d4e161b702e08a65c2,40400133,1610612764,106.5,121.2,0.453,16.7,94,0.544
699821d4e161b702e08a65c3,40400153,1610612759,87.6,92.2,0.42,7.9,89.5,0.461
699821d4e161b702e08a65c4,40400174,1610612742,105.7,106.7,0.521,3.3,88.5,0.578
699821d4e161b702e08a65c5,40400174,1610612745,109,102.8,0.507,-3.3,88.5,0.557
699821d4e161b702e08a65c6,40400153,1610612743,95.6,88.4,0.43,-7.9,89.5,0.463
699821d4e161b702e08a65c7,40400133,1610612741,123.2,100,0.435,-16.7,94,0.5
699821d4e161b702e08a65c8,40400124,1610612754,122.2,81.3,0.308,-34.4,90,0.415
699821d4e161b702e08a65c9,40400143,1610612756,107.1,127.6,0.591,23.8,84,0.603
699821d4e161b702e08a65ca,40400163,1610612758,113,121,0.525,10.4,93,0.612
699821d4e161b702e08a65cb,40400113,1610612755,122.4,133.7,0.622,11.4,85.5,0.646
699821d4e161b702e08a65cc,40400113,1610612765,133.7,118.2,0.568,-11.4,85.5,0.619
699821d4e161b702e08a65cd,40400163,1610612760,123.4,107.3,0.457,-10.4,93,0.542
699821d4e161b702e08a65ce,40400143,1610612763,131,102.4,0.481,-23.8,84,0.512
699821d4e161b702e08a65cf,40400123,1610612754,89.4,114.2,0.515,25.7,85.5,0.584
699821d4e161b702e08a65d0,40400173,1610612742,112.1,120.1,0.544,5.7,90.5,0.629
699821d4e161b702e08a65d1,40400103,1610612748,92.9,98.4,0.512,1,94.34,0.536
699821d4e161b702e08a65d2,40400103,1610612751,93.9,90.6,0.407,-1,94.34,0.442
699821d4e161b702e08a65d3,40400173,1610612745,117.8,112.1,0.531,-5.7,90.5,0.56
699821d4e161b702e08a65d4,40400123,1610612738,115.1,90,0.417,-25.7,85.5,0.445
699821d4e161b702e08a65d5,40400152,1610612759,83.5,114.6,0.549,32,90.5,0.593
699821d4e161b702e08a65d6,40400142,1610612756,108.4,116.6,0.494,6.5,94.5,0.565
699821d4e161b702e08a65d7,40400132,1610612741,103,108.9,0.537,7.8,101,0.596
699821d4e161b702e08a65d8,40400132,1610612764,110.8,101.1,0.475,-7.8,101,0.537
699821d4e161b702e08a65d9,40400142,1610612763,114.9,108,0.489,-6.5,94.5,0.503
699821d4e161b702e08a65da,40400152,1610612743,115.6,81.3,0.38,-32,90.5,0.44
699821d4e161b702e08a65db,40400102,1610612748,94.6,112.2,0.513,19.7,91.5,0.567
699821d4e161b702e08a65dc,40400112,1610612765,89.4,105.2,0.542,16,94,0.603
699821d4e161b702e08a65dd,40400162,1610612760,98.9,109.1,0.506,11.6,94.5,0.563
699821d4e161b702e08a65de,40400162,1610612758,110.5,96.3,0.444,-11.6,94.5,0.481
699821d4e161b702e08a65df,40400112,1610612755,105.3,85.5,0.391,-16,94,0.436
699821d4e161b702e08a65e0,40400102,1610612751,114.3,93.1,0.397,-19.7,91.5,0.466
699821d4e161b702e08a65e1,40400172,1610612745,122,124.3,0.61,5,90,0.666
699821d4e161b702e08a65e2,40400122,1610612754,98.8,97.7,0.471,2.5,80.5,0.526
699821d4e161b702e08a65e3,40400122,1610612738,101.2,99,0.41,-2.5,80.5,0.495
699821d4e161b702e08a65e4,40400172,1610612742,127,118.8,0.561,-5,90,0.594
699821d4e161b702e08a65e5,40400101,1610612748,110.1,129.8,0.655,21.7,88.5,0.671
699821d4e161b702e08a65e6,40400131,1610612741,97.9,104.6,0.463,9.4,96,0.488
699821d4e161b702e08a65e7,40400141,1610612756,109.6,118.8,0.532,11.7,94,0.565
699821d4e161b702e08a65e8,40400151,1610612759,98.9,92.2,0.438,-6.4,94,0.487
699821d4e161b702e08a65e9,40400151,1610612743,92.6,99.8,0.433,6.4,94,0.488
699821d4e161b702e08a65ea,40400141,1610612763,121.3,106.6,0.517,-11.7,94,0.544
699821d4e161b702e08a65eb,40400131,1610612764,107.3,90.8,0.413,-9.4,96,0.468
699821d4e161b702e08a65ec,40400101,1610612751,131.8,113.4,0.5,-21.7,88.5,0.548
699821d4e161b702e08a65ed,40400121,1610612738,91.1,110.9,0.581,21,90.5,0.6
699821d4e161b702e08a65ee,40400111,1610612765,90.4,112.1,0.556,22.3,94,0.579
699821d4e161b702e08a65ef,40400171,1610612745,102.4,111.6,0.513,14.3,84,0.565
699821d4e161b702e08a65f0,40400161,1610612760,98.8,100.8,0.388,6,83,0.447
699821d4e161b702e08a65f1,40400161,1610612758,104.8,93.6,0.415,-6,83,0.433
699821d4e161b702e08a65f2,40400171,1610612742,116.7,106.9,0.39,-14.3,84,0.497
699821d4e161b702e08a65f3,40400111,1610612755,112.8,92.6,0.448,-22.3,94,0.495
699821d4e161b702e08a65f4,40400121,1610612754,112.1,89.3,0.394,-21,90.5,0.501
699821d4e161b702e08a65f5,10400116,1610612750,84.5,106.8,0.537,26.6,95.33,0.607
699821d4e161b702e08a65f6,10400115,1610612743,83.2,104.1,0.527,20,95,0.576
699821d4e161b702e08a65f7,10400119,1610612756,95,121.9,0.585,27.7,101,0.617
699821d4e161b702e08a65f8,10400118,1610612759,90.5,108.5,0.5,18,94.5,0.573
699821d4e161b702e08a65f9,10400117,1610612760,102.4,105.4,0.575,4.7,85,0.604
699821d4e161b702e08a65fa,10400114,1610612761,95.8,100.6,0.423,9.4,95.5,0.514
699821d4e161b702e08a65fb,10400114,1610612739,105.3,92.9,0.464,-9.4,95.5,0.489
699821d4e161b702e08a65fc,10400117,1610612757,107.1,97.8,0.413,-4.7,85,0.463
699821d4e161b702e08a65fd,10400118,1610612740,108.5,87.4,0.406,-18,94.5,0.47
699821d4e161b702e08a65fe,10400119,1610612758,122.8,92.9,0.483,-27.7,101,0.537
699821d4e161b702e08a65ff,10400115,1610612754,103.2,85.1,0.419,-20,95,0.474
699821d4e161b702e08a6600,10400116,1610612765,111.1,81,0.446,-26.6,95.33,0.476
699821d4e161b702e08a6601,10400113,1610612756,88,110.3,0.462,22.1,99.5,0.557
699821d4e161b702e08a6602,10400110,1610612742,101.1,124.5,0.568,20.7,92,0.629
699821d4e161b702e08a6603,10400111,1610612745,98.4,103.3,0.454,6.3,85.33,0.509
699821d4e161b702e08a6604,10400108,1610612752,93.3,101.6,0.459,7.9,88.5,0.566
699821d4e161b702e08a6605,10400107,1610612751,96.9,98.9,0.515,1.1,97.5,0.558
699821d4e161b702e08a6606,10400107,1610612755,98,96.4,0.507,-1.1,97.5,0.563
699821d4e161b702e08a6607,10400108,1610612762,101.1,92.4,0.448,-7.9,88.5,0.484
699821d4e161b702e08a6608,10400111,1610612743,104.7,97.3,0.489,-6.3,85.33,0.536
699821d4e161b702e08a6609,10400110,1610612758,121.7,101.5,0.463,-20.7,92,0.543
699821d4e161b702e08a660a,10400113,1610612746,110.1,87.6,0.359,-22.1,99.5,0.425
699821d4e161b702e08a660b,10400098,1610612738,86.6,98.7,0.56,13.4,96.5,0.646
699821d4e161b702e08a660c,10400101,1610612754,75.5,96,0.481,21.3,94,0.524
699821d4e161b702e08a660d,10400103,1610612757,98.6,104.8,0.549,8.4,95.33,0.58
699821d4e161b702e08a660e,10400100,1610612753,104,109.1,0.488,7.2,98.5,0.551
699821d4e161b702e08a660f,10400105,1610612746,87.2,83.4,0.411,-4.3,94,0.467
699821d4e161b702e08a6610,10400102,1610612749,76.8,83.7,0.404,11.6,92,0.419
699821d4e161b702e08a6611,10400102,1610612750,88.4,71.9,0.412,-11.6,92,0.423
699821d4e161b702e08a6612,10400105,1610612744,83,83.9,0.382,4.3,94,0.433
699821d4e161b702e08a6613,10400100,1610612748,111.2,102.2,0.461,-7.2,98.5,0.501
699821d4e161b702e08a6614,10400103,1610612761,107,98.3,0.491,-8.4,95.33,0.544
699821d4e161b702e08a6615,10400101,1610612741,96.8,74.4,0.417,-21.3,94,0.447
699821d4e161b702e08a6616,10400098,1610612765,100,84.5,0.401,-13.4,96.5,0.454
699821d4e161b702e08a6617,10400095,1610612756,95.9,107.7,0.521,10.3,97,0.585
699821d4e161b702e08a6618,10400096,1610612752,84.9,92.8,0.395,5.6,94,0.52
699821d4e161b702e08a6619,10400097,1610612759,94.9,96.6,0.436,3.1,99.5,0.508
699821d4e161b702e08a661a,10400092,1610612755,98.5,104.5,0.478,7.6,88,0.584
699821d4e161b702e08a661b,10400094,1610612743,94.4,96.5,0.491,2.8,96.67,0.55
699821d4e161b702e08a661c,10400091,1610612766,91.4,98.7,0.473,9.9,81,0.506
699821d4e161b702e08a661d,10400093,1610612754,106.7,110.9,0.551,6.7,90,0.615
699821d4e161b702e08a661e,10400093,1610612763,113.3,103.7,0.454,-6.7,90,0.555
699821d4e161b702e08a661f,10400091,1610612748,101.2,89.3,0.403,-9.9,81,0.469
699821d4e161b702e08a6620,10400094,1610612761,97.3,93.7,0.481,-2.8,96.67,0.535
699821d4e161b702e08a6621,10400092,1610612762,106.1,96.7,0.422,-7.6,88,0.483
699821d4e161b702e08a6622,10400097,1610612742,98,94.5,0.407,-3.1,99.5,0.468
699821d4e161b702e08a6623,10400096,1610612751,90.5,84.4,0.393,-5.6,94,0.446
699821d4e161b702e08a6624,10400095,1610612760,106.2,94,0.42,-10.3,97,0.485
699821d4e161b702e08a6625,10400089,1610612764,98.1,106.8,0.554,9.5,100.73,0.628
699821d4e161b702e08a6626,10400087,1610612744,98.6,97.6,0.424,0,91.33,0.488
699821d4e161b702e08a6627,10400087,1610612757,98.5,97.9,0.446,0,91.33,0.469
699821d4e161b702e08a6628,10400089,1610612741,107.5,97.8,0.606,-9.5,100.73,0.651
699821d4e161b702e08a6629,10400083,1610612752,92.4,105.1,0.526,13.5,89.33,0.55
699821d4e161b702e08a662a,10400081,1610612765,81.5,85.4,0.453,6.7,92.5,0.482
699821d4e161b702e08a662b,10400084,1610612764,88.5,100.6,0.477,12.5,96,0.548
699821d4e161b702e08a662c,10400082,1610612746,103.3,106.4,0.493,4.4,90,0.57
699821d4e161b702e08a662d,10400085,1610612743,91.3,92.8,0.466,2.9,92,0.5
699821d4e161b702e08a662e,10400085,1610612754,94.2,91,0.418,-2.9,92,0.49
699821d4e161b702e08a662f,10400082,1610612740,107.8,104.3,0.427,-4.4,90,0.505
699821d4e161b702e08a6630,10400084,1610612766,101,88,0.465,-12.5,96,0.515
699821d4e161b702e08a6631,10400081,1610612762,88.2,81.6,0.423,-6.7,92.5,0.488
699821d4e161b702e08a6632,10400083,1610612742,105.9,89.2,0.384,-13.5,89.33,0.474
699821d4e161b702e08a6633,10400073,1610612763,72.2,98.9,0.527,27.8,95.33,0.548
699821d4e161b702e08a6634,10400072,1610612753,80,104.8,0.506,25.6,90,0.548
699821d4e161b702e08a6635,10400080,1610612759,95.5,104.5,0.592,12,88.67,0.632
699821d4e161b702e08a6636,10400078,1610612761,83.2,86,0.493,2.7,106.5,0.518
699821d4e161b702e08a6637,10400075,1610612758,98.5,99.8,0.49,1.5,90,0.575
699821d4e161b702e08a6638,10400076,1610612739,91.2,101.7,0.491,13.2,90.67,0.54
699821d4e161b702e08a6639,10400079,1610612749,95.5,106.8,0.429,12,88.67,0.484
699821d4e161b702e08a663a,10400074,1610612750,109.3,107.3,0.493,-2.1,97,0.591
699821d4e161b702e08a663b,10400077,1610612755,90,92.4,0.453,6.6,89.5,0.524
699821d4e161b702e08a663c,10400077,1610612751,96.6,89.2,0.423,-6.6,89.5,0.484
699821d4e161b702e08a663d,10400074,1610612754,107.2,109.8,0.585,2.1,97,0.62
699821d4e161b702e08a663e,10400079,1610612742,107.5,95.7,0.424,-12,88.67,0.465
699821d4e161b702e08a663f,10400076,1610612738,104.4,91.6,0.458,-13.2,90.67,0.537
699821d4e161b702e08a6640,10400075,1610612740,100,94.7,0.482,-1.5,90,0.51
699821d4e161b702e08a6641,10400078,1610612741,85.8,81.4,0.408,-2.7,106.5,0.427
699821d4e161b702e08a6642,10400080,1610612760,107.5,92.6,0.462,-12,88.67,0.525
699821d4e161b702e08a6643,10400072,1610612745,105.6,78.5,0.385,-25.6,90,0.463
699821d4e161b702e08a6644,10400073,1610612737,100,71.1,0.351,-27.8,95.33,0.387
699821d4e161b702e08a6645,10400071,1610612765,81.1,104.4,0.589,25.8,98,0.632
699821d4e161b702e08a6646,10400070,1610612748,90.1,125.2,0.619,32.7,91.5,0.648
699821d4e161b702e08a6647,10400065,1610612766,74.1,81,0.396,7.1,85,0.415
699821d4e161b702e08a6648,10400064,1610612743,83.5,98.9,0.506,18.4,103,0.541
699821d4e161b702e08a6649,10400066,1610612750,81.2,100.8,0.528,20.8,100.5,0.542
699821d4e161b702e08a664a,10400069,1610612747,100,113,0.493,11.9,101.5,0.589
699821d4e161b702e08a664b,10400067,1610612762,90,99.9,0.491,14.3,93.33,0.528
699821d4e161b702e08a664c,10400068,1610612751,95.4,105,0.468,14.9,87,0.537
699821d4e161b702e08a664d,10400068,1610612738,110.3,95.4,0.454,-14.9,87,0.519
699821d4e161b702e08a664e,10400067,1610612758,104.3,89,0.408,-14.3,93.33,0.51
699821d4e161b702e08a664f,10400069,1610612746,111.9,100.2,0.414,-11.9,101.5,0.496
699821d4e161b702e08a6650,10400066,1610612752,102,80.5,0.346,-20.8,100.5,0.437
699821d4e161b702e08a6651,10400064,1610612744,101.9,81.5,0.424,-18.4,103,0.48
699821d4e161b702e08a6652,10400065,1610612757,81.2,71.7,0.352,-7.1,85,0.432
699821d4e161b702e08a6653,10400070,1610612737,122.8,87.8,0.41,-32.7,91.5,0.442
699821d4e161b702e08a6654,10400071,1610612764,106.8,77.6,0.417,-25.8,98,0.481
699821d4e161b702e08a6655,40500406,1610612748,93.9,95.7,0.462,1.1,99,0.504
699821d4e161b702e08a6656,40500406,1610612742,95,92.8,0.397,-1.1,99,0.45
699821d4e161b702e08a6657,40500405,1610612748,106.4,105.7,0.5,2.2,84.68,0.558
699821d4e161b702e08a6658,40500405,1610612742,108.6,103.1,0.488,-2.2,84.68,0.543
699821d4e161b702e08a6659,40500404,1610612748,81.3,104.4,0.568,24.1,92,0.599
699821d4e161b702e08a665a,40500404,1610612742,105.4,78.8,0.335,-24.1,92,0.407
699821d4e161b702e08a665b,40500403,1610612748,101.1,103.2,0.513,1,95.5,0.539
699821d4e161b702e08a665c,40500403,1610612742,102.1,100.6,0.52,-1,95.5,0.555
699821d4e161b702e08a665d,40500402,1610612742,97.7,107.2,0.543,13.5,88,0.601
699821d4e161b702e08a665e,40500402,1610612748,111.2,95.4,0.464,-13.5,88,0.505
699821d4e161b702e08a665f,40500401,1610612742,86,99.5,0.486,10.8,93,0.539
699821d4e161b702e08a6660,40500401,1610612748,96.8,88.5,0.468,-10.8,93,0.463
699821d4e161b702e08a6661,40500316,1610612742,100,106.6,0.494,9.7,93,0.557
699821d4e161b702e08a6662,40500316,1610612756,109.7,99.1,0.542,-9.7,93,0.575
699821d4e161b702e08a6663,40500306,1610612748,91.8,113.8,0.6,18.7,85.5,0.613
699821d4e161b702e08a6664,40500306,1610612765,110.5,91.2,0.37,-18.7,85.5,0.426
699821d4e161b702e08a6665,40500315,1610612742,109.8,124,0.522,17.4,92,0.577
699821d4e161b702e08a6666,40500315,1610612756,127.2,106.5,0.519,-17.4,92,0.575
699821d4e161b702e08a6667,40500305,1610612765,89.7,102.9,0.442,17.4,86,0.514
699821d4e161b702e08a6668,40500305,1610612748,107.1,87.8,0.468,-17.4,86,0.455
699821d4e161b702e08a6669,40500314,1610612756,100,122.9,0.589,21.8,86.5,0.601
699821d4e161b702e08a666a,40500314,1610612742,121.8,93.8,0.443,-21.8,86.5,0.485
699821d4e161b702e08a666b,40500304,1610612748,94,107.6,0.598,14.6,82.5,0.621
699821d4e161b702e08a666c,40500304,1610612765,108.5,93.2,0.429,-14.6,82.5,0.45
699821d4e161b702e08a666d,40500313,1610612742,101.1,106.2,0.432,9.3,86.5,0.464
699821d4e161b702e08a666e,40500313,1610612756,110.5,99.2,0.47,-9.3,86.5,0.502
699821d4e161b702e08a666f,40500303,1610612748,96.5,115.3,0.597,17.4,86,0.628
699821d4e161b702e08a6670,40500303,1610612765,114,95.9,0.477,-17.4,86,0.529
699821d4e161b702e08a6671,40500312,1610612742,106.5,113.1,0.5,5.2,93,0.548
699821d4e161b702e08a6672,40500312,1610612756,111.7,102.3,0.506,-5.2,93,0.522
699821d4e161b702e08a6673,40500302,1610612765,93.6,97,0.48,5.3,93.5,0.529
699821d4e161b702e08a6674,40500302,1610612748,98.9,94.5,0.466,-5.3,93.5,0.529
699821d4e161b702e08a6675,40500311,1610612756,118,120.1,0.582,3,100,0.619
699821d4e161b702e08a6676,40500311,1610612742,121,116.7,0.522,-3,100,0.572
699821d4e161b702e08a6677,40500301,1610612748,102.4,108,0.602,4.7,84.5,0.621
699821d4e161b702e08a6678,40500301,1610612765,107.1,97,0.409,-4.7,84.5,0.469
699821d4e161b702e08a6679,40500237,1610612756,115.1,137.5,0.694,21.5,93,0.719
699821d4e161b702e08a667a,40500227,1610612742,114.4,121.9,0.562,9.5,87.4,0.629
699821d4e161b702e08a667b,40500227,1610612759,124,115.4,0.513,-9.5,87.4,0.596
699821d4e161b702e08a667c,40500237,1610612746,136.6,118.3,0.526,-21.5,93,0.598
699821d4e161b702e08a667d,40500207,1610612765,77.2,98.7,0.449,22.8,79,0.481
699821d4e161b702e08a667e,40500207,1610612739,100,76.4,0.315,-22.8,79,0.397
699821d4e161b702e08a667f,40500226,1610612759,89.6,95.8,0.463,6.2,95.5,0.555
699821d4e161b702e08a6680,40500206,1610612739,106.3,103.1,0.463,-2.5,79,0.529
699821d4e161b702e08a6681,40500206,1610612765,103.8,105.9,0.5,2.5,79,0.523
699821d4e161b702e08a6682,40500226,1610612742,95.8,90.7,0.416,-6.2,95.5,0.468
699821d4e161b702e08a6683,40500236,1610612746,108.2,117.9,0.628,11,98.5,0.67
699821d4e161b702e08a6684,40500236,1610612756,119.2,108,0.511,-11,98.5,0.546
699821d4e161b702e08a6685,40500225,1610612759,110.2,110.6,0.551,2.4,87.5,0.593
699821d4e161b702e08a6686,40500205,1610612765,101.2,95.1,0.44,-1.2,84.5,0.481
699821d4e161b702e08a6687,40500205,1610612739,100,100.7,0.414,1.2,84.5,0.465
699821d4e161b702e08a6688,40500225,1610612742,112.6,109.8,0.526,-2.4,87.5,0.568
699821d4e161b702e08a6689,40500235,1610612756,103.5,108.5,0.509,5.2,94.76,0.538
699821d4e161b702e08a668a,40500215,1610612751,109.3,108.9,0.588,1.2,96,0.614
699821d4e161b702e08a668b,40500215,1610612748,110.5,111.9,0.607,-1.2,96,0.604
699821d4e161b702e08a668c,40500235,1610612746,108.7,103.4,0.451,-5.2,94.76,0.504
699821d4e161b702e08a668d,40500204,1610612739,86.7,84.6,0.463,1.3,83.5,0.49
699821d4e161b702e08a668e,40500224,1610612742,118,119.3,0.528,2.6,91.47,0.591
699821d4e161b702e08a668f,40500224,1610612759,120.6,115.6,0.582,-2.6,91.47,0.634
699821d4e161b702e08a6690,40500204,1610612765,88.1,79.9,0.36,-1.3,83.5,0.423
699821d4e161b702e08a6691,40500214,1610612748,103.4,117.7,0.586,11.2,89,0.61
699821d4e161b702e08a6692,40500234,1610612746,116.3,124.2,0.517,6.3,92.5,0.577
699821d4e161b702e08a6693,40500234,1610612756,122.6,114.2,0.511,-6.3,92.5,0.548
699821d4e161b702e08a6694,40500214,1610612751,114.6,103.9,0.452,-11.2,89,0.486
699821d4e161b702e08a6695,40500203,1610612739,95.1,108.8,0.522,11.1,81,0.573
699821d4e161b702e08a6696,40500223,1610612742,113.2,115.6,0.492,1.1,91,0.591
699821d4e161b702e08a6697,40500223,1610612759,114.3,108.3,0.494,-1.1,91,0.536
699821d4e161b702e08a6698,40500203,1610612765,106.2,93.9,0.444,-11.1,81,0.493
699821d4e161b702e08a6699,40500213,1610612748,98.9,111.2,0.515,11.8,93,0.609
699821d4e161b702e08a669a,40500233,1610612756,92.9,92.7,0.413,2.1,98.5,0.482
699821d4e161b702e08a669b,40500233,1610612746,94.9,92.1,0.464,-2.1,98.5,0.496
699821d4e161b702e08a669c,40500213,1610612751,110.8,97,0.471,-11.8,93,0.49
699821d4e161b702e08a669d,40500212,1610612748,101.1,122.5,0.601,25,88,0.633
699821d4e161b702e08a669e,40500232,1610612746,103.2,129.8,0.567,29.4,93,0.604
699821d4e161b702e08a669f,40500232,1610612756,132.6,103.1,0.513,-29.4,93,0.544
699821d4e161b702e08a66a0,40500212,1610612751,126.1,99.6,0.436,-25,88,0.521
699821d4e161b702e08a66a1,40500222,1610612742,102.2,121.6,0.5,24.7,89,0.583
699821d4e161b702e08a66a2,40500202,1610612765,102.2,108.4,0.485,5.5,89.5,0.561
699821d4e161b702e08a66a3,40500202,1610612739,107.8,101.5,0.481,-5.5,89.5,0.513
699821d4e161b702e08a66a4,40500222,1610612759,127,100.8,0.485,-24.7,89,0.553
699821d4e161b702e08a66a5,40500211,1610612751,91.7,105,0.55,14.7,95,0.601
699821d4e161b702e08a66a6,40500231,1610612756,124.2,130,0.616,5.8,99.5,0.67
699821d4e161b702e08a66a7,40500231,1610612746,130,123.3,0.617,-5.8,99.5,0.656
699821d4e161b702e08a66a8,40500211,1610612748,106.4,93.7,0.42,-14.7,95,0.5
699821d4e161b702e08a66a9,40500201,1610612765,100,130,0.611,32.9,85.5,0.635
699821d4e161b702e08a66aa,40500221,1610612759,95.5,97.5,0.433,2.2,89,0.493
699821d4e161b702e08a66ab,40500221,1610612742,97.8,95.2,0.429,-2.2,89,0.476
699821d4e161b702e08a66ac,40500201,1610612739,132.9,101.3,0.433,-32.9,85.5,0.478
699821d4e161b702e08a66ad,40500157,1610612756,95.7,128.8,0.675,31.6,94.5,0.712
699821d4e161b702e08a66ae,40500157,1610612747,127.4,95.4,0.396,-31.6,94.5,0.453
699821d4e161b702e08a66af,40500146,1610612759,91.2,114.7,0.565,24.2,91,0.6
699821d4e161b702e08a66b0,40500136,1610612739,113,110.2,0.547,-0.1,91.02,0.591
699821d4e161b702e08a66b1,40500136,1610612764,112.9,110.2,0.494,0.1,91.02,0.541
699821d4e161b702e08a66b2,40500146,1610612758,115.4,91,0.441,-24.2,91,0.511
699821d4e161b702e08a66b3,40500116,1610612748,104.3,122.9,0.565,19.8,91.5,0.614
699821d4e161b702e08a66b4,40500126,1610612751,105.9,114.1,0.535,8.4,84.5,0.592
699821d4e161b702e08a66b5,40500156,1610612756,115.7,123.8,0.623,7.8,92.38,0.672
699821d4e161b702e08a66b6,40500156,1610612747,123.5,114.9,0.606,-7.8,92.38,0.623
699821d4e161b702e08a66b7,40500126,1610612754,114.3,103.4,0.521,-8.4,84.5,0.556
699821d4e161b702e08a66b8,40500116,1610612741,124.2,103.1,0.48,-19.8,91.5,0.539
699821d4e161b702e08a66b9,40500105,1610612765,98.9,132.4,0.608,29.5,94.5,0.669
699821d4e161b702e08a66ba,40500135,1610612739,125,123.6,0.549,-0.3,87.4,0.605
699821d4e161b702e08a66bb,40500135,1610612764,124.7,124,0.577,0.3,87.4,0.62
699821d4e161b702e08a66bc,40500105,1610612749,128.4,99.9,0.445,-29.5,94.5,0.505
699821d4e161b702e08a66bd,40500115,1610612748,83,97.8,0.479,13.9,94.5,0.505
699821d4e161b702e08a66be,40500145,1610612759,112.6,125.5,0.625,11.2,87.5,0.682
699821d4e161b702e08a66bf,40500125,1610612751,93.5,99.1,0.487,5.4,92.5,0.53
699821d4e161b702e08a66c0,40500155,1610612756,106.6,122,0.535,18.7,91,0.585
699821d4e161b702e08a66c1,40500155,1610612747,125.3,101.5,0.564,-18.7,91,0.602
699821d4e161b702e08a66c2,40500125,1610612754,98.9,94,0.463,-5.4,92.5,0.486
699821d4e161b702e08a66c3,40500145,1610612758,123.9,114,0.506,-11.2,87.5,0.557
699821d4e161b702e08a66c4,40500115,1610612741,96.8,81.9,0.375,-13.9,94.5,0.458
699821d4e161b702e08a66c5,40500174,1610612742,87.4,117.9,0.538,31.2,86.5,0.59
699821d4e161b702e08a66c6,40500165,1610612746,89.2,107.6,0.52,20.5,92.5,0.588
699821d4e161b702e08a66c7,40500104,1610612765,115.1,126.7,0.527,10.2,86.5,0.592
699821d4e161b702e08a66c8,40500104,1610612749,125.3,112.1,0.58,-10.2,86.5,0.609
699821d4e161b702e08a66c9,40500165,1610612743,109.8,87.7,0.391,-20.5,92.5,0.421
699821d4e161b702e08a66ca,40500174,1610612763,118.6,89.1,0.418,-31.2,86.5,0.479
699821d4e161b702e08a66cb,40500144,1610612758,97.7,116.1,0.539,19.6,86.5,0.58
699821d4e161b702e08a66cc,40500114,1610612741,96.7,102.6,0.507,6.7,90,0.57
699821d4e161b702e08a66cd,40500134,1610612764,103.2,114.5,0.474,10.8,93,0.554
699821d4e161b702e08a66ce,40500154,1610612756,101,97.4,0.478,-1,88.75,0.513
699821d4e161b702e08a66cf,40500154,1610612747,100,100.4,0.487,1,88.75,0.546
699821d4e161b702e08a66d0,40500134,1610612739,114,103.2,0.566,-10.8,93,0.608
699821d4e161b702e08a66d1,40500114,1610612748,103.3,91.4,0.466,-6.7,90,0.477
699821d4e161b702e08a66d2,40500144,1610612759,117.2,92.4,0.472,-19.6,86.5,0.507
699821d4e161b702e08a66d3,40500103,1610612749,116.9,135.3,0.673,22.5,89,0.707
699821d4e161b702e08a66d4,40500164,1610612746,91.5,100.4,0.52,14.9,94,0.578
699821d4e161b702e08a66d5,40500124,1610612751,98.9,106.6,0.513,10.1,89,0.557
699821d4e161b702e08a66d6,40500173,1610612742,98.9,104.8,0.441,5.6,81.51,0.496
699821d4e161b702e08a66d7,40500173,1610612763,104.4,99.8,0.434,-5.6,81.51,0.499
699821d4e161b702e08a66d8,40500124,1610612754,109,95.6,0.524,-10.1,89,0.571
699821d4e161b702e08a66d9,40500164,1610612743,106.4,88.4,0.453,-14.9,94,0.476
699821d4e161b702e08a66da,40500103,1610612765,139.3,116.5,0.564,-22.5,89,0.603
699821d4e161b702e08a66db,40500133,1610612764,103.2,99.5,0.493,0,93.5,0.561
699821d4e161b702e08a66dc,40500153,1610612747,100,100.9,0.441,5.3,93,0.475
699821d4e161b702e08a66dd,40500143,1610612759,104.4,102.1,0.5,-1.1,90,0.54
699821d4e161b702e08a66de,40500143,1610612758,103.3,105,0.448,1.1,90,0.514
699821d4e161b702e08a66df,40500153,1610612756,105.3,95.4,0.5,-5.3,93,0.538
699821d4e161b702e08a66e0,40500133,1610612739,103.2,99.1,0.441,0,93.5,0.501
699821d4e161b702e08a66e1,40500113,1610612741,93.8,108.7,0.494,22.2,95,0.555
699821d4e161b702e08a66e2,40500123,1610612754,109.2,119.6,0.554,13.8,87,0.641
699821d4e161b702e08a66e3,40500163,1610612743,86.1,90.2,0.378,6.9,101,0.46
699821d4e161b702e08a66e4,40500163,1610612746,93.1,82.4,0.438,-6.9,101,0.508
699821d4e161b702e08a66e5,40500123,1610612751,123,108.2,0.433,-13.8,87,0.523
699821d4e161b702e08a66e6,40500113,1610612748,116,94.2,0.479,-22.2,95,0.52
699821d4e161b702e08a66e7,40500172,1610612742,94,108.2,0.478,16.5,84.5,0.554
699821d4e161b702e08a66e8,40500102,1610612765,106.5,119.3,0.566,12,92,0.597
699821d4e161b702e08a66e9,40500152,1610612747,100,103.8,0.567,5.3,93.5,0.594
699821d4e161b702e08a66ea,40500152,1610612756,105.3,99,0.481,-5.3,93.5,0.541
699821d4e161b702e08a66eb,40500102,1610612749,118.5,103.6,0.471,-12,92,0.513
699821d4e161b702e08a66ec,40500172,1610612763,110.6,92.5,0.5,-16.5,84.5,0.545
699821d4e161b702e08a66ed,40500122,1610612751,87.2,105.5,0.479,17.4,86,0.54
699821d4e161b702e08a66ee,40500142,1610612759,115.5,123.3,0.583,7.5,93.74,0.641
699821d4e161b702e08a66ef,40500132,1610612764,93.3,97,0.449,3.4,91,0.49
699821d4e161b702e08a66f0,40500132,1610612739,96.7,84.2,0.38,-3.4,91,0.439
699821d4e161b702e08a66f1,40500142,1610612758,123.1,112.6,0.5,-7.5,93.74,0.574
699821d4e161b702e08a66f2,40500122,1610612754,104.7,82,0.399,-17.4,86,0.434
699821d4e161b702e08a66f3,40500162,1610612746,94.6,106.5,0.5,12,92,0.538
699821d4e161b702e08a66f4,40500112,1610612748,110.2,116.2,0.577,6,98.5,0.605
699821d4e161b702e08a66f5,40500112,1610612741,116.2,108.6,0.584,-6,98.5,0.611
699821d4e161b702e08a66f6,40500162,1610612743,106.5,95.3,0.373,-12,92,0.457
699821d4e161b702e08a66f7,40500101,1610612765,83.1,102.3,0.453,19.1,89.5,0.511
699821d4e161b702e08a66f8,40500171,1610612742,108.1,116.5,0.493,10.3,86.5,0.576
699821d4e161b702e08a66f9,40500151,1610612756,106.3,114.6,0.514,7.6,95,0.605
699821d4e161b702e08a66fa,40500121,1610612754,102.3,103.2,0.508,2.3,86,0.583
699821d4e161b702e08a66fb,40500121,1610612751,104.7,100.6,0.431,-2.3,86,0.481
699821d4e161b702e08a66fc,40500151,1610612747,113.8,104.2,0.45,-7.6,95,0.501
699821d4e161b702e08a66fd,40500171,1610612763,118.4,107.2,0.581,-10.3,86.5,0.622
699821d4e161b702e08a66fe,40500101,1610612749,102.2,79.2,0.379,-19.1,89.5,0.405
699821d4e161b702e08a66ff,40500141,1610612759,101.1,140.1,0.651,35.9,88,0.701
699821d4e161b702e08a6700,40500111,1610612748,105,108.7,0.513,5,101,0.589
699821d4e161b702e08a6701,40500131,1610612739,100,109.4,0.466,12.8,86,0.502
699821d4e161b702e08a6702,40500161,1610612746,101.2,105.7,0.485,4.8,85,0.548
699821d4e161b702e08a6703,40500161,1610612743,106,98.1,0.39,-4.8,85,0.432
699821d4e161b702e08a6704,40500131,1610612764,112.8,97.9,0.43,-12.8,86,0.495
699821d4e161b702e08a6705,40500111,1610612741,109.9,104.5,0.528,-5,101,0.555
699821d4e161b702e08a6706,40500141,1610612758,137.1,99.1,0.423,-35.9,88,0.474
699821d4e161b702e08a6707,10500118,1610612751,86.9,91.3,0.466,6.9,98,0.571
699821d4e161b702e08a6708,10500116,1610612743,83.8,90.2,0.479,6.1,99,0.532
699821d4e161b702e08a6709,10500114,1610612764,82.8,93.9,0.468,9.6,92.5,0.503
699821d4e161b702e08a670a,10500114,1610612754,92.4,84.9,0.466,-9.6,92.5,0.489
699821d4e161b702e08a670b,10500116,1610612762,89.9,83,0.428,-6.1,99,0.494
699821d4e161b702e08a670c,10500118,1610612752,93.8,85.9,0.478,-6.9,98,0.524
699821d4e161b702e08a670d,10500106,1610612756,92,94.9,0.454,5,100,0.504
699821d4e161b702e08a670e,10500109,1610612742,109,110.3,0.527,6.7,89,0.583
699821d4e161b702e08a670f,10500109,1610612765,115.7,105.9,0.483,-6.7,89,0.518
699821d4e161b702e08a6710,10500106,1610612744,97,90.8,0.464,-5,100,0.498
699821d4e161b702e08a6711,10500102,1610612761,83.9,103.4,0.518,21.4,94,0.545
699821d4e161b702e08a6712,10500105,1610612745,87.9,97.2,0.478,8.8,91,0.54
699821d4e161b702e08a6713,10500099,1610612750,97.9,107,0.554,9.7,93.5,0.585
699821d4e161b702e08a6714,10500103,1610612738,106.4,101.7,0.536,-0.1,94.5,0.592
699821d4e161b702e08a6715,10500100,1610612743,110.6,107.4,0.56,4,103.5,0.628
699821d4e161b702e08a6716,10500104,1610612766,107.3,112.1,0.512,6.3,96,0.555
699821d4e161b702e08a6717,10500104,1610612754,113.5,104.8,0.476,-6.3,96,0.546
699821d4e161b702e08a6718,10500100,1610612749,114.6,105.5,0.523,-4,103.5,0.564
699821d4e161b702e08a6719,10500103,1610612739,106.3,103.3,0.522,0.1,94.5,0.604
699821d4e161b702e08a671a,10500099,1610612741,107.5,94.8,0.431,-9.7,93.5,0.469
699821d4e161b702e08a671b,10500105,1610612762,96.7,87.5,0.455,-8.8,91,0.473
699821d4e161b702e08a671c,10500102,1610612757,105.3,81.5,0.443,-21.4,94,0.489
699821d4e161b702e08a671d,10500095,1610612740,96.8,117.2,0.568,20,94.5,0.612
699821d4e161b702e08a671e,10500092,1610612752,73.2,80.5,0.493,9.3,97,0.517
699821d4e161b702e08a671f,10500096,1610612742,86,94.9,0.468,8,100,0.51
699821d4e161b702e08a6720,10500097,1610612754,98.9,112,0.565,11.4,87.5,0.587
699821d4e161b702e08a6721,10500094,1610612763,101.1,107.9,0.559,8,87,0.579
699821d4e161b702e08a6722,10500093,1610612738,114.6,109.8,0.541,0.3,92.38,0.588
699821d4e161b702e08a6723,10500093,1610612751,114.9,114.2,0.475,-0.3,92.38,0.566
699821d4e161b702e08a6724,10500094,1610612741,109.2,101.4,0.5,-8,87,0.538
699821d4e161b702e08a6725,10500097,1610612759,110.2,98.7,0.507,-11.4,87.5,0.537
699821d4e161b702e08a6726,10500096,1610612749,94,83.3,0.413,-8,100,0.488
699821d4e161b702e08a6727,10500092,1610612755,82.5,73.5,0.289,-9.3,97,0.367
699821d4e161b702e08a6728,10500095,1610612748,116.8,96,0.444,-20,94.5,0.461
699821d4e161b702e08a6729,10500089,1610612763,73.6,71.3,0.326,-2.2,91,0.41
699821d4e161b702e08a672a,10500089,1610612753,71.4,70.4,0.319,2.2,91,0.376
699821d4e161b702e08a672b,10500086,1610612745,83.5,87,0.469,3.7,85.5,0.512
699821d4e161b702e08a672c,10500083,1610612746,90.9,113.9,0.519,21.6,88,0.557
699821d4e161b702e08a672d,10500090,1610612743,95.9,97.4,0.521,3.1,97.5,0.58
699821d4e161b702e08a672e,10500090,1610612740,99,93.9,0.408,-3.1,97.5,0.494
699821d4e161b702e08a672f,10500083,1610612742,112.5,85.8,0.406,-21.6,88,0.448
699821d4e161b702e08a6730,10500086,1610612764,87.2,80.3,0.375,-3.7,85.5,0.425
699821d4e161b702e08a6731,10500077,1610612738,74.2,96.6,0.5,20.5,94,0.561
699821d4e161b702e08a6732,10500078,1610612765,73.3,97.4,0.452,24.4,89.5,0.476
699821d4e161b702e08a6733,10500076,1610612758,85.1,103.6,0.455,19.1,95,0.507
699821d4e161b702e08a6734,10500080,1610612752,92.8,96.3,0.451,6.2,97,0.491
699821d4e161b702e08a6735,10500081,1610612760,99,110.5,0.487,12.4,96.5,0.564
699821d4e161b702e08a6736,10500074,1610612753,103.1,104,0.493,3,98,0.577
699821d4e161b702e08a6737,10500075,1610612763,85.7,90,0.41,5.4,90.5,0.476
699821d4e161b702e08a6738,10500079,1610612750,100,100.6,0.469,1.1,86.5,0.487
699821d4e161b702e08a6739,10500079,1610612749,101.1,98.1,0.415,-1.1,86.5,0.502
699821d4e161b702e08a673a,10500075,1610612745,91.1,83.1,0.392,-5.4,90.5,0.454
699821d4e161b702e08a673b,10500074,1610612737,106.1,101,0.522,-3,98,0.574
699821d4e161b702e08a673c,10500081,1610612744,111.3,98.3,0.419,-12.4,96.5,0.507
699821d4e161b702e08a673d,10500080,1610612759,99,91.2,0.435,-6.2,97,0.48
699821d4e161b702e08a673e,10500076,1610612757,104.2,82.7,0.409,-19.1,95,0.436
699821d4e161b702e08a673f,10500078,1610612748,97.8,75.1,0.362,-24.4,89.5,0.389
699821d4e161b702e08a6740,10500077,1610612751,94.7,69.8,0.353,-20.5,94,0.384
699821d4e161b702e08a6741,10500069,1610612756,81.8,111.8,0.596,32.3,99,0.627
699821d4e161b702e08a6742,10500073,1610612747,91.2,104.9,0.514,14.6,102.5,0.593
699821d4e161b702e08a6743,10500070,1610612751,97.8,99.5,0.435,1.1,93.5,0.532
699821d4e161b702e08a6744,10500067,1610612743,91,98,0.456,8,99,0.516
699821d4e161b702e08a6745,10500068,1610612761,88.3,96.7,0.449,10.6,94,0.504
699821d4e161b702e08a6746,10500072,1610612742,94.4,98,0.472,1.1,90,0.513
699821d4e161b702e08a6747,10500071,1610612741,97.2,98,0.464,0.9,98.26,0.529
699821d4e161b702e08a6748,10500071,1610612749,98.2,93.9,0.445,-0.9,98.26,0.537
699821d4e161b702e08a6749,10500072,1610612752,95.6,94.5,0.526,-1.1,90,0.583
699821d4e161b702e08a674a,10500068,1610612738,98.9,88.1,0.514,-10.6,94,0.531
699821d4e161b702e08a674b,10500067,1610612764,99,93.5,0.364,-8,99,0.436
699821d4e161b702e08a674c,10500070,1610612755,98.9,92.9,0.439,-1.1,93.5,0.465
699821d4e161b702e08a674d,10500073,1610612766,105.8,91,0.456,-14.6,102.5,0.504
699821d4e161b702e08a674e,10500069,1610612760,114.1,77.7,0.378,-32.3,99,0.425
699821d4e161b702e08a674f,10500063,1610612754,87.4,106.8,0.468,18.3,87.5,0.574
699821d4e161b702e08a6750,10500066,1610612743,96.9,110.6,0.563,11.3,97,0.604
699821d4e161b702e08a6751,10500061,1610612764,80.2,86.5,0.432,6.3,100.53,0.485
699821d4e161b702e08a6752,10500061,1610612766,86.5,79.1,0.423,-6.3,100.53,0.438
699821d4e161b702e08a6753,10500066,1610612747,108.2,95.1,0.443,-11.3,97,0.475
699821d4e161b702e08a6754,10500063,1610612750,105.7,85.6,0.404,-18.3,87.5,0.438
699821d4e161b702e08a6755,10500058,1610612741,85.4,99.6,0.513,16.7,96,0.542
699821d4e161b702e08a6756,10500057,1610612760,100,108,0.537,7.6,92.5,0.606
699821d4e161b702e08a6757,10500054,1610612751,98.2,93.6,0.488,-1.8,98.72,0.529
699821d4e161b702e08a6758,10500060,1610612744,90.6,102.5,0.523,12.3,105.5,0.538
699821d4e161b702e08a6759,10500056,1610612749,93.1,101.5,0.475,8.9,101.5,0.479
699821d4e161b702e08a675a,10500055,1610612739,92.3,95.4,0.442,5.5,90.5,0.516
699821d4e161b702e08a675b,10500055,1610612763,97.8,85.6,0.421,-5.5,90.5,0.488
699821d4e161b702e08a675c,10500056,1610612765,102,92.9,0.507,-8.9,101.5,0.552
699821d4e161b702e08a675d,10500060,1610612756,102.9,89.4,0.489,-12.3,105.5,0.498
699821d4e161b702e08a675e,10500054,1610612761,96.3,97.5,0.478,1.8,98.72,0.577
699821d4e161b702e08a675f,10500057,1610612746,107.6,98.1,0.493,-7.6,92.5,0.548
699821d4e161b702e08a6760,10500058,1610612738,102.1,82.9,0.421,-16.7,96,0.5
699821d4e161b702e08a6761,10500049,1610612746,95.5,111.9,0.546,15.7,89,0.593
699821d4e161b702e08a6762,10500051,1610612748,98.9,103.5,0.507,3.2,92.5,0.567
699821d4e161b702e08a6763,10500050,1610612755,98,109.4,0.521,16,100.5,0.586
699821d4e161b702e08a6764,10500053,1610612747,108,111.8,0.5,0.8,91.47,0.553
699821d4e161b702e08a6765,10500046,1610612754,89,102.2,0.411,13.2,91.5,0.475
699821d4e161b702e08a6766,10500052,1610612742,101.1,104.7,0.47,8.2,86.5,0.512
699821d4e161b702e08a6767,10500048,1610612758,106.3,102.7,0.436,-0.9,95,0.53
699821d4e161b702e08a6768,10500048,1610612743,105.3,106.2,0.527,0.9,95,0.573
699821d4e161b702e08a6769,10500052,1610612765,109.3,97.9,0.44,-8.2,86.5,0.479
699821d4e161b702e08a676a,10500046,1610612759,102.2,88.2,0.461,-13.2,91.5,0.495
699821d4e161b702e08a676b,10500053,1610612764,108.8,104.9,0.532,-0.8,91.47,0.557
699821d4e161b702e08a676c,10500050,1610612752,114,97.2,0.417,-16,100.5,0.477
699821d4e161b702e08a676d,10500051,1610612753,102.2,94.4,0.432,-3.2,92.5,0.515
699821d4e161b702e08a676e,10500049,1610612757,111.2,92.2,0.366,-15.7,89,0.428
699821d4e161b702e08a676f,10500042,1610612766,96.7,106.1,0.5,7.7,90.5,0.537
699821d4e161b702e08a6770,10500045,1610612745,97.7,102,0.486,8,87.5,0.546
699821d4e161b702e08a6771,10500043,1610612756,101.1,113,0.524,10.5,94.5,0.571
699821d4e161b702e08a6772,10500043,1610612762,111.6,97.7,0.473,-10.5,94.5,0.551
699821d4e161b702e08a6773,10500045,1610612760,105.7,96.2,0.411,-8,87.5,0.498
699821d4e161b702e08a6774,10500042,1610612737,104.4,97,0.537,-7.7,90.5,0.574
699821d4e161b702e08a6775,10500041,1610612758,104.2,119.5,0.549,15.8,95,0.624
699821d4e161b702e08a6776,10500040,1610612765,92,100.2,0.432,13.9,86.5,0.506
699821d4e161b702e08a6777,10500039,1610612752,105.1,97.4,0.438,-1,98.5,0.544
699821d4e161b702e08a6778,10500039,1610612742,104.1,106.4,0.546,1,98.5,0.586
699821d4e161b702e08a6779,10500040,1610612750,105.8,89.3,0.407,-13.9,86.5,0.437
699821d4e161b702e08a677a,10500041,1610612744,120,103.7,0.461,-15.8,95,0.518
699821d4e161b702e08a677b,10500030,1610612763,87.8,111.9,0.655,26.5,90.5,0.659
699821d4e161b702e08a677c,10500029,1610612753,93.3,112.1,0.586,19,89.5,0.601
699821d4e161b702e08a677d,10500034,1610612766,75.8,84.9,0.384,10.5,95,0.443
699821d4e161b702e08a677e,10500035,1610612741,97,118.6,0.558,19,100,0.594
699821d4e161b702e08a677f,10500037,1610612745,100,108.4,0.5,9.2,87,0.589
699821d4e161b702e08a6780,10500036,1610612739,100,94.3,0.403,-4.3,92,0.482
699821d4e161b702e08a6781,10500032,1610612756,96.8,93.6,0.506,-2.2,92.5,0.518
699821d4e161b702e08a6782,10500032,1610612746,94.6,96.4,0.419,2.2,92.5,0.458
699821d4e161b702e08a6783,10500036,1610612749,95.7,98.9,0.447,4.3,92,0.541
699821d4e161b702e08a6784,10500037,1610612759,109.2,95.6,0.444,-9.2,87,0.478
699821d4e161b702e08a6785,10500035,1610612738,116,95.9,0.493,-19,100,0.544
699821d4e161b702e08a6786,10500034,1610612748,86.3,74.6,0.406,-10.5,95,0.436
699821d4e161b702e08a6787,10500029,1610612740,112.2,91.1,0.493,-19,89.5,0.525
699821d4e161b702e08a6788,10500030,1610612764,114.3,85.4,0.395,-26.5,90.5,0.436
699821d4e161b702e08a6789,10500023,1610612754,93.3,103.9,0.515,7.8,91,0.585
699821d4e161b702e08a678a,10500028,1610612763,98.9,111.2,0.459,8.5,93,0.538
699821d4e161b702e08a678b,10500027,1610612758,92.3,95.7,0.442,5.5,91.5,0.506
699821d4e161b702e08a678c,10500025,1610612738,102,106.6,0.508,8.3,97.5,0.619
699821d4e161b702e08a678d,10500026,1610612755,102.1,100.5,0.506,2.1,96,0.546
699821d4e161b702e08a678e,10500024,1610612760,111.8,107.2,0.53,-1,102,0.574
699821d4e161b702e08a678f,10500024,1610612756,110.8,106.2,0.564,1,102,0.604
699821d4e161b702e08a6790,10500026,1610612739,104.2,96.1,0.427,-2.1,96,0.471
699821d4e161b702e08a6791,10500025,1610612761,110.3,98.1,0.458,-8.3,97.5,0.51
699821d4e161b702e08a6792,10500027,1610612746,97.8,93.2,0.459,-5.5,91.5,0.505
699821d4e161b702e08a6793,10500028,1610612748,107.4,96.5,0.533,-8.5,93,0.589
699821d4e161b702e08a6794,10500023,1610612750,101.1,93.3,0.485,-7.8,91,0.524
699821d4e161b702e08a6795,10500020,1610612751,80,100.1,0.515,19,95.5,0.559
699821d4e161b702e08a6796,10500021,1610612765,93.6,99.3,0.487,6.4,94.5,0.513
699821d4e161b702e08a6797,10500019,1610612740,94.7,101.7,0.533,10.5,95,0.573
699821d4e161b702e08a6798,10500018,1610612754,100,104.7,0.459,7.6,92,0.6
699821d4e161b702e08a6799,10500018,1610612762,107.6,97.7,0.481,-7.6,92,0.528
699821d4e161b702e08a679a,10500019,1610612743,105.3,95.8,0.423,-10.5,95,0.484
699821d4e161b702e08a679b,10500021,1610612749,100,93.2,0.416,-6.4,94.5,0.476
699821d4e161b702e08a679c,10500020,1610612766,99,79.9,0.327,-19,95.5,0.413
699821d4e161b702e08a679d,10500016,1610612745,90.9,94.3,0.475,3.5,88.5,0.575
699821d4e161b702e08a679e,10500010,1610612763,88.2,91.6,0.508,2.4,94,0.545
699821d4e161b702e08a679f,10500017,1610612746,90.9,103.2,0.437,15.8,88.5,0.51
699821d4e161b702e08a67a0,10500013,1610612757,88.8,81,0.316,3.8,84.77,0.405
699821d4e161b702e08a67a1,10500009,1610612762,91,89.2,0.455,0.9,100.53,0.529
699821d4e161b702e08a67a2,10500011,1610612750,100,95.7,0.549,-5.3,93,0.563
699821d4e161b702e08a67a3,10500011,1610612749,94.7,96.6,0.487,5.3,93,0.504
699821d4e161b702e08a67a4,10500009,1610612761,91.9,89.7,0.421,-0.9,100.53,0.488
699821d4e161b702e08a67a5,10500013,1610612760,92.5,88.5,0.409,-3.8,84.77,0.472
699821d4e161b702e08a67a6,10500017,1610612742,106.7,86.4,0.457,-15.8,88.5,0.497
699821d4e161b702e08a67a7,10500010,1610612741,90.5,86.9,0.397,-2.4,94,0.464
699821d4e161b702e08a67a8,10500016,1610612753,94.4,85.8,0.434,-3.5,88.5,0.475
699821d4e161b702e08a67a9,10500005,1610612742,91.2,104.5,0.563,13.1,91.5,0.641
699821d4e161b702e08a67aa,10500008,1610612739,98.9,109.6,0.486,11.5,87,0.554
699821d4e161b702e08a67ab,10500003,1610612753,95.9,107.5,0.519,10.2,97.5,0.567
699821d4e161b702e08a67ac,10500002,1610612745,90.1,102.4,0.5,13.9,101,0.561
699821d4e161b702e08a67ad,10500007,1610612751,104,104,0.536,1,99.5,0.59
699821d4e161b702e08a67ae,10500007,1610612754,105,102.2,0.479,-1,99.5,0.555
699821d4e161b702e08a67af,10500002,1610612755,104,90.4,0.514,-13.9,101,0.557
699821d4e161b702e08a67b0,10500003,1610612737,106.1,97,0.436,-10.2,97.5,0.523
699821d4e161b702e08a67b1,10500008,1610612738,110.3,95.4,0.425,-11.5,87,0.477
699821d4e161b702e08a67b2,10500005,1610612758,104.3,90.5,0.458,-13.1,91.5,0.514
699821d4e161b702e08a67b3,10500001,1610612739,95.9,117.9,0.541,21.3,98.5,0.628
699821d4e161b702e08a67b4,10500120,1610612748,103.1,106,0.551,3.1,97.5,0.598
699821d4e161b702e08a67b5,10500120,1610612759,106.2,104,0.558,-3.1,97.5,0.58
699821d4e161b702e08a67b6,10500001,1610612764,117.2,95.9,0.466,-21.3,98.5,0.511
699821d4e161b702e08a67b7,40600404,1610612739,95.4,92.1,0.423,-1.1,87,0.45
699821d4e161b702e08a67b8,40600404,1610612759,94.3,96.6,0.463,1.1,87,0.5
699821d4e161b702e08a67b9,40600403,1610612759,86.7,91.4,0.485,4.7,82.5,0.5
699821d4e161b702e08a67ba,40600403,1610612739,91.5,86.1,0.386,-4.7,82.5,0.421
699821d4e161b702e08a67bb,40600402,1610612759,107,119.2,0.532,11.4,86.5,0.582
699821d4e161b702e08a67bc,40600402,1610612739,118.4,99.2,0.451,-11.4,86.5,0.491
699821d4e161b702e08a67bd,40600401,1610612759,96.2,102.4,0.493,10,79.5,0.518
699821d4e161b702e08a67be,40600401,1610612739,106.3,95.5,0.464,-10,79.5,0.496
699821d4e161b702e08a67bf,40600306,1610612739,92.1,105.1,0.451,18,89,0.531
699821d4e161b702e08a67c0,40600306,1610612765,110.1,89.2,0.378,-18,89,0.456
699821d4e161b702e08a67c1,40600305,1610612765,110.1,106,0.45,-0.9,81.52,0.541
699821d4e161b702e08a67c2,40600305,1610612739,109.2,107.8,0.494,0.9,81.52,0.55
699821d4e161b702e08a67c3,40600315,1610612759,94.4,125.2,0.559,26.7,89.5,0.605
699821d4e161b702e08a67c4,40600315,1610612762,121.1,95.5,0.397,-26.7,89.5,0.483
699821d4e161b702e08a67c5,40600304,1610612739,98.9,98.4,0.471,2.2,89,0.551
699821d4e161b702e08a67c6,40600304,1610612765,101.1,95.9,0.433,-2.2,89,0.496
699821d4e161b702e08a67c7,40600314,1610612759,91.9,103.4,0.442,11.5,87,0.523
699821d4e161b702e08a67c8,40600314,1610612762,103.4,92.1,0.478,-11.5,87,0.514
699821d4e161b702e08a67c9,40600303,1610612739,100,108.3,0.537,7.3,82,0.577
699821d4e161b702e08a67ca,40600303,1610612765,107.3,99,0.485,-7.3,82,0.541
699821d4e161b702e08a67cb,40600313,1610612762,93.3,117.1,0.571,27.9,89.5,0.598
699821d4e161b702e08a67cc,40600313,1610612759,121.1,90.2,0.492,-27.9,89.5,0.553
699821d4e161b702e08a67cd,40600302,1610612765,91.6,90.4,0.486,4.8,82.5,0.492
699821d4e161b702e08a67ce,40600302,1610612739,96.3,88.8,0.44,-4.8,82.5,0.466
699821d4e161b702e08a67cf,40600312,1610612759,100,110.6,0.646,10.5,95.5,0.657
699821d4e161b702e08a67d0,40600312,1610612762,110.5,97.2,0.457,-10.5,95.5,0.507
699821d4e161b702e08a67d1,40600301,1610612765,90.5,93.5,0.465,5.9,83,0.497
699821d4e161b702e08a67d2,40600301,1610612739,96.3,91,0.378,-5.9,83,0.407
699821d4e161b702e08a67d3,40600311,1610612759,111.1,116.6,0.579,8.9,90,0.616
699821d4e161b702e08a67d4,40600311,1610612762,120,110,0.448,-8.9,90,0.511
699821d4e161b702e08a67d5,40600216,1610612739,83.7,100.1,0.507,17.4,86.5,0.524
699821d4e161b702e08a67d6,40600236,1610612759,109.3,117.3,0.528,8.2,97,0.563
699821d4e161b702e08a67d7,40600236,1610612756,117.5,105.4,0.518,-8.2,97,0.555
699821d4e161b702e08a67d8,40600216,1610612751,101.1,80.9,0.399,-17.4,86.5,0.45
699821d4e161b702e08a67d9,40600206,1610612765,98.8,109.6,0.454,10.4,86.5,0.53
699821d4e161b702e08a67da,40600206,1610612741,109.2,93,0.407,-10.4,86.5,0.47
699821d4e161b702e08a67db,40600215,1610612751,81.8,92.4,0.536,12.5,88,0.533
699821d4e161b702e08a67dc,40600235,1610612759,95.5,96.4,0.458,2.3,89.5,0.522
699821d4e161b702e08a67dd,40600235,1610612756,97.8,92.9,0.448,-2.3,89.5,0.503
699821d4e161b702e08a67de,40600215,1610612739,94.3,82,0.361,-12.5,88,0.425
699821d4e161b702e08a67df,40600205,1610612741,107,123.6,0.64,20.1,85.5,0.648
699821d4e161b702e08a67e0,40600225,1610612762,86.1,97.5,0.476,12.9,101,0.513
699821d4e161b702e08a67e1,40600225,1610612744,99,87.2,0.403,-12.9,101,0.485
699821d4e161b702e08a67e2,40600205,1610612765,127.1,107,0.455,-20.1,85.5,0.517
699821d4e161b702e08a67e3,40600214,1610612739,93.4,97.4,0.454,0.1,92,0.535
699821d4e161b702e08a67e4,40600234,1610612756,103.2,106.4,0.513,4.1,96,0.567
699821d4e161b702e08a67e5,40600234,1610612759,107.2,100.9,0.531,-4.1,96,0.569
699821d4e161b702e08a67e6,40600214,1610612751,93.5,91.3,0.393,-0.1,92,0.477
699821d4e161b702e08a67e7,40600224,1610612762,101,112.8,0.542,14,100,0.632
699821d4e161b702e08a67e8,40600204,1610612741,94.6,111.6,0.528,17.5,91.5,0.59
699821d4e161b702e08a67e9,40600204,1610612765,112.1,90.7,0.41,-17.5,91.5,0.458
699821d4e161b702e08a67ea,40600224,1610612744,115,100,0.476,-14,100,0.51
699821d4e161b702e08a67eb,40600213,1610612751,93.4,105.6,0.528,12.1,91,0.572
699821d4e161b702e08a67ec,40600233,1610612759,104.1,110.4,0.482,7.2,97,0.552
699821d4e161b702e08a67ed,40600233,1610612756,111.3,102.1,0.546,-7.2,97,0.575
699821d4e161b702e08a67ee,40600213,1610612739,105.5,95,0.45,-12.1,91,0.522
699821d4e161b702e08a67ef,40600223,1610612744,106.1,127,0.622,20.2,99,0.669
699821d4e161b702e08a67f0,40600223,1610612762,126.3,101.4,0.513,-20.2,99,0.567
699821d4e161b702e08a67f1,40600203,1610612765,87.1,92.6,0.432,6,86,0.458
699821d4e161b702e08a67f2,40600203,1610612741,93.1,85.6,0.349,-6,86,0.392
699821d4e161b702e08a67f3,40600222,1610612762,112.5,120.4,0.569,8.5,94.64,0.625
699821d4e161b702e08a67f4,40600222,1610612744,121,111.1,0.506,-8.5,94.64,0.55
699821d4e161b702e08a67f5,40600232,1610612756,88,107,0.553,21.7,92,0.599
699821d4e161b702e08a67f6,40600212,1610612739,104.5,113.9,0.482,11.4,88,0.512
699821d4e161b702e08a67f7,40600212,1610612751,115.9,102.2,0.585,-11.4,88,0.605
699821d4e161b702e08a67f8,40600232,1610612759,109.8,88,0.468,-21.7,92,0.482
699821d4e161b702e08a67f9,40600202,1610612765,91.6,113.5,0.59,22.1,95,0.613
699821d4e161b702e08a67fa,40600221,1610612762,109.8,112.5,0.523,2.8,102.5,0.568
699821d4e161b702e08a67fb,40600221,1610612744,112.6,108.7,0.522,-2.8,102.5,0.554
699821d4e161b702e08a67fc,40600202,1610612741,113.7,91.7,0.373,-22.1,95,0.484
699821d4e161b702e08a67fd,40600211,1610612739,88.5,92.2,0.431,4.6,87,0.441
699821d4e161b702e08a67fe,40600231,1610612759,114,113.8,0.543,4.1,93.5,0.575
699821d4e161b702e08a67ff,40600231,1610612756,118.1,111.7,0.5,-4.1,93.5,0.553
699821d4e161b702e08a6800,40600211,1610612751,93.1,84.6,0.404,-4.6,87,0.453
699821d4e161b702e08a6801,40600201,1610612765,75,103.4,0.488,29.4,91.5,0.528
699821d4e161b702e08a6802,40600177,1610612762,115.1,116.3,0.545,6.1,85.5,0.582
699821d4e161b702e08a6803,40600177,1610612745,121.2,113.1,0.514,-6.1,85.5,0.566
699821d4e161b702e08a6804,40600201,1610612741,104.4,73.9,0.364,-29.4,91.5,0.419
699821d4e161b702e08a6805,40600126,1610612751,105.4,109.2,0.569,1.1,92,0.63
699821d4e161b702e08a6806,40600126,1610612761,106.5,104.3,0.527,-1.1,92,0.571
699821d4e161b702e08a6807,40600146,1610612744,93.5,124.4,0.557,28.5,91.5,0.602
699821d4e161b702e08a6808,40600176,1610612762,92.1,105.2,0.535,11.2,90,0.585
699821d4e161b702e08a6809,40600176,1610612745,103.3,92,0.478,-11.2,90,0.532
699821d4e161b702e08a680a,40600146,1610612742,122,89.8,0.447,-28.5,91.5,0.474
699821d4e161b702e08a680b,40600165,1610612759,95.1,110.5,0.538,15.6,83,0.54
699821d4e161b702e08a680c,40600155,1610612756,107.8,113.2,0.512,7.7,102.5,0.577
699821d4e161b702e08a680d,40600155,1610612747,115.5,106.5,0.5,-7.7,102.5,0.538
699821d4e161b702e08a680e,40600165,1610612743,110.7,90.2,0.422,-15.6,83,0.462
699821d4e161b702e08a680f,40600145,1610612742,115.5,119.4,0.57,6.2,97,0.622
699821d4e161b702e08a6810,40600125,1610612761,110.3,113,0.529,1,87.5,0.599
699821d4e161b702e08a6811,40600125,1610612751,111.4,108.2,0.507,-1,87.5,0.566
699821d4e161b702e08a6812,40600145,1610612744,121.6,113.8,0.566,-6.2,97,0.593
699821d4e161b702e08a6813,40600114,1610612739,98.9,109.4,0.46,7.7,91,0.547
699821d4e161b702e08a6814,40600164,1610612759,97.8,105.7,0.506,7.7,91,0.535
699821d4e161b702e08a6815,40600175,1610612745,102.2,108,0.547,4.4,90,0.579
699821d4e161b702e08a6816,40600175,1610612762,106.7,100.1,0.5,-4.4,90,0.529
699821d4e161b702e08a6817,40600164,1610612743,105.5,94.6,0.487,-7.7,91,0.523
699821d4e161b702e08a6818,40600114,1610612764,106.6,95.8,0.463,-7.7,91,0.512
699821d4e161b702e08a6819,40600154,1610612756,98,109,0.517,15,101,0.567
699821d4e161b702e08a681a,40600124,1610612751,85.3,106.6,0.566,22.1,95,0.595
699821d4e161b702e08a681b,40600134,1610612741,88.8,102.7,0.435,14.6,89,0.486
699821d4e161b702e08a681c,40600144,1610612744,106.5,114.1,0.541,5.5,92.5,0.57
699821d4e161b702e08a681d,40600144,1610612742,112,103.7,0.494,-5.5,92.5,0.541
699821d4e161b702e08a681e,40600134,1610612748,103.4,86.9,0.458,-14.6,89,0.471
699821d4e161b702e08a681f,40600124,1610612761,107.4,85.9,0.44,-22.1,95,0.511
699821d4e161b702e08a6820,40600154,1610612747,113,94.8,0.494,-15,101,0.524
699821d4e161b702e08a6821,40600174,1610612762,95.5,108.3,0.474,15.9,88.5,0.541
699821d4e161b702e08a6822,40600113,1610612739,109.5,114.1,0.539,8.5,83.5,0.584
699821d4e161b702e08a6823,40600104,1610612765,106.9,110.6,0.508,2.1,88,0.593
699821d4e161b702e08a6824,40600163,1610612759,101.1,106.5,0.483,8,89,0.521
699821d4e161b702e08a6825,40600163,1610612743,109.1,102,0.448,-8,89,0.504
699821d4e161b702e08a6826,40600104,1610612753,109,101.5,0.481,-2.1,88,0.513
699821d4e161b702e08a6827,40600113,1610612764,118.1,106.9,0.476,-8.5,83.5,0.511
699821d4e161b702e08a6828,40600174,1610612745,111.4,94.7,0.461,-15.9,88.5,0.501
699821d4e161b702e08a6829,40600133,1610612741,102.1,101.7,0.528,8.5,94,0.596
699821d4e161b702e08a682a,40600123,1610612751,97.8,111.4,0.564,14.3,91,0.603
699821d4e161b702e08a682b,40600143,1610612744,95.8,110.1,0.519,18.9,95,0.568
699821d4e161b702e08a682c,40600143,1610612742,114.7,95.5,0.413,-18.9,95,0.473
699821d4e161b702e08a682d,40600123,1610612761,112.1,93.4,0.473,-14.3,91,0.528
699821d4e161b702e08a682e,40600133,1610612748,110.6,102.8,0.494,-8.5,94,0.498
699821d4e161b702e08a682f,40600103,1610612765,89.5,109.3,0.487,18.6,86,0.528
699821d4e161b702e08a6830,40600173,1610612762,77,91.1,0.4,16.1,87,0.436
699821d4e161b702e08a6831,40600153,1610612756,109.2,98.6,0.54,-6.9,87,0.554
699821d4e161b702e08a6832,40600153,1610612747,102.3,110.1,0.451,6.9,87,0.509
699821d4e161b702e08a6833,40600173,1610612745,93.1,78.4,0.375,-16.1,87,0.444
699821d4e161b702e08a6834,40600103,1610612753,108.1,87.3,0.439,-18.6,86,0.463
699821d4e161b702e08a6835,40600142,1610612742,97.1,111,0.493,12.7,102,0.59
699821d4e161b702e08a6836,40600162,1610612759,95.7,104.2,0.475,9.8,92,0.538
699821d4e161b702e08a6837,40600112,1610612739,109.7,112.9,0.494,5.1,94,0.553
699821d4e161b702e08a6838,40600112,1610612764,114.7,108.1,0.456,-5.1,94,0.498
699821d4e161b702e08a6839,40600162,1610612743,105.4,94.1,0.426,-9.8,92,0.461
699821d4e161b702e08a683a,40600142,1610612744,109.8,95.3,0.5,-12.7,102,0.563
699821d4e161b702e08a683b,40600152,1610612756,104.3,129.4,0.603,27,95,0.628
699821d4e161b702e08a683c,40600132,1610612741,96.7,116,0.622,19.6,92,0.642
699821d4e161b702e08a683d,40600122,1610612761,95.4,102.3,0.447,5.7,87.5,0.511
699821d4e161b702e08a683e,40600122,1610612751,101.1,95.2,0.474,-5.7,87.5,0.505
699821d4e161b702e08a683f,40600132,1610612748,116.3,91.9,0.5,-19.6,92,0.544
699821d4e161b702e08a6840,40600152,1610612747,131.3,102.6,0.466,-27,95,0.502
699821d4e161b702e08a6841,40600102,1610612765,111.1,118.8,0.462,8.4,81.5,0.53
699821d4e161b702e08a6842,40600172,1610612745,96.8,105.7,0.386,8.6,93,0.491
699821d4e161b702e08a6843,40600172,1610612762,105.4,96.3,0.458,-8.6,93,0.492
699821d4e161b702e08a6844,40600102,1610612753,119.5,106.6,0.48,-8.4,81.5,0.515
699821d4e161b702e08a6845,40600111,1610612739,92.1,105.3,0.465,14.5,90,0.544
699821d4e161b702e08a6846,40600151,1610612756,94.6,100.5,0.464,8.7,92,0.502
699821d4e161b702e08a6847,40600161,1610612743,101.1,104.4,0.481,6.8,88,0.54
699821d4e161b702e08a6848,40600141,1610612744,93.4,107,0.494,13.2,91,0.535
699821d4e161b702e08a6849,40600141,1610612742,106.6,92.4,0.388,-13.2,91,0.443
699821d4e161b702e08a684a,40600161,1610612759,108,95.3,0.466,-6.8,88,0.482
699821d4e161b702e08a684b,40600151,1610612747,103.3,94.7,0.482,-8.7,92,0.49
699821d4e161b702e08a684c,40600111,1610612764,106.6,91.1,0.405,-14.5,90,0.456
699821d4e161b702e08a684d,40600171,1610612745,84.3,93.9,0.457,9.1,89.5,0.522
699821d4e161b702e08a684e,40600131,1610612741,98.9,102.3,0.445,5.4,92,0.511
699821d4e161b702e08a684f,40600101,1610612765,103.4,112.8,0.527,7.7,89.5,0.577
699821d4e161b702e08a6850,40600121,1610612751,96.8,99.5,0.459,4.2,94.5,0.498
699821d4e161b702e08a6851,40600121,1610612761,101.1,94.8,0.456,-4.2,94.5,0.5
699821d4e161b702e08a6852,40600101,1610612753,111.1,103.6,0.597,-7.7,89.5,0.591
699821d4e161b702e08a6853,40600131,1610612748,104.3,98,0.473,-5.4,92,0.536
699821d4e161b702e08a6854,40600171,1610612762,93.3,81.1,0.379,-9.1,89.5,0.397
699821d4e161b702e08a6855,10600121,1610612743,84.3,111.1,0.561,24.4,102.5,0.623
699821d4e161b702e08a6856,10600120,1610612759,87.8,108.5,0.616,22.1,90.5,0.632
699821d4e161b702e08a6857,10600119,1610612741,99,110,0.519,12.4,97.5,0.562
699821d4e161b702e08a6858,10600122,1610612737,94,104.7,0.5,11,100,0.588
699821d4e161b702e08a6859,10600118,1610612751,104.3,117.6,0.567,14.7,116,0.631
699821d4e161b702e08a685a,10600117,1610612758,89.7,98,0.414,8,86.5,0.52
699821d4e161b702e08a685b,10600117,1610612757,97.7,87.1,0.433,-8,86.5,0.503
699821d4e161b702e08a685c,10600118,1610612752,119,101.4,0.529,-14.7,116,0.597
699821d4e161b702e08a685d,10600122,1610612766,105,93.1,0.442,-11,100,0.511
699821d4e161b702e08a685e,10600119,1610612761,111.3,98,0.467,-12.4,97.5,0.533
699821d4e161b702e08a685f,10600120,1610612742,109.9,85.9,0.408,-22.1,90.5,0.454
699821d4e161b702e08a6860,10600121,1610612746,108.7,81.3,0.313,-24.4,102.5,0.402
699821d4e161b702e08a6861,10600113,1610612762,96,118.7,0.476,26,100,0.566
699821d4e161b702e08a6862,10600111,1610612753,97.8,97.6,0.459,3.2,92.5,0.498
699821d4e161b702e08a6863,10600112,1610612766,105.1,107,0.461,3.5,96.83,0.513
699821d4e161b702e08a6864,10600115,1610612760,97.3,101.4,0.429,3.6,99.62,0.477
699821d4e161b702e08a6865,10600115,1610612744,100.9,95.7,0.544,-3.6,99.62,0.583
699821d4e161b702e08a6866,10600112,1610612749,108.6,103.3,0.5,-3.5,96.83,0.543
699821d4e161b702e08a6867,10600111,1610612745,101.1,95.4,0.473,-3.2,92.5,0.527
699821d4e161b702e08a6868,10600113,1610612754,122,94.1,0.555,-26,100,0.623
699821d4e161b702e08a6869,10600110,1610612745,78,104.8,0.507,27.5,91,0.56
699821d4e161b702e08a686a,10600105,1610612760,97.8,115.8,0.585,16.7,90,0.644
699821d4e161b702e08a686b,10600103,1610612755,90.7,108.3,0.556,22.7,97,0.601
699821d4e161b702e08a686c,10600108,1610612763,91.1,100.4,0.5,10,90.5,0.592
699821d4e161b702e08a686d,10600104,1610612750,96.3,102.1,0.479,3.7,98.72,0.587
699821d4e161b702e08a686e,10600106,1610612738,109.3,102.2,0.526,-4.1,97,0.575
699821d4e161b702e08a686f,10600107,1610612742,93.1,96.9,0.417,3.4,86.5,0.485
699821d4e161b702e08a6870,10600109,1610612757,106.6,94.4,0.617,-8.8,91,0.703
699821d4e161b702e08a6871,10600109,1610612746,97.8,107.3,0.526,8.8,91,0.575
699821d4e161b702e08a6872,10600107,1610612739,96.5,92.1,0.5,-3.4,86.5,0.533
699821d4e161b702e08a6873,10600106,1610612761,105.2,103.5,0.453,4.1,97,0.523
699821d4e161b702e08a6874,10600104,1610612741,100,96.8,0.494,-3.7,98.72,0.528
699821d4e161b702e08a6875,10600108,1610612765,101.1,87.3,0.429,-10,90.5,0.446
699821d4e161b702e08a6876,10600103,1610612751,113.4,90.1,0.493,-22.7,97,0.532
699821d4e161b702e08a6877,10600105,1610612758,114.4,93.3,0.465,-16.7,90,0.522
699821d4e161b702e08a6878,10600110,1610612748,105.5,77.1,0.453,-27.5,91,0.479
699821d4e161b702e08a6879,10600096,1610612762,100.9,115,0.574,17.7,106.5,0.614
699821d4e161b702e08a687a,10600095,1610612748,90.1,102.4,0.492,11,91,0.576
699821d4e161b702e08a687b,10600100,1610612765,97.9,105.7,0.535,5.1,97,0.584
699821d4e161b702e08a687c,10600102,1610612744,98,109.4,0.579,12.2,98,0.589
699821d4e161b702e08a687d,10600101,1610612741,89.4,90.3,0.443,3.2,94,0.528
699821d4e161b702e08a687e,10600099,1610612752,108.5,115.3,0.635,11.7,94,0.635
699821d4e161b702e08a687f,10600097,1610612758,88.4,81.6,0.455,-4,95.5,0.517
699821d4e161b702e08a6880,10600098,1610612751,101.9,100.4,0.518,2.9,104.5,0.576
699821d4e161b702e08a6881,10600098,1610612738,104.8,101.4,0.482,-2.9,104.5,0.538
699821d4e161b702e08a6882,10600097,1610612740,84.4,86.8,0.457,4,95.5,0.479
699821d4e161b702e08a6883,10600099,1610612755,120.2,108,0.539,-11.7,94,0.577
699821d4e161b702e08a6884,10600101,1610612763,92.6,89.2,0.458,-3.2,94,0.499
699821d4e161b702e08a6885,10600102,1610612757,110.2,93.7,0.52,-12.2,98,0.549
699821d4e161b702e08a6886,10600100,1610612764,103.1,96.9,0.464,-5.1,97,0.495
699821d4e161b702e08a6887,10600095,1610612753,101.1,90.7,0.403,-11,91,0.469
699821d4e161b702e08a6888,10600096,1610612743,118.7,100.1,0.506,-17.7,106.5,0.536
699821d4e161b702e08a6889,10600093,1610612757,117,122.4,0.578,4.3,94,0.67
699821d4e161b702e08a688a,10600092,1610612760,104.1,109.4,0.545,6.1,98,0.595
699821d4e161b702e08a688b,10600091,1610612764,100,104.9,0.532,5.8,104.5,0.58
699821d4e161b702e08a688c,10600091,1610612737,105.8,101.2,0.559,-5.8,104.5,0.591
699821d4e161b702e08a688d,10600092,1610612756,110.2,105.2,0.518,-6.1,98,0.549
699821d4e161b702e08a688e,10600093,1610612762,121.3,112.9,0.506,-4.3,94,0.559
699821d4e161b702e08a688f,10600090,1610612745,81.8,102.4,0.512,23.9,88,0.521
699821d4e161b702e08a6890,10600088,1610612743,102.9,115.8,0.532,18.6,102,0.574
699821d4e161b702e08a6891,10600086,1610612761,93.8,90.9,0.417,1,96,0.494
699821d4e161b702e08a6892,10600086,1610612739,94.8,89.3,0.436,-1,96,0.475
699821d4e161b702e08a6893,10600088,1610612765,121.6,101.7,0.482,-18.6,102,0.529
699821d4e161b702e08a6894,10600090,1610612759,105.7,81.3,0.399,-23.9,88,0.421
699821d4e161b702e08a6895,10600078,1610612753,95.7,118.8,0.521,26,92.5,0.614
699821d4e161b702e08a6896,10600081,1610612738,85.6,107.8,0.494,22,104.5,0.544
699821d4e161b702e08a6897,10600080,1610612759,94.9,103.4,0.527,11.3,97.5,0.594
699821d4e161b702e08a6898,10600084,1610612742,97.8,102.1,0.414,2.2,92.5,0.516
699821d4e161b702e08a6899,10600083,1610612749,103.8,107.3,0.51,10.6,104,0.541
699821d4e161b702e08a689a,10600079,1610612754,91,96.1,0.456,5.1,101,0.521
699821d4e161b702e08a689b,10600085,1610612746,84.5,87,0.48,6,96,0.507
699821d4e161b702e08a689c,10600082,1610612737,93.6,92.7,0.423,2.1,85.13,0.478
699821d4e161b702e08a689d,10600082,1610612739,95.7,89.6,0.401,-2.1,85.13,0.444
699821d4e161b702e08a689e,10600085,1610612760,90.5,82.7,0.375,-6,96,0.46
699821d4e161b702e08a689f,10600079,1610612750,96.1,90.4,0.479,-5.1,101,0.525
699821d4e161b702e08a68a0,10600083,1610612743,114.4,97.9,0.512,-10.6,104,0.528
699821d4e161b702e08a68a1,10600084,1610612764,100,94.1,0.471,-2.2,92.5,0.52
699821d4e161b702e08a68a2,10600080,1610612748,106.2,94,0.378,-11.3,97.5,0.461
699821d4e161b702e08a68a3,10600081,1610612752,107.6,82.4,0.449,-22,104.5,0.53
699821d4e161b702e08a68a4,10600078,1610612763,121.7,95.2,0.368,-26,92.5,0.471
699821d4e161b702e08a68a5,10600073,1610612758,97,110.8,0.528,15,99.5,0.622
699821d4e161b702e08a68a6,10600074,1610612751,97.9,112.3,0.582,11.8,93.5,0.616
699821d4e161b702e08a68a7,10600077,1610612757,104.4,111.7,0.655,8.8,91,0.723
699821d4e161b702e08a68a8,10600071,1610612744,103.9,113.1,0.582,10.9,101.5,0.62
699821d4e161b702e08a68a9,10600075,1610612750,88.3,89.3,0.4,2.1,94,0.488
699821d4e161b702e08a68aa,10600072,1610612763,101.1,100.8,0.543,1.1,94,0.577
699821d4e161b702e08a68ab,10600076,1610612747,114,117.9,0.588,7.5,93,0.615
699821d4e161b702e08a68ac,10600076,1610612740,121.5,109.8,0.513,-7.5,93,0.561
699821d4e161b702e08a68ad,10600072,1610612748,102.1,97.7,0.54,-1.1,94,0.564
699821d4e161b702e08a68ae,10600075,1610612741,90.4,86.3,0.416,-2.1,94,0.46
699821d4e161b702e08a68af,10600071,1610612746,114.9,101.1,0.506,-10.9,101.5,0.536
699821d4e161b702e08a68b0,10600077,1610612760,113.2,104.6,0.5,-8.8,91,0.554
699821d4e161b702e08a68b1,10600074,1610612755,109.7,92,0.429,-11.8,93.5,0.484
699821d4e161b702e08a68b2,10600073,1610612762,112,92.6,0.462,-15,99.5,0.518
699821d4e161b702e08a68b3,10600066,1610612741,72.8,103.6,0.494,33.6,92.5,0.523
699821d4e161b702e08a68b4,10600070,1610612742,74.7,91.1,0.455,18.9,94.5,0.503
699821d4e161b702e08a68b5,10600067,1610612762,93.8,108,0.532,13.5,96.5,0.576
699821d4e161b702e08a68b6,10600068,1610612756,94,110.9,0.561,15.9,100.5,0.602
699821d4e161b702e08a68b7,10600065,1610612754,104.3,118,0.549,14.1,92,0.603
699821d4e161b702e08a68b8,10600062,1610612744,92.8,98.1,0.532,8.1,111,0.565
699821d4e161b702e08a68b9,10600069,1610612747,92.9,89,0.432,-1.9,98.5,0.517
699821d4e161b702e08a68ba,10600069,1610612746,90.9,92.6,0.403,1.9,98.5,0.515
699821d4e161b702e08a68bb,10600062,1610612740,100.9,91.2,0.441,-8.1,111,0.496
699821d4e161b702e08a68bc,10600065,1610612766,118.5,101.3,0.445,-14.1,92,0.507
699821d4e161b702e08a68bd,10600068,1610612758,109.9,89.6,0.443,-15.9,100.5,0.517
699821d4e161b702e08a68be,10600067,1610612757,107.2,91.5,0.426,-13.5,96.5,0.482
699821d4e161b702e08a68bf,10600070,1610612749,93.6,73.2,0.357,-18.9,94.5,0.403
699821d4e161b702e08a68c0,10600066,1610612759,106.5,71.1,0.387,-33.6,92.5,0.439
699821d4e161b702e08a68c1,10600061,1610612745,105.4,115.2,0.595,13.9,92.5,0.643
699821d4e161b702e08a68c2,10600058,1610612743,94.4,101.1,0.482,10.1,108.5,0.554
699821d4e161b702e08a68c3,10600059,1610612738,97.8,102.6,0.486,3.2,92.5,0.549
699821d4e161b702e08a68c4,10600059,1610612751,101.1,94,0.418,-3.2,92.5,0.49
699821d4e161b702e08a68c5,10600058,1610612754,104.6,93.7,0.5,-10.1,108.5,0.543
699821d4e161b702e08a68c6,10600061,1610612749,119.4,100.9,0.563,-13.9,92.5,0.57
699821d4e161b702e08a68c7,10600048,1610612764,85.7,98.9,0.457,15.3,98.5,0.526
699821d4e161b702e08a68c8,10600056,1610612745,78.4,79.3,0.425,3.4,88,0.451
699821d4e161b702e08a68c9,10600055,1610612748,102.9,109,0.529,3.9,102,0.619
699821d4e161b702e08a68ca,10600054,1610612752,105.9,109.7,0.5,9,101.5,0.554
699821d4e161b702e08a68cb,10600053,1610612744,108.1,110.9,0.511,4.6,100.08,0.564
699821d4e161b702e08a68cc,10600049,1610612737,104.3,101.8,0.514,4.3,92,0.594
699821d4e161b702e08a68cd,10600051,1610612746,95,106.2,0.464,10.9,101,0.537
699821d4e161b702e08a68ce,10600051,1610612756,105.9,96.5,0.515,-10.9,101,0.589
699821d4e161b702e08a68cf,10600049,1610612753,108.7,100.7,0.519,-4.3,92,0.549
699821d4e161b702e08a68d0,10600053,1610612757,112.7,107,0.506,-4.6,100.08,0.582
699821d4e161b702e08a68d1,10600054,1610612738,114.9,102,0.476,-9,101.5,0.536
699821d4e161b702e08a68d2,10600055,1610612740,106.9,102.2,0.5,-3.9,102,0.537
699821d4e161b702e08a68d3,10600056,1610612742,81.8,74.4,0.382,-3.4,88,0.407
699821d4e161b702e08a68d4,10600048,1610612766,101,85.1,0.388,-15.3,98.5,0.453
699821d4e161b702e08a68d5,10600046,1610612741,87.6,95.9,0.569,11.2,88.5,0.615
699821d4e161b702e08a68d6,10600045,1610612750,89.7,100.9,0.403,16.5,97,0.525
699821d4e161b702e08a68d7,10600047,1610612765,93.4,95.8,0.492,4.4,91.5,0.556
699821d4e161b702e08a68d8,10600044,1610612764,94.8,101.7,0.6,10.5,95.5,0.647
699821d4e161b702e08a68d9,10600044,1610612766,105.3,95.4,0.467,-10.5,95.5,0.498
699821d4e161b702e08a68da,10600047,1610612762,97.8,88.8,0.383,-4.4,91.5,0.453
699821d4e161b702e08a68db,10600045,1610612754,106.2,89.6,0.446,-16.5,97,0.494
699821d4e161b702e08a68dc,10600046,1610612763,98.9,87.8,0.44,-11.2,88.5,0.471
699821d4e161b702e08a68dd,10600042,1610612761,104.8,109.5,0.464,8.6,105,0.519
699821d4e161b702e08a68de,10600042,1610612751,113.3,104.1,0.551,-8.6,105,0.6
699821d4e161b702e08a68df,10600039,1610612749,78,90.3,0.5,14.9,99,0.55
699821d4e161b702e08a68e0,10600035,1610612762,87.5,95.2,0.466,11.5,97,0.546
699821d4e161b702e08a68e1,10600036,1610612763,100,106.9,0.506,14.8,88.5,0.552
699821d4e161b702e08a68e2,10600033,1610612737,90,93.8,0.426,12.2,89.5,0.495
699821d4e161b702e08a68e3,10600040,1610612744,99.1,102.1,0.495,4.3,116.5,0.547
699821d4e161b702e08a68e4,10600037,1610612753,104.8,109.8,0.48,4.7,83.5,0.542
699821d4e161b702e08a68e5,10600034,1610612752,99,96.9,0.424,1,101.5,0.499
699821d4e161b702e08a68e6,10600038,1610612764,97.8,100.5,0.5,4.4,91,0.519
699821d4e161b702e08a68e7,10600038,1610612739,102.2,97.8,0.506,-4.4,91,0.53
699821d4e161b702e08a68e8,10600034,1610612755,100,95.5,0.413,-1,101.5,0.487
699821d4e161b702e08a68e9,10600037,1610612759,109.5,104.9,0.551,-4.7,83.5,0.573
699821d4e161b702e08a68ea,10600040,1610612743,103.4,97.7,0.478,-4.3,116.5,0.544
699821d4e161b702e08a68eb,10600033,1610612748,102.2,89.7,0.452,-12.2,89.5,0.475
699821d4e161b702e08a68ec,10600036,1610612765,114.8,99.2,0.449,-14.8,88.5,0.525
699821d4e161b702e08a68ed,10600035,1610612754,99,84.4,0.379,-11.5,97,0.503
699821d4e161b702e08a68ee,10600039,1610612742,92.9,76.5,0.344,-14.9,99,0.424
699821d4e161b702e08a68ef,10600032,1610612745,100,113.4,0.587,15.1,93,0.613
699821d4e161b702e08a68f0,10600031,1610612752,88.2,99.2,0.482,11.8,110.5,0.545
699821d4e161b702e08a68f1,10600028,1610612753,92.4,108.6,0.566,17.5,91.5,0.609
699821d4e161b702e08a68f2,10600030,1610612739,93.2,101.2,0.52,11.4,87.5,0.549
699821d4e161b702e08a68f3,10600027,1610612766,103,97.2,0.473,-3,100.5,0.544
699821d4e161b702e08a68f4,10600029,1610612750,106.3,98.5,0.565,-4.2,94.5,0.597
699821d4e161b702e08a68f5,10600029,1610612765,102.1,104.5,0.506,4.2,94.5,0.545
699821d4e161b702e08a68f6,10600027,1610612749,100,101.8,0.494,3,100.5,0.535
699821d4e161b702e08a68f7,10600030,1610612738,104.6,94.4,0.407,-11.4,87.5,0.472
699821d4e161b702e08a68f8,10600028,1610612740,109.9,92.4,0.493,-17.5,91.5,0.545
699821d4e161b702e08a68f9,10600031,1610612751,100,87.4,0.451,-11.8,110.5,0.522
699821d4e161b702e08a68fa,10600032,1610612737,115.1,98.9,0.438,-15.1,93,0.505
699821d4e161b702e08a68fb,10600025,1610612758,89.1,109.1,0.518,21.9,100.5,0.557
699821d4e161b702e08a68fc,10600025,1610612742,111,88.3,0.425,-21.9,100.5,0.512
699821d4e161b702e08a68fd,10600018,1610612754,86.4,101.7,0.476,13.6,103,0.519
699821d4e161b702e08a68fe,10600020,1610612750,92.1,96.7,0.538,5,101,0.574
699821d4e161b702e08a68ff,10600019,1610612737,92.9,109,0.551,16.2,98.5,0.586
699821d4e161b702e08a6900,10600021,1610612760,101.1,111.5,0.493,10.1,88.5,0.551
699821d4e161b702e08a6901,10600022,1610612741,93.5,95.8,0.453,2.1,91.5,0.479
699821d4e161b702e08a6902,10600017,1610612761,92.6,94.6,0.483,5,109.58,0.553
699821d4e161b702e08a6903,10600017,1610612738,97.5,91.2,0.528,-5,109.58,0.61
699821d4e161b702e08a6904,10600022,1610612764,95.6,89.9,0.47,-2.1,91.5,0.54
699821d4e161b702e08a6905,10600021,1610612757,111.2,94.6,0.5,-10.1,88.5,0.542
699821d4e161b702e08a6906,10600019,1610612763,109.1,93.3,0.4,-16.2,98.5,0.497
699821d4e161b702e08a6907,10600020,1610612749,97,88.3,0.393,-5,101,0.459
699821d4e161b702e08a6908,10600018,1610612751,100,85.4,0.388,-13.6,103,0.458
699821d4e161b702e08a6909,10600014,1610612765,65.3,84.9,0.451,21.3,97.5,0.489
699821d4e161b702e08a690a,10600008,1610612753,89.1,105.7,0.507,16.7,102,0.573
699821d4e161b702e08a690b,10600013,1610612763,75.8,84,0.42,6.6,91,0.461
699821d4e161b702e08a690c,10600012,1610612747,86.8,105.1,0.569,15.4,91.5,0.585
699821d4e161b702e08a690d,10600009,1610612738,88.6,106.4,0.5,15.2,105,0.535
699821d4e161b702e08a690e,10600010,1610612740,88,90.4,0.418,3.3,92,0.495
699821d4e161b702e08a690f,10600015,1610612756,96.2,99.6,0.531,3.8,103.55,0.52
699821d4e161b702e08a6910,10600015,1610612755,100,96.9,0.489,-3.8,103.55,0.563
699821d4e161b702e08a6911,10600010,1610612742,91.3,87.5,0.421,-3.3,92,0.468
699821d4e161b702e08a6912,10600009,1610612739,103.8,87.5,0.466,-15.2,105,0.515
699821d4e161b702e08a6913,10600012,1610612762,102.2,87.1,0.435,-15.4,91.5,0.435
699821d4e161b702e08a6914,10600013,1610612745,82.4,74.7,0.4,-6.6,91,0.44
699821d4e161b702e08a6915,10600008,1610612766,105.8,87.7,0.36,-16.7,102,0.452
699821d4e161b702e08a6916,10600014,1610612748,86.6,65.6,0.349,-21.3,97.5,0.402
699821d4e161b702e08a6917,10600007,1610612761,89.8,95.9,0.451,6.1,97.5,0.541
699821d4e161b702e08a6918,10600007,1610612764,95.9,89.9,0.473,-6.1,97.5,0.518
699821d4e161b702e08a6919,40700406,1610612738,95.8,134.7,0.569,40.6,96,0.634
699821d4e161b702e08a691a,40700406,1610612747,136.5,94.1,0.5,-40.6,96,0.57
699821d4e161b702e08a691b,40700405,1610612747,104.3,103.4,0.506,5.3,94,0.556
699821d4e161b702e08a691c,40700405,1610612738,109.6,100.4,0.481,-5.3,94,0.541
699821d4e161b702e08a691d,40700404,1610612738,102.2,107.4,0.507,6.7,89,0.568
699821d4e161b702e08a691e,40700404,1610612747,109,99.2,0.455,-6.7,89,0.507
699821d4e161b702e08a691f,40700403,1610612747,91,98.9,0.478,6.7,89,0.518
699821d4e161b702e08a6920,40700403,1610612738,97.8,88.4,0.398,-6.7,89,0.437
699821d4e161b702e08a6921,40700402,1610612738,112.1,120.4,0.596,7.9,90.5,0.637
699821d4e161b702e08a6922,40700402,1610612747,120,112.8,0.554,-7.9,90.5,0.584
699821d4e161b702e08a6923,40700401,1610612738,95.7,102.7,0.461,9.7,92.5,0.536
699821d4e161b702e08a6924,40700401,1610612747,105.4,97.4,0.435,-9.7,92.5,0.493
699821d4e161b702e08a6925,40700306,1610612738,98.8,104.9,0.479,7.2,83,0.531
699821d4e161b702e08a6926,40700306,1610612765,106,97.3,0.464,-7.2,83,0.518
699821d4e161b702e08a6927,40700315,1610612747,101.1,110,0.494,8.8,91,0.538
699821d4e161b702e08a6928,40700315,1610612759,109.9,102.3,0.534,-8.8,91,0.562
699821d4e161b702e08a6929,40700305,1610612738,110.9,115,0.562,5.6,91.5,0.615
699821d4e161b702e08a692a,40700305,1610612765,116.5,106.6,0.545,-5.6,91.5,0.609
699821d4e161b702e08a692b,40700314,1610612759,104.5,104.1,0.447,-2.2,89,0.526
699821d4e161b702e08a692c,40700314,1610612747,102.2,98.6,0.465,2.2,89,0.498
699821d4e161b702e08a692d,40700304,1610612765,91.5,115.4,0.529,23.2,82,0.577
699821d4e161b702e08a692e,40700304,1610612738,114.6,87,0.326,-23.2,82,0.451
699821d4e161b702e08a692f,40700313,1610612759,93.3,110.6,0.581,21.1,90,0.612
699821d4e161b702e08a6930,40700313,1610612747,114.4,88,0.463,-21.1,90,0.469
699821d4e161b702e08a6931,40700303,1610612738,95.2,111.6,0.5,15.4,84.5,0.572
699821d4e161b702e08a6932,40700303,1610612765,110.6,93.6,0.39,-15.4,84.5,0.474
699821d4e161b702e08a6933,40700312,1610612747,76.3,111.2,0.585,33.4,92.5,0.633
699821d4e161b702e08a6934,40700312,1610612759,109.8,72.9,0.379,-33.4,92.5,0.388
699821d4e161b702e08a6935,40700302,1610612765,114.1,118.3,0.528,8.5,84.5,0.605
699821d4e161b702e08a6936,40700302,1610612738,122.6,116.9,0.521,-8.5,84.5,0.584
699821d4e161b702e08a6937,40700311,1610612747,92.4,95.8,0.457,3.3,92.5,0.5
699821d4e161b702e08a6938,40700311,1610612759,95.7,90,0.435,-3.3,92.5,0.465
699821d4e161b702e08a6939,40700301,1610612738,94,104.5,0.536,10.7,84,0.562
699821d4e161b702e08a693a,40700301,1610612765,104.8,95.3,0.455,-10.7,84,0.507
699821d4e161b702e08a693b,40700237,1610612759,93.2,105.5,0.474,11.4,87.5,0.534
699821d4e161b702e08a693c,40700237,1610612740,104.6,93.7,0.427,-11.4,87.5,0.458
699821d4e161b702e08a693d,40700207,1610612738,110.8,116.9,0.515,4.6,83.5,0.592
699821d4e161b702e08a693e,40700207,1610612739,115.5,105.3,0.5,-4.6,83.5,0.558
699821d4e161b702e08a693f,40700226,1610612747,108.2,112.8,0.55,5.4,96,0.623
699821d4e161b702e08a6940,40700206,1610612738,89.2,82.4,0.426,-5,82.5,0.468
699821d4e161b702e08a6941,40700206,1610612739,84.1,88.1,0.363,5,82.5,0.44
699821d4e161b702e08a6942,40700226,1610612762,113.7,106.1,0.428,-5.4,96,0.486
699821d4e161b702e08a6943,40700236,1610612759,92,110.1,0.565,20.5,87.5,0.583
699821d4e161b702e08a6944,40700236,1610612740,112.5,90.2,0.425,-20.5,87.5,0.467
699821d4e161b702e08a6945,40700205,1610612738,100,107.7,0.513,9.1,88.5,0.551
699821d4e161b702e08a6946,40700225,1610612747,109.5,116.3,0.52,8.6,94.5,0.6
699821d4e161b702e08a6947,40700225,1610612762,118.1,109.1,0.494,-8.6,94.5,0.557
699821d4e161b702e08a6948,40700205,1610612739,109.1,96.7,0.469,-9.1,88.5,0.536
699821d4e161b702e08a6949,40700235,1610612740,92.9,119.5,0.5,27.3,84.5,0.558
699821d4e161b702e08a694a,40700215,1610612765,98.9,107,0.38,4.6,87.5,0.469
699821d4e161b702e08a694b,40700215,1610612753,103.4,100.8,0.547,-4.6,87.5,0.563
699821d4e161b702e08a694c,40700235,1610612759,120.2,91.9,0.435,-27.3,84.5,0.465
699821d4e161b702e08a694d,40700204,1610612739,92.8,104.9,0.494,13.3,83,0.518
699821d4e161b702e08a694e,40700204,1610612738,106,92.3,0.407,-13.3,83,0.473
699821d4e161b702e08a694f,40700234,1610612759,92,108.9,0.566,21.7,87.5,0.59
699821d4e161b702e08a6950,40700224,1610612762,113.9,119.6,0.566,4.4,92.83,0.642
699821d4e161b702e08a6951,40700224,1610612747,118.3,106.5,0.521,-4.4,92.83,0.532
699821d4e161b702e08a6952,40700234,1610612740,113.6,88.6,0.433,-21.7,87.5,0.458
699821d4e161b702e08a6953,40700203,1610612739,101.2,127.8,0.609,27.4,83.5,0.647
699821d4e161b702e08a6954,40700214,1610612765,109.9,107.7,0.481,-0.1,81.5,0.526
699821d4e161b702e08a6955,40700214,1610612753,109.8,107.9,0.534,0.1,81.5,0.553
699821d4e161b702e08a6956,40700203,1610612738,128.6,99.3,0.439,-27.4,83.5,0.497
699821d4e161b702e08a6957,40700223,1610612762,112.5,115.1,0.538,4.4,88.5,0.576
699821d4e161b702e08a6958,40700223,1610612747,116.9,109.7,0.523,-4.4,88.5,0.602
699821d4e161b702e08a6959,40700202,1610612738,83.9,100.3,0.424,18.4,87,0.502
699821d4e161b702e08a695a,40700233,1610612759,110,120.6,0.547,10.9,90.5,0.584
699821d4e161b702e08a695b,40700233,1610612740,120.9,108.5,0.506,-10.9,90.5,0.537
699821d4e161b702e08a695c,40700202,1610612739,102.3,81.2,0.37,-18.4,87,0.43
699821d4e161b702e08a695d,40700213,1610612753,95.6,120.5,0.609,26.4,90.5,0.63
699821d4e161b702e08a695e,40700222,1610612747,112.2,121.3,0.625,10.2,98,0.69
699821d4e161b702e08a695f,40700222,1610612762,122.4,105.7,0.48,-10.2,98,0.509
699821d4e161b702e08a6960,40700213,1610612765,122,94.2,0.416,-26.4,90.5,0.481
699821d4e161b702e08a6961,40700201,1610612738,78.3,83.6,0.456,4.3,92,0.501
699821d4e161b702e08a6962,40700201,1610612739,82.6,78.7,0.333,-4.3,92,0.416
699821d4e161b702e08a6963,40700212,1610612765,104.5,110.7,0.5,9.1,88.5,0.566
699821d4e161b702e08a6964,40700232,1610612740,94.4,116.5,0.547,21.5,88.5,0.596
699821d4e161b702e08a6965,40700232,1610612759,115.9,96.2,0.479,-21.5,88.5,0.516
699821d4e161b702e08a6966,40700212,1610612753,113.6,106.7,0.514,-9.1,88.5,0.559
699821d4e161b702e08a6967,40700107,1610612738,76.5,114.6,0.494,42.8,84,0.536
699821d4e161b702e08a6968,40700221,1610612747,101,111,0.486,10.2,97.5,0.585
699821d4e161b702e08a6969,40700221,1610612762,111.2,101.9,0.4,-10.2,97.5,0.453
699821d4e161b702e08a696a,40700107,1610612737,119.3,74.7,0.329,-42.8,84,0.365
699821d4e161b702e08a696b,40700211,1610612765,83.7,104.7,0.446,20.9,86.5,0.495
699821d4e161b702e08a696c,40700231,1610612740,96.5,119.4,0.523,23.8,84.5,0.545
699821d4e161b702e08a696d,40700231,1610612759,120.2,96.2,0.493,-23.8,84.5,0.511
699821d4e161b702e08a696e,40700211,1610612753,104.6,82.9,0.419,-20.9,86.5,0.435
699821d4e161b702e08a696f,40700176,1610612762,104.6,129.9,0.523,23.8,87.5,0.571
699821d4e161b702e08a6970,40700136,1610612739,106,127.3,0.562,20.5,83,0.593
699821d4e161b702e08a6971,40700106,1610612737,116.3,114.9,0.486,3.5,86,0.574
699821d4e161b702e08a6972,40700106,1610612738,119.8,113.6,0.488,-3.5,86,0.538
699821d4e161b702e08a6973,40700136,1610612764,126.5,105.5,0.429,-20.5,83,0.492
699821d4e161b702e08a6974,40700176,1610612745,128.4,102.4,0.429,-23.8,87.5,0.49
699821d4e161b702e08a6975,40700116,1610612765,89.5,117.6,0.649,28.1,85.5,0.675
699821d4e161b702e08a6976,40700116,1610612755,117.6,89.7,0.358,-28.1,85.5,0.429
699821d4e161b702e08a6977,40700105,1610612738,100,124.2,0.589,29.4,85,0.607
699821d4e161b702e08a6978,40700135,1610612739,101.1,95.5,0.42,-2.3,87.5,0.488
699821d4e161b702e08a6979,40700135,1610612764,98.9,97.8,0.454,2.3,87.5,0.506
699821d4e161b702e08a697a,40700105,1610612737,129.4,96.9,0.435,-29.4,85,0.52
699821d4e161b702e08a697b,40700175,1610612745,79.3,106.3,0.506,28.6,87.5,0.544
699821d4e161b702e08a697c,40700115,1610612765,93.1,113.6,0.622,19.5,87,0.618
699821d4e161b702e08a697d,40700155,1610612740,114.6,119.6,0.538,6.1,82,0.57
699821d4e161b702e08a697e,40700165,1610612759,93.5,97.7,0.405,6.5,92.5,0.473
699821d4e161b702e08a697f,40700165,1610612756,100,92.3,0.453,-6.5,92.5,0.482
699821d4e161b702e08a6980,40700155,1610612742,120.7,112.8,0.482,-6.1,82,0.52
699821d4e161b702e08a6981,40700115,1610612755,112.6,89.4,0.437,-19.5,87,0.497
699821d4e161b702e08a6982,40700175,1610612762,108,76.6,0.378,-28.6,87.5,0.41
699821d4e161b702e08a6983,40700125,1610612753,104.5,116.8,0.506,11.4,88,0.565
699821d4e161b702e08a6984,40700144,1610612747,105.2,110.1,0.506,5.1,96.5,0.534
699821d4e161b702e08a6985,40700104,1610612737,104.5,106,0.507,5.7,88,0.595
699821d4e161b702e08a6986,40700104,1610612738,110.2,103.5,0.482,-5.7,88,0.495
699821d4e161b702e08a6987,40700144,1610612743,110.3,103.5,0.466,-5.1,96.5,0.512
699821d4e161b702e08a6988,40700125,1610612761,115.9,102.8,0.459,-11.4,88,0.497
699821d4e161b702e08a6989,40700164,1610612756,90.5,108.4,0.478,21.2,94.5,0.52
699821d4e161b702e08a698a,40700154,1610612740,94.4,108.7,0.526,15.8,88.5,0.569
699821d4e161b702e08a698b,40700114,1610612765,93.3,103.7,0.463,12.3,89,0.519
699821d4e161b702e08a698c,40700134,1610612739,106.6,106.9,0.494,5.8,90,0.54
699821d4e161b702e08a698d,40700134,1610612764,112.4,106,0.507,-5.8,90,0.574
699821d4e161b702e08a698e,40700114,1610612755,105.7,94.5,0.485,-12.3,89,0.532
699821d4e161b702e08a698f,40700154,1610612742,110.2,92.3,0.404,-15.8,88.5,0.437
699821d4e161b702e08a6990,40700164,1610612759,111.7,90,0.415,-21.2,94.5,0.465
699821d4e161b702e08a6991,40700174,1610612762,91.1,98.1,0.431,3.4,90.5,0.502
699821d4e161b702e08a6992,40700143,1610612747,85.7,101.5,0.513,20.5,97,0.54
699821d4e161b702e08a6993,40700124,1610612753,100,113.2,0.567,12.8,94,0.598
699821d4e161b702e08a6994,40700103,1610612737,109.4,116.1,0.539,9.2,85.5,0.58
699821d4e161b702e08a6995,40700103,1610612738,118.6,109.4,0.486,-9.2,85.5,0.56
699821d4e161b702e08a6996,40700124,1610612761,112.8,97.4,0.446,-12.8,94,0.472
699821d4e161b702e08a6997,40700143,1610612743,106.3,88.1,0.401,-20.5,97,0.445
699821d4e161b702e08a6998,40700174,1610612745,94.5,92.1,0.411,-3.4,90.5,0.456
699821d4e161b702e08a6999,40700113,1610612755,79.8,101.5,0.466,20.2,94.5,0.542
699821d4e161b702e08a699a,40700153,1610612742,98.9,113.2,0.46,10.1,88.5,0.529
699821d4e161b702e08a699b,40700163,1610612759,105.3,120.6,0.598,18.3,93.5,0.636
699821d4e161b702e08a699c,40700163,1610612756,123.7,105.6,0.506,-18.3,93.5,0.528
699821d4e161b702e08a699d,40700153,1610612740,109,98.1,0.425,-10.1,88.5,0.469
699821d4e161b702e08a699e,40700113,1610612765,100,78.6,0.432,-20.2,94.5,0.484
699821d4e161b702e08a699f,40700133,1610612764,80,115.5,0.575,38.7,90.5,0.617
699821d4e161b702e08a69a0,40700123,1610612761,106.8,119.8,0.565,14.5,88.5,0.592
699821d4e161b702e08a69a1,40700173,1610612745,112.2,112.3,0.481,-0.3,83,0.518
699821d4e161b702e08a69a2,40700173,1610612762,111.9,110.2,0.514,0.3,83,0.544
699821d4e161b702e08a69a3,40700123,1610612753,121.3,105.8,0.507,-14.5,88.5,0.554
699821d4e161b702e08a69a4,40700133,1610612739,118.7,79,0.411,-38.7,90.5,0.433
699821d4e161b702e08a69a5,40700112,1610612765,103.5,117.2,0.573,20,85,0.593
699821d4e161b702e08a69a6,40700102,1610612738,83.7,99.5,0.458,18.4,93,0.503
699821d4e161b702e08a69a7,40700142,1610612747,107,120.1,0.571,15,100,0.601
699821d4e161b702e08a69a8,40700142,1610612743,122,108.3,0.464,-15,100,0.536
699821d4e161b702e08a69a9,40700102,1610612737,102.1,81.4,0.383,-18.4,93,0.496
699821d4e161b702e08a69aa,40700112,1610612755,123.5,100.7,0.401,-20,85,0.456
699821d4e161b702e08a69ab,40700152,1610612740,112,134.6,0.671,24.6,92.5,0.695
699821d4e161b702e08a69ac,40700162,1610612759,98,103,0.506,7.2,97.5,0.543
699821d4e161b702e08a69ad,40700122,1610612753,108.4,108.2,0.478,1.1,95,0.525
699821d4e161b702e08a69ae,40700122,1610612761,109.5,105.3,0.525,-1.1,95,0.573
699821d4e161b702e08a69af,40700162,1610612756,105.2,96.2,0.488,-7.2,97.5,0.517
699821d4e161b702e08a69b0,40700152,1610612742,136.6,110.6,0.521,-24.6,92.5,0.591
699821d4e161b702e08a69b1,40700132,1610612739,93.5,125.4,0.58,34,91.5,0.607
699821d4e161b702e08a69b2,40700172,1610612762,97.7,103.2,0.487,7,86,0.522
699821d4e161b702e08a69b3,40700172,1610612745,104.7,93.9,0.442,-7,86,0.475
699821d4e161b702e08a69b4,40700132,1610612764,127.5,92.9,0.396,-34,91.5,0.48
699821d4e161b702e08a69b5,40700101,1610612738,93.1,117.4,0.525,25.1,87.5,0.568
699821d4e161b702e08a69b6,40700141,1610612747,110.7,120.7,0.549,12.4,103.5,0.603
699821d4e161b702e08a69b7,40700121,1610612753,112.4,127.9,0.617,17.2,88.5,0.654
699821d4e161b702e08a69b8,40700111,1610612755,101.2,101.3,0.438,2.3,86,0.484
699821d4e161b702e08a69b9,40700111,1610612765,103.4,101,0.415,-2.3,86,0.467
699821d4e161b702e08a69ba,40700121,1610612761,129.5,102.8,0.429,-17.2,88.5,0.514
699821d4e161b702e08a69bb,40700141,1610612743,123.1,108.3,0.474,-12.4,103.5,0.508
699821d4e161b702e08a69bc,40700101,1610612737,118.2,92.8,0.401,-25.1,87.5,0.459
699821d4e161b702e08a69bd,40700171,1610612762,98.8,112.9,0.555,14.6,82.5,0.572
699821d4e161b702e08a69be,40700131,1610612739,93.5,99.7,0.428,5.5,93,0.504
699821d4e161b702e08a69bf,40700151,1610612740,100,112.5,0.489,13,92,0.523
699821d4e161b702e08a69c0,40700161,1610612756,109.3,105.3,0.528,-2.9,88.97,0.568
699821d4e161b702e08a69c1,40700161,1610612759,106.5,106.2,0.537,2.9,88.97,0.557
699821d4e161b702e08a69c2,40700151,1610612742,113,99.2,0.378,-13,92,0.486
699821d4e161b702e08a69c3,40700131,1610612764,98.9,93,0.439,-5.5,93,0.481
699821d4e161b702e08a69c4,40700171,1610612745,113.4,93.4,0.405,-14.6,82.5,0.447
699821d4e161b702e08a69c5,10700104,1610612761,80.4,112.4,0.524,36.4,96,0.568
699821d4e161b702e08a69c6,10700109,1610612741,88,105,0.545,17.4,92,0.568
699821d4e161b702e08a69c7,10700106,1610612756,103.7,102.3,0.528,1.8,109.5,0.583
699821d4e161b702e08a69c8,10700105,1610612753,93.8,101.9,0.571,9.4,96,0.588
699821d4e161b702e08a69c9,10700108,1610612755,89.2,93.2,0.439,8.6,93,0.496
699821d4e161b702e08a69ca,10700108,1610612751,97.8,87.2,0.462,-8.6,93,0.505
699821d4e161b702e08a69cb,10700105,1610612759,103.1,91.3,0.475,-9.4,96,0.514
699821d4e161b702e08a69cc,10700106,1610612743,105.5,102.5,0.465,-1.8,109.5,0.517
699821d4e161b702e08a69cd,10700109,1610612749,105.4,85.5,0.47,-17.4,92,0.508
699821d4e161b702e08a69ce,10700104,1610612739,116.8,80,0.434,-36.4,96,0.473
699821d4e161b702e08a69cf,10700102,1610612765,97.7,113.8,0.528,21.8,87,0.534
699821d4e161b702e08a69d0,10700101,1610612752,96.8,108,0.559,11.6,94,0.618
699821d4e161b702e08a69d1,10700103,1610612746,95.7,98.4,0.477,3.2,93.5,0.545
699821d4e161b702e08a69d2,10700099,1610612737,99,107.3,0.487,9.1,99,0.577
699821d4e161b702e08a69d3,10700098,1610612763,94.7,98.3,0.487,6.3,95,0.524
699821d4e161b702e08a69d4,10700100,1610612760,110.1,103.6,0.53,-2,99,0.574
699821d4e161b702e08a69d5,10700100,1610612757,108.1,107.3,0.477,2,99,0.526
699821d4e161b702e08a69d6,10700098,1610612745,101.1,95.5,0.5,-6.3,95,0.516
699821d4e161b702e08a69d7,10700099,1610612740,108.1,100.5,0.423,-9.1,99,0.508
699821d4e161b702e08a69d8,10700103,1610612758,98.9,94.2,0.447,-3.2,93.5,0.503
699821d4e161b702e08a69d9,10700101,1610612755,108.4,94.5,0.41,-11.6,94,0.477
699821d4e161b702e08a69da,10700102,1610612764,119.5,93.3,0.434,-21.8,87,0.456
699821d4e161b702e08a69db,10700092,1610612762,87.1,105.7,0.464,22.6,93,0.484
699821d4e161b702e08a69dc,10700097,1610612742,89.8,100.1,0.442,7.2,98.5,0.546
699821d4e161b702e08a69dd,10700090,1610612754,100,107.7,0.532,10.4,95.5,0.586
699821d4e161b702e08a69de,10700095,1610612759,97.8,109.5,0.528,17.8,89.5,0.605
699821d4e161b702e08a69df,10700094,1610612751,77.2,87,0.471,12,92,0.531
699821d4e161b702e08a69e0,10700091,1610612743,100,110.6,0.547,14,101,0.599
699821d4e161b702e08a69e1,10700096,1610612763,93,95,0.469,1.7,95.17,0.501
699821d4e161b702e08a69e2,10700093,1610612744,94.6,95.8,0.5,2.3,117.28,0.55
699821d4e161b702e08a69e3,10700093,1610612760,96.9,94.7,0.448,-2.3,117.28,0.505
699821d4e161b702e08a69e4,10700096,1610612745,94.8,90.5,0.46,-1.7,95.17,0.494
699821d4e161b702e08a69e5,10700091,1610612749,114,97.5,0.444,-14,101,0.517
699821d4e161b702e08a69e6,10700094,1610612738,89.1,75.6,0.357,-12,92,0.434
699821d4e161b702e08a69e7,10700095,1610612748,115.6,94,0.507,-17.8,89.5,0.533
699821d4e161b702e08a69e8,10700090,1610612750,110.4,96.2,0.427,-10.4,95.5,0.453
699821d4e161b702e08a69e9,10700097,1610612741,97,90.3,0.435,-7.2,98.5,0.461
699821d4e161b702e08a69ea,10700092,1610612747,109.7,87.5,0.449,-22.6,93,0.491
699821d4e161b702e08a69eb,10700088,1610612737,98,103.2,0.487,6,100,0.543
699821d4e161b702e08a69ec,10700089,1610612752,92.6,97.1,0.429,7.4,94,0.486
699821d4e161b702e08a69ed,10700089,1610612738,100,91.5,0.396,-7.4,94,0.478
699821d4e161b702e08a69ee,10700088,1610612764,104,95.1,0.448,-6,100,0.495
699821d4e161b702e08a69ef,10700085,1610612758,90.6,117.8,0.553,23.8,96.5,0.622
699821d4e161b702e08a69f0,10700087,1610612746,95,111.4,0.512,17,100.5,0.557
699821d4e161b702e08a69f1,10700086,1610612742,104.3,111.3,0.545,6.5,93,0.588
699821d4e161b702e08a69f2,10700084,1610612756,93.6,103.5,0.483,11.8,93.5,0.512
699821d4e161b702e08a69f3,10700084,1610612766,105.4,95.5,0.458,-11.8,93.5,0.493
699821d4e161b702e08a69f4,10700086,1610612740,110.8,103.5,0.519,-6.5,93,0.54
699821d4e161b702e08a69f5,10700087,1610612747,112,92,0.462,-17,100.5,0.508
699821d4e161b702e08a69f6,10700085,1610612757,114.4,90.9,0.438,-23.8,96.5,0.513
699821d4e161b702e08a69f7,10700082,1610612759,85.1,111.9,0.597,26.7,93.5,0.612
699821d4e161b702e08a69f8,10700079,1610612755,85.7,102.4,0.515,19.8,91,0.587
699821d4e161b702e08a69f9,10700080,1610612741,83,93.5,0.551,11.3,106,0.596
699821d4e161b702e08a69fa,10700083,1610612747,92.1,108.5,0.627,19.8,101,0.634
699821d4e161b702e08a69fb,10700078,1610612745,91.3,107.3,0.517,23.4,102.5,0.573
699821d4e161b702e08a69fc,10700075,1610612753,94.4,111,0.608,16.7,89.5,0.632
699821d4e161b702e08a69fd,10700076,1610612746,101,104.4,0.527,6.9,102,0.615
699821d4e161b702e08a69fe,10700081,1610612749,104.3,111,0.457,8.5,93.5,0.533
699821d4e161b702e08a69ff,10700077,1610612763,106.5,111.6,0.532,6.5,92,0.576
699821d4e161b702e08a6a00,10700077,1610612748,113,106.3,0.506,-6.5,92,0.538
699821d4e161b702e08a6a01,10700081,1610612750,112.8,102.1,0.533,-8.5,93.5,0.557
699821d4e161b702e08a6a02,10700076,1610612756,107.8,99.5,0.477,-6.9,102,0.533
699821d4e161b702e08a6a03,10700075,1610612739,111.1,92.6,0.416,-16.7,89.5,0.485
699821d4e161b702e08a6a04,10700078,1610612760,114.7,92.2,0.445,-23.4,102.5,0.485
699821d4e161b702e08a6a05,10700083,1610612766,111.9,91.1,0.424,-19.8,101,0.5
699821d4e161b702e08a6a06,10700080,1610612754,94.3,79.8,0.436,-11.3,106,0.487
699821d4e161b702e08a6a07,10700079,1610612738,105.5,84.1,0.405,-19.8,91,0.444
699821d4e161b702e08a6a08,10700082,1610612765,111.8,83.5,0.352,-26.7,93.5,0.397
699821d4e161b702e08a6a09,10700070,1610612757,79.4,102.1,0.513,24.7,97,0.575
699821d4e161b702e08a6a0a,10700072,1610612738,76.7,83.2,0.466,7,86,0.525
699821d4e161b702e08a6a0b,10700071,1610612764,100,121.1,0.531,21.1,95.5,0.606
699821d4e161b702e08a6a0c,10700074,1610612742,94.9,120,0.578,28.3,99,0.612
699821d4e161b702e08a6a0d,10700068,1610612761,91.1,102.7,0.547,11.1,90,0.571
699821d4e161b702e08a6a0e,10700069,1610612750,93.2,93.2,0.435,0.9,98.48,0.499
699821d4e161b702e08a6a0f,10700073,1610612740,87.6,94.7,0.507,7.2,97,0.534
699821d4e161b702e08a6a10,10700073,1610612748,94.8,88.7,0.487,-7.2,97,0.501
699821d4e161b702e08a6a11,10700069,1610612754,94.2,90.8,0.411,-0.9,98.48,0.439
699821d4e161b702e08a6a12,10700068,1610612741,102.2,86.1,0.464,-11.1,90,0.517
699821d4e161b702e08a6a13,10700074,1610612765,123.2,93.8,0.431,-28.3,99,0.51
699821d4e161b702e08a6a14,10700071,12316,121.1,99.3,0.423,-21.1,95.5,0.492
699821d4e161b702e08a6a15,10700072,1610612751,83.7,75.1,0.323,-7,86,0.424
699821d4e161b702e08a6a16,10700070,1610612758,104.1,76.3,0.345,-24.7,97,0.402
699821d4e161b702e08a6a17,10700067,1610612753,101.1,124.1,0.606,25,91.5,0.634
699821d4e161b702e08a6a18,10700066,1610612756,89.8,106.5,0.592,19.4,108,0.616
699821d4e161b702e08a6a19,10700064,1610612745,100,117.8,0.606,15.6,90,0.624
699821d4e161b702e08a6a1a,10700063,1610612751,97.9,114.9,0.607,17.9,95.5,0.627
699821d4e161b702e08a6a1b,10700061,1610612758,94.8,109.9,0.528,15.7,95.5,0.607
699821d4e161b702e08a6a1c,10700062,1610612747,103.9,123,0.604,18.4,102.5,0.647
699821d4e161b702e08a6a1d,10700060,1610612737,103.2,108.3,0.474,5.2,95.5,0.541
699821d4e161b702e08a6a1e,10700065,1610612759,109.9,113.6,0.542,3.8,101.5,0.591
699821d4e161b702e08a6a1f,10700065,1610612744,113.7,105.2,0.48,-3.8,101.5,0.511
699821d4e161b702e08a6a20,10700060,1610612766,108.3,98.9,0.562,-5.2,95.5,0.59
699821d4e161b702e08a6a21,10700062,1610612760,122.3,100.4,0.517,-18.4,102.5,0.543
699821d4e161b702e08a6a22,10700061,1610612762,110.5,93.6,0.48,-15.7,95.5,0.516
699821d4e161b702e08a6a23,10700063,1610612752,115.8,96.9,0.447,-17.9,95.5,0.522
699821d4e161b702e08a6a24,10700064,1610612742,115.6,95.1,0.467,-15.6,90,0.525
699821d4e161b702e08a6a25,10700066,1610612746,109.3,90,0.434,-19.4,108,0.486
699821d4e161b702e08a6a26,10700067,45,126.1,100.9,0.485,-25,91.5,0.547
699821d4e161b702e08a6a27,10700058,1610612738,66.3,104.7,0.613,43.5,92,0.613
699821d4e161b702e08a6a28,10700055,1610612754,109.5,111.8,0.431,5.6,105.5,0.53
699821d4e161b702e08a6a29,10700056,1610612762,101.1,107.2,0.555,7.5,92.5,0.553
699821d4e161b702e08a6a2a,10700059,1610612753,91.5,96.2,0.423,3.2,94.5,0.545
699821d4e161b702e08a6a2b,10700054,1610612765,108.9,115.8,0.51,8.9,101,0.537
699821d4e161b702e08a6a2c,10700057,1610612761,100,105.3,0.44,7.1,98.5,0.521
699821d4e161b702e08a6a2d,10700057,12316,107.1,99.2,0.441,-7.1,98.5,0.506
699821d4e161b702e08a6a2e,10700054,1610612743,117.8,106.3,0.569,-8.9,101,0.582
699821d4e161b702e08a6a2f,10700059,1610612739,94.7,92,0.43,-3.2,94.5,0.475
699821d4e161b702e08a6a30,10700056,1610612755,108.6,101.4,0.438,-7.5,92.5,0.524
699821d4e161b702e08a6a31,10700055,1610612763,115.1,110.7,0.481,-5.6,105.5,0.57
699821d4e161b702e08a6a32,10700058,1610612752,109.8,64.2,0.271,-43.5,92,0.318
699821d4e161b702e08a6a33,10700052,1610612743,78,103.1,0.487,25,100.5,0.554
699821d4e161b702e08a6a34,10700050,1610612737,81.9,109.5,0.514,28.8,93.5,0.585
699821d4e161b702e08a6a35,10700051,1610612741,80,92.1,0.494,22.1,95,0.519
699821d4e161b702e08a6a36,10700053,1610612742,104.2,102.8,0.473,1,95.5,0.559
699821d4e161b702e08a6a37,10700053,1610612758,105.2,100.5,0.507,-1,95.5,0.559
699821d4e161b702e08a6a38,10700051,1610612764,102.1,80.8,0.323,-22.1,95,0.458
699821d4e161b702e08a6a39,10700050,1610612750,110.8,80.1,0.39,-28.8,93.5,0.463
699821d4e161b702e08a6a3a,10700052,1610612749,103,75.5,0.343,-25,100.5,0.409
699821d4e161b702e08a6a3b,10700045,1610612766,94.5,102.3,0.453,9.8,91.5,0.573
699821d4e161b702e08a6a3c,10700048,1610612756,92.7,115.3,0.622,20.1,109.5,0.67
699821d4e161b702e08a6a3d,10700049,1610612744,84.6,99.6,0.432,17.3,104.5,0.485
699821d4e161b702e08a6a3e,10700047,1610612754,101,110.7,0.571,10.5,104,0.618
699821d4e161b702e08a6a3f,10700046,1610612763,91.2,97.6,0.482,7.8,102,0.523
699821d4e161b702e08a6a40,10700046,1610612750,99,89.1,0.47,-7.8,102,0.509
699821d4e161b702e08a6a41,10700047,1610612740,111.4,99.3,0.523,-10.5,104,0.586
699821d4e161b702e08a6a42,10700049,12316,101.9,80.7,0.401,-17.3,104.5,0.454
699821d4e161b702e08a6a43,10700048,1610612762,112.7,87.6,0.412,-20.1,109.5,0.499
699821d4e161b702e08a6a44,10700045,1610612751,104.3,90.2,0.447,-9.8,91.5,0.487
699821d4e161b702e08a6a45,10700044,1610612746,78.8,87.4,0.421,8.1,113.5,0.504
699821d4e161b702e08a6a46,10700041,1610612757,94.7,104.1,0.488,12.7,94.5,0.554
699821d4e161b702e08a6a47,10700042,1610612764,87.9,92.7,0.461,5.6,91.5,0.501
699821d4e161b702e08a6a48,10700043,1610612765,102.9,104.4,0.47,1.9,103.5,0.554
699821d4e161b702e08a6a49,10700043,1610612743,104.8,103.9,0.506,-1.9,103.5,0.546
699821d4e161b702e08a6a4a,10700042,1610612755,93.5,87.4,0.4,-5.6,91.5,0.447
699821d4e161b702e08a6a4b,10700041,1610612737,107.4,93.4,0.402,-12.7,94.5,0.44
699821d4e161b702e08a6a4c,10700044,1610612744,86.8,78.6,0.354,-8.1,113.5,0.453
699821d4e161b702e08a6a4d,10700036,1610612766,82.6,98.6,0.493,18.5,91.5,0.566
699821d4e161b702e08a6a4e,10700039,1610612762,76.5,90.8,0.403,15.5,101,0.493
699821d4e161b702e08a6a4f,10700040,1610612759,97.8,120.9,0.538,25,92.5,0.58
699821d4e161b702e08a6a50,10700037,1610612754,87.9,95.2,0.431,9.1,99.5,0.445
699821d4e161b702e08a6a51,10700035,1610612764,91.5,91.9,0.372,4.3,94,0.446
699821d4e161b702e08a6a52,10700038,1610612756,106.7,101.5,0.522,-4.8,104,0.549
699821d4e161b702e08a6a53,10700038,1610612740,101.9,107,0.494,4.8,104,0.545
699821d4e161b702e08a6a54,10700035,1610612742,95.7,90.3,0.449,-4.3,94,0.53
699821d4e161b702e08a6a55,10700037,1610612760,97,88.6,0.395,-9.1,99.5,0.462
699821d4e161b702e08a6a56,10700040,12313,122.8,94.8,0.568,-25,92.5,0.591
699821d4e161b702e08a6a57,10700039,1610612749,92,76.8,0.426,-15.5,101,0.496
699821d4e161b702e08a6a58,10700036,1610612748,101.1,82,0.444,-18.5,91.5,0.471
699821d4e161b702e08a6a59,10700030,1610612753,73.4,105.6,0.553,34,94.5,0.596
699821d4e161b702e08a6a5a,10700033,1610612762,90.4,104.1,0.429,14.8,94.5,0.49
699821d4e161b702e08a6a5b,10700031,1610612743,94.4,104.9,0.5,15.8,107.5,0.581
699821d4e161b702e08a6a5c,10700034,1610612741,97.9,105.8,0.546,8.5,94,0.599
699821d4e161b702e08a6a5d,10700029,1610612755,94.8,91.5,0.428,-2,87.4,0.472
699821d4e161b702e08a6a5e,10700032,1610612760,96.8,99.2,0.44,4.3,94,0.463
699821d4e161b702e08a6a5f,10700032,1610612739,101.1,93.6,0.418,-4.3,94,0.488
699821d4e161b702e08a6a60,10700029,1610612751,92.8,91,0.437,2,87.4,0.511
699821d4e161b702e08a6a61,10700034,1610612742,106.4,96.1,0.455,-8.5,94,0.507
699821d4e161b702e08a6a62,10700031,1610612757,110.3,87.9,0.398,-15.8,107.5,0.455
699821d4e161b702e08a6a63,10700033,1610612765,105.3,89.3,0.422,-14.8,94.5,0.471
699821d4e161b702e08a6a64,10700030,1610612748,107.4,72.1,0.388,-34,94.5,0.45
699821d4e161b702e08a6a65,10700027,1610612745,70.7,105.2,0.576,37.4,99,0.603
699821d4e161b702e08a6a66,10700021,1610612763,76,102,0.5,25,96.5,0.544
699821d4e161b702e08a6a67,10700022,1610612752,89.5,118.6,0.564,28.4,95,0.6
699821d4e161b702e08a6a68,10700025,1610612756,96.1,107.4,0.599,10.7,103,0.629
699821d4e161b702e08a6a69,10700024,1610612739,85.7,90.6,0.442,5.7,95.09,0.5
699821d4e161b702e08a6a6a,10700023,1610612737,103,107.8,0.5,3.9,101.5,0.598
699821d4e161b702e08a6a6b,10700026,1610612744,100,107.9,0.51,11.2,106.5,0.549
699821d4e161b702e08a6a6c,10700028,12315,109.6,108.2,0.506,-1.2,95,0.547
699821d4e161b702e08a6a6d,10700028,1610612761,108.3,108.6,0.513,1.2,95,0.567
699821d4e161b702e08a6a6e,10700026,1610612747,111.2,100.9,0.487,-11.2,106.5,0.558
699821d4e161b702e08a6a6f,10700023,1610612766,106.9,104,0.471,-3.9,101.5,0.515
699821d4e161b702e08a6a70,10700024,1610612765,91.4,86.3,0.375,-5.7,95.09,0.449
699821d4e161b702e08a6a71,10700025,1610612758,106.8,94.2,0.506,-10.7,103,0.52
699821d4e161b702e08a6a72,10700022,12303,117.9,86.3,0.465,-28.4,95,0.509
699821d4e161b702e08a6a73,10700021,12318,101,74.3,0.355,-25,96.5,0.396
699821d4e161b702e08a6a74,10700027,12313,108.1,71.2,0.445,-37.4,99,0.484
699821d4e161b702e08a6a75,10700020,1610612738,88,99.8,0.548,10.9,92.5,0.574
699821d4e161b702e08a6a76,10700015,1610612753,100,123.6,0.699,25.5,98.5,0.719
699821d4e161b702e08a6a77,10700018,1610612757,100,107.3,0.512,7.8,102.5,0.57
699821d4e161b702e08a6a78,10700016,1610612754,92.3,96,0.424,4.8,104,0.49
699821d4e161b702e08a6a79,10700019,1610612737,94.3,99,0.468,2.9,97.36,0.54
699821d4e161b702e08a6a7a,10700017,1610612749,90,97.4,0.456,10,90,0.498
699821d4e161b702e08a6a7b,10700017,1610612762,100,87.3,0.451,-10,90,0.508
699821d4e161b702e08a6a7c,10700019,1610612748,97.2,92.5,0.451,-2.9,97.36,0.494
699821d4e161b702e08a6a7d,10700016,1610612740,97.1,90.2,0.413,-4.8,104,0.473
699821d4e161b702e08a6a7e,10700018,1610612746,107.8,97.3,0.42,-7.8,102.5,0.482
699821d4e161b702e08a6a7f,10700015,1610612766,125.5,97.8,0.476,-25.5,98.5,0.52
699821d4e161b702e08a6a80,10700020,1610612750,98.9,88.6,0.456,-10.9,92.5,0.51
699821d4e161b702e08a6a81,10700013,1610612742,72.8,97.6,0.493,23.9,91.5,0.549
699821d4e161b702e08a6a82,10700007,1610612764,67.4,87.3,0.386,20.7,92,0.441
699821d4e161b702e08a6a83,10700010,1610612743,99.1,110.9,0.542,10.1,108.5,0.599
699821d4e161b702e08a6a84,10700008,1610612749,94.6,97,0.451,3.3,94,0.511
699821d4e161b702e08a6a85,10700011,1610612758,93.3,96.4,0.457,4.8,105.5,0.537
699821d4e161b702e08a6a86,10700012,1610612744,107.8,109.6,0.494,2.1,101.5,0.542
699821d4e161b702e08a6a87,10700009,1610612745,87,85.5,0.479,-1.9,108,0.531
699821d4e161b702e08a6a88,10700014,1610612763,97.1,95.6,0.5,-2,104.5,0.524
699821d4e161b702e08a6a89,10700014,12311,95.2,95,0.458,2,104.5,0.518
699821d4e161b702e08a6a8a,10700009,1610612740,85.2,86.2,0.382,1.9,108,0.456
699821d4e161b702e08a6a8b,10700012,1610612747,109.9,105.9,0.445,-2.1,101.5,0.545
699821d4e161b702e08a6a8c,10700011,1610612760,98.1,91,0.513,-4.8,105.5,0.546
699821d4e161b702e08a6a8d,10700008,1610612741,97.9,90.5,0.53,-3.3,94,0.556
699821d4e161b702e08a6a8e,10700010,1610612746,109.2,95.6,0.463,-10.1,108.5,0.491
699821d4e161b702e08a6a8f,10700007,1610612739,88,65.5,0.347,-20.7,92,0.394
699821d4e161b702e08a6a90,10700013,1610612759,96.7,71.5,0.347,-23.9,91.5,0.369
699821d4e161b702e08a6a91,10700006,1610612765,93.5,111.4,0.514,16.1,93,0.576
699821d4e161b702e08a6a92,10700005,1610612737,94.9,93.4,0.43,1,98,0.513
699821d4e161b702e08a6a93,10700005,1610612753,95.9,89.4,0.429,-1,98,0.451
699821d4e161b702e08a6a94,10700006,1610612748,109.6,91.4,0.448,-16.1,93,0.494
699821d4e161b702e08a6a95,10700003,1610612761,91.6,98.8,0.471,6.3,95,0.546
699821d4e161b702e08a6a96,10700003,12317,97.9,90.3,0.521,-6.3,95,0.548
699821d4e161b702e08a6a97,10700001,1610612738,90.4,93.6,0.48,4.3,94,0.517
699821d4e161b702e08a6a98,10700002,1610612750,87.1,89.2,0.384,3.2,93,0.423
699821d4e161b702e08a6a99,10700002,12309,90.3,85.8,0.381,-3.2,93,0.425
699821d4e161b702e08a6a9a,10700001,1610612761,94.7,88.5,0.441,-4.3,94,0.462
699821d4e161b702e08a6a9b,40800405,1610612747,95.6,108.4,0.488,16.9,89,0.536
699821d4e161b702e08a6a9c,40800405,1610612753,112.5,89.5,0.463,-16.9,89,0.483
699821d4e161b702e08a6a9d,40800404,1610612747,94.8,101.2,0.462,10.5,86.04,0.496
699821d4e161b702e08a6a9e,40800404,1610612753,105.3,89,0.466,-10.5,86.04,0.504
699821d4e161b702e08a6a9f,40800403,1610612753,118.2,126.8,0.664,4.5,88,0.699
699821d4e161b702e08a6aa0,40800403,1610612747,122.7,113.7,0.564,-4.5,88,0.581
699821d4e161b702e08a6aa1,40800402,1610612747,96,102.7,0.494,5,90.57,0.559
699821d4e161b702e08a6aa2,40800402,1610612753,101,95.2,0.481,-5,90.57,0.528
699821d4e161b702e08a6aa3,40800401,1610612747,85.2,110,0.478,28.4,88,0.516
699821d4e161b702e08a6aa4,40800401,1610612753,113.6,85.5,0.351,-28.4,88,0.418
699821d4e161b702e08a6aa5,40800306,1610612753,101.1,114.1,0.538,13.3,89.5,0.577
699821d4e161b702e08a6aa6,40800306,1610612739,114.4,99.3,0.5,-13.3,89.5,0.507
699821d4e161b702e08a6aa7,40800316,1610612747,102.2,131.4,0.633,31.5,89.5,0.695
699821d4e161b702e08a6aa8,40800316,1610612743,133.7,102.2,0.493,-31.5,89.5,0.548
699821d4e161b702e08a6aa9,40800305,1610612739,112.1,117.9,0.559,9.7,91.5,0.616
699821d4e161b702e08a6aaa,40800305,1610612753,121.7,108.5,0.514,-9.7,91.5,0.566
699821d4e161b702e08a6aab,40800315,1610612747,100,105.7,0.507,12,93,0.563
699821d4e161b702e08a6aac,40800315,1610612743,112,95.7,0.428,-12,93,0.489
699821d4e161b702e08a6aad,40800304,1610612753,111.8,112.8,0.606,0.9,92.83,0.631
699821d4e161b702e08a6aae,40800304,1610612739,112.6,103.8,0.483,-0.9,92.83,0.554
699821d4e161b702e08a6aaf,40800314,1610612743,108.6,128.3,0.483,20.4,93,0.558
699821d4e161b702e08a6ab0,40800314,1610612747,129,102.6,0.47,-20.4,93,0.518
699821d4e161b702e08a6ab1,40800303,1610612753,96.7,109.5,0.476,10.9,92,0.579
699821d4e161b702e08a6ab2,40800303,1610612739,107.6,91.4,0.404,-10.9,92,0.476
699821d4e161b702e08a6ab3,40800313,1610612747,101,106.4,0.5,8.5,95,0.561
699821d4e161b702e08a6ab4,40800313,1610612743,109.6,99.3,0.423,-8.5,95,0.497
699821d4e161b702e08a6ab5,40800302,1610612739,109.2,101.7,0.487,-0.1,87.5,0.543
699821d4e161b702e08a6ab6,40800302,1610612753,109.1,109.2,0.549,0.1,87.5,0.579
699821d4e161b702e08a6ab7,40800312,1610612747,112.8,108,0.494,-4.3,94.5,0.557
699821d4e161b702e08a6ab8,40800312,1610612743,108.4,111.3,0.487,4.3,94.5,0.556
699821d4e161b702e08a6ab9,40800301,1610612753,120.5,120,0.609,2.5,87.5,0.636
699821d4e161b702e08a6aba,40800301,1610612739,123,111,0.534,-2.5,87.5,0.555
699821d4e161b702e08a6abb,40800311,1610612743,108.2,105.7,0.541,-2.1,97,0.576
699821d4e161b702e08a6abc,40800311,1610612747,106.2,105.5,0.472,2.1,97,0.522
699821d4e161b702e08a6abd,40800227,1610612747,77.8,100.1,0.5,21.1,90,0.537
699821d4e161b702e08a6abe,40800217,1610612753,92.1,110,0.607,21.3,89,0.641
699821d4e161b702e08a6abf,40800217,1610612738,113.5,90.1,0.419,-21.3,89,0.482
699821d4e161b702e08a6ac0,40800227,1610612745,98.9,75.1,0.401,-21.1,90,0.426
699821d4e161b702e08a6ac1,40800226,1610612745,94.1,110.9,0.556,17.6,85,0.589
699821d4e161b702e08a6ac2,40800216,1610612753,87.2,92.6,0.402,8.2,86.5,0.434
699821d4e161b702e08a6ac3,40800216,1610612738,95.4,80.9,0.435,-8.2,86.5,0.453
699821d4e161b702e08a6ac4,40800226,1610612747,111.8,91.1,0.387,-17.6,85,0.431
699821d4e161b702e08a6ac5,40800235,1610612743,122.2,133.8,0.652,14,90.5,0.676
699821d4e161b702e08a6ac6,40800235,1610612742,136.3,119.9,0.595,-14,90.5,0.634
699821d4e161b702e08a6ac7,40800225,1610612747,79.6,119.4,0.549,42.1,97.5,0.603
699821d4e161b702e08a6ac8,40800215,1610612738,106,109.2,0.455,3.5,83.5,0.527
699821d4e161b702e08a6ac9,40800215,1610612753,109.5,100.8,0.488,-3.5,83.5,0.516
699821d4e161b702e08a6aca,40800225,1610612745,121.6,79.6,0.354,-42.1,97.5,0.406
699821d4e161b702e08a6acb,40800204,1610612739,89.2,99.5,0.5,12,83,0.516
699821d4e161b702e08a6acc,40800234,1610612742,115.8,114.5,0.525,2,101,0.608
699821d4e161b702e08a6acd,40800234,1610612743,117.8,113.2,0.538,-2,101,0.595
699821d4e161b702e08a6ace,40800204,1610612737,101.2,86.9,0.329,-12,83,0.429
699821d4e161b702e08a6acf,40800224,1610612745,101.2,111.5,0.513,12.6,86.5,0.557
699821d4e161b702e08a6ad0,40800214,1610612738,106.8,108.1,0.535,1.1,88,0.566
699821d4e161b702e08a6ad1,40800214,1610612753,108,100.7,0.429,-1.1,88,0.483
699821d4e161b702e08a6ad2,40800224,1610612747,113.8,100.1,0.5,-12.6,86.5,0.518
699821d4e161b702e08a6ad3,40800203,1610612739,102.5,118.6,0.551,20.3,79.5,0.593
699821d4e161b702e08a6ad4,40800233,1610612742,112.8,109.9,0.433,-1.1,94,0.544
699821d4e161b702e08a6ad5,40800233,1610612743,111.7,114.5,0.457,1.1,94,0.538
699821d4e161b702e08a6ad6,40800203,1610612737,122.8,100.2,0.493,-20.3,79.5,0.507
699821d4e161b702e08a6ad7,40800213,1610612753,98,119.6,0.659,22.7,97.5,0.715
699821d4e161b702e08a6ad8,40800223,1610612747,103.3,116.7,0.506,14.1,91.5,0.559
699821d4e161b702e08a6ad9,40800223,1610612745,117.4,101.1,0.452,-14.1,91.5,0.495
699821d4e161b702e08a6ada,40800213,1610612738,120.6,96.5,0.462,-22.7,97.5,0.531
699821d4e161b702e08a6adb,40800202,1610612739,96.6,113.9,0.577,22.7,88,0.624
699821d4e161b702e08a6adc,40800202,1610612737,119.3,94.9,0.398,-22.7,88,0.454
699821d4e161b702e08a6add,40800212,1610612738,102.2,119.1,0.569,17,93,0.615
699821d4e161b702e08a6ade,40800222,1610612747,105.4,117.5,0.535,15.3,92.5,0.57
699821d4e161b702e08a6adf,40800222,1610612745,120.7,103.4,0.52,-15.3,92.5,0.565
699821d4e161b702e08a6ae0,40800212,1610612753,119.1,101.9,0.5,-17,93,0.545
699821d4e161b702e08a6ae1,40800201,1610612739,88.9,121.4,0.519,31.8,81.5,0.553
699821d4e161b702e08a6ae2,40800232,1610612743,111.7,125,0.551,12.8,94,0.612
699821d4e161b702e08a6ae3,40800232,1610612742,124.5,110.3,0.526,-12.8,94,0.576
699821d4e161b702e08a6ae4,40800201,1610612737,120.7,86.8,0.492,-31.8,81.5,0.501
699821d4e161b702e08a6ae5,40800221,1610612745,95.8,102.3,0.514,6.2,97,0.583
699821d4e161b702e08a6ae6,40800211,1610612753,93.8,98.7,0.488,6.3,95.5,0.526
699821d4e161b702e08a6ae7,40800211,1610612738,100,95.3,0.436,-6.3,95.5,0.503
699821d4e161b702e08a6ae8,40800221,1610612747,102,94.5,0.455,-6.2,97,0.477
699821d4e161b702e08a6ae9,40800231,1610612743,96.9,110.3,0.575,16.6,97,0.613
699821d4e161b702e08a6aea,40800137,1610612737,95.1,105.8,0.486,15.9,82,0.555
699821d4e161b702e08a6aeb,40800137,1610612748,111,95.1,0.444,-15.9,82,0.527
699821d4e161b702e08a6aec,40800231,1610612742,113.5,97.2,0.524,-16.6,97,0.541
699821d4e161b702e08a6aed,40800117,1610612738,101,114.5,0.506,10.2,98,0.573
699821d4e161b702e08a6aee,40800117,1610612741,111.2,98.2,0.435,-10.2,98,0.533
699821d4e161b702e08a6aef,40800136,1610612748,87.8,115.9,0.52,31.7,82,0.579
699821d4e161b702e08a6af0,40800136,1610612737,119.5,84.8,0.418,-31.7,82,0.445
699821d4e161b702e08a6af1,40800126,1610612753,98.9,122.8,0.61,26.4,90.5,0.628
699821d4e161b702e08a6af2,40800176,1610612745,93.8,112,0.519,17,82,0.547
699821d4e161b702e08a6af3,40800116,1610612741,111.4,107.3,0.54,1.9,86.48,0.575
699821d4e161b702e08a6af4,40800116,1610612738,113.3,109.3,0.486,-1.9,86.48,0.533
699821d4e161b702e08a6af5,40800176,1610612757,110.8,95,0.451,-17,82,0.487
699821d4e161b702e08a6af6,40800126,1610612755,125.3,96.7,0.454,-26.4,90.5,0.511
699821d4e161b702e08a6af7,40800155,1610612743,92.5,115.2,0.583,23.8,92.5,0.638
699821d4e161b702e08a6af8,40800135,1610612737,111,129.2,0.521,19.9,81.5,0.602
699821d4e161b702e08a6af9,40800135,1610612748,130.9,113.6,0.508,-19.9,81.5,0.575
699821d4e161b702e08a6afa,40800155,1610612740,116.3,91.3,0.401,-23.8,92.5,0.482
699821d4e161b702e08a6afb,40800175,1610612757,87.5,101,0.5,12.5,88,0.536
699821d4e161b702e08a6afc,40800165,1610612742,108.1,123.3,0.581,15.1,86,0.624
699821d4e161b702e08a6afd,40800125,1610612753,90.7,106.4,0.487,13.9,86.5,0.526
699821d4e161b702e08a6afe,40800115,1610612738,106.1,108.7,0.523,0.9,89.21,0.549
699821d4e161b702e08a6aff,40800115,1610612741,107.1,106,0.453,-0.9,89.21,0.525
699821d4e161b702e08a6b00,40800125,1610612755,104.6,87.8,0.456,-13.9,86.5,0.508
699821d4e161b702e08a6b01,40800165,1610612759,123.3,109,0.54,-15.1,86,0.558
699821d4e161b702e08a6b02,40800175,1610612745,100,84.2,0.473,-12.5,88,0.497
699821d4e161b702e08a6b03,40800154,1610612743,68.5,134.1,0.632,66,91,0.678
699821d4e161b702e08a6b04,40800134,1610612737,89.9,99.5,0.462,11.4,79.5,0.523
699821d4e161b702e08a6b05,40800145,1610612747,102.1,111,0.506,10.5,94.5,0.561
699821d4e161b702e08a6b06,40800145,1610612762,112.6,99.1,0.437,-10.5,94.5,0.485
699821d4e161b702e08a6b07,40800134,1610612748,101.3,88.4,0.41,-11.4,79.5,0.484
699821d4e161b702e08a6b08,40800154,1610612740,134.4,71.5,0.333,-66,91,0.463
699821d4e161b702e08a6b09,40800104,1610612739,95.1,117.1,0.514,24.2,82.5,0.585
699821d4e161b702e08a6b0a,40800114,1610612741,104.4,105.8,0.511,0.8,94.34,0.558
699821d4e161b702e08a6b0b,40800174,1610612757,109.9,108,0.507,-2.6,81.5,0.568
699821d4e161b702e08a6b0c,40800124,1610612753,93.1,96.8,0.514,4.6,86.5,0.533
699821d4e161b702e08a6b0d,40800124,1610612755,97.7,92.5,0.438,-4.6,86.5,0.468
699821d4e161b702e08a6b0e,40800174,1610612745,107.3,103.9,0.452,2.6,81.5,0.48
699821d4e161b702e08a6b0f,40800114,1610612738,105.2,101.7,0.474,-0.8,94.34,0.541
699821d4e161b702e08a6b10,40800104,1610612765,119.3,87.7,0.404,-24.2,82.5,0.454
699821d4e161b702e08a6b11,40800133,1610612748,90.7,128.4,0.543,35.2,85.5,0.599
699821d4e161b702e08a6b12,40800164,1610612742,98.9,108.6,0.452,11.1,90.5,0.549
699821d4e161b702e08a6b13,40800144,1610612747,100,112.1,0.571,12.5,95,0.605
699821d4e161b702e08a6b14,40800153,1610612740,101.1,102.8,0.486,4.5,91,0.563
699821d4e161b702e08a6b15,40800153,1610612743,105.6,99.6,0.466,-4.5,91,0.52
699821d4e161b702e08a6b16,40800144,1610612762,112.5,101,0.468,-12.5,95,0.516
699821d4e161b702e08a6b17,40800164,1610612759,110,100,0.486,-11.1,90.5,0.53
699821d4e161b702e08a6b18,40800133,1610612737,125.9,89.3,0.399,-35.2,85.5,0.446
699821d4e161b702e08a6b19,40800103,1610612739,81,90.6,0.441,12,84.5,0.486
699821d4e161b702e08a6b1a,40800173,1610612745,98.8,101.7,0.486,4.8,83.5,0.54
699821d4e161b702e08a6b1b,40800123,1610612753,106.7,103.6,0.479,-3.4,90.5,0.548
699821d4e161b702e08a6b1c,40800123,1610612755,103.3,102.7,0.549,3.4,90.5,0.582
699821d4e161b702e08a6b1d,40800173,1610612757,103.6,98.3,0.487,-4.8,83.5,0.516
699821d4e161b702e08a6b1e,40800103,1610612765,92.9,78.8,0.408,-12,84.5,0.446
699821d4e161b702e08a6b1f,40800163,1610612742,74.4,101.1,0.528,22.3,90.5,0.557
699821d4e161b702e08a6b20,40800113,1610612738,91.5,112,0.557,22.3,94,0.597
699821d4e161b702e08a6b21,40800143,1610612762,94.5,98.5,0.467,2.2,91,0.504
699821d4e161b702e08a6b22,40800143,1610612747,96.7,94.1,0.402,-2.2,91,0.437
699821d4e161b702e08a6b23,40800113,1610612741,113.8,87,0.431,-22.3,94,0.468
699821d4e161b702e08a6b24,40800163,1610612759,96.7,74.2,0.333,-22.3,90.5,0.384
699821d4e161b702e08a6b25,40800132,1610612748,108.1,122.8,0.66,17.4,86,0.676
699821d4e161b702e08a6b26,40800152,1610612743,106.9,121,0.552,17.2,87,0.567
699821d4e161b702e08a6b27,40800122,1610612753,95.6,104.1,0.468,8.7,91.5,0.521
699821d4e161b702e08a6b28,40800122,1610612755,104.3,95.7,0.5,-8.7,91.5,0.525
699821d4e161b702e08a6b29,40800152,1610612740,124.1,104.7,0.52,-17.2,87,0.562
699821d4e161b702e08a6b2a,40800132,1610612737,125.6,105.4,0.481,-17.4,86,0.516
699821d4e161b702e08a6b2b,40800102,1610612739,95.3,109.4,0.47,15.2,85.5,0.553
699821d4e161b702e08a6b2c,40800142,1610612747,110.1,119.5,0.673,10.1,99,0.695
699821d4e161b702e08a6b2d,40800172,1610612757,113.2,119.1,0.547,4.4,91,0.596
699821d4e161b702e08a6b2e,40800172,1610612745,117.6,109.5,0.547,-4.4,91,0.585
699821d4e161b702e08a6b2f,40800142,1610612762,120.2,106.1,0.544,-10.1,99,0.594
699821d4e161b702e08a6b30,40800102,1610612765,110.6,89.1,0.426,-15.2,85.5,0.466
699821d4e161b702e08a6b31,40800162,1610612759,95.5,116,0.576,23.9,88,0.607
699821d4e161b702e08a6b32,40800112,1610612741,125.5,117.6,0.556,-3.2,94,0.62
699821d4e161b702e08a6b33,40800112,1610612738,122.3,120.4,0.526,3.2,94,0.551
699821d4e161b702e08a6b34,40800162,1610612742,119.3,94.3,0.444,-23.9,88,0.511
699821d4e161b702e08a6b35,40800151,1610612743,90.3,119.6,0.58,29.9,93.5,0.631
699821d4e161b702e08a6b36,40800131,1610612737,69.6,99.1,0.487,30.4,91,0.518
699821d4e161b702e08a6b37,40800141,1610612747,104.2,117.6,0.604,12.3,96.5,0.656
699821d4e161b702e08a6b38,40800121,1610612755,111.4,108.9,0.556,1,88.5,0.563
699821d4e161b702e08a6b39,40800121,1610612753,112.4,108.9,0.52,-1,88.5,0.563
699821d4e161b702e08a6b3a,40800141,1610612762,116.5,103.7,0.408,-12.3,96.5,0.488
699821d4e161b702e08a6b3b,40800131,1610612748,100,70.9,0.394,-30.4,91,0.42
699821d4e161b702e08a6b3c,40800151,1610612740,120.2,88.3,0.429,-29.9,93.5,0.477
699821d4e161b702e08a6b3d,40800171,1610612745,96.4,128.1,0.646,33.7,83.5,0.698
699821d4e161b702e08a6b3e,40800101,1610612739,106.3,126.1,0.564,22.8,79,0.623
699821d4e161b702e08a6b3f,40800161,1610612742,116.9,127.3,0.571,9.6,83,0.614
699821d4e161b702e08a6b40,40800111,1610612741,95.4,93.2,0.443,0.1,98.72,0.497
699821d4e161b702e08a6b41,40800111,1610612738,95.5,90.4,0.414,-0.1,98.72,0.464
699821d4e161b702e08a6b42,40800161,1610612759,126.5,116.5,0.537,-9.6,83,0.562
699821d4e161b702e08a6b43,40800101,1610612765,129.1,103.3,0.474,-22.8,79,0.504
699821d4e161b702e08a6b44,40800171,1610612757,130.1,95.2,0.423,-33.7,83.5,0.445
699821d4e161b702e08a6b45,10800112,1610612739,87,116.5,0.538,29.3,92,0.582
699821d4e161b702e08a6b46,10800115,1610612743,90.2,101,0.456,12.7,102.5,0.525
699821d4e161b702e08a6b47,10800110,1610612747,92.2,101.2,0.583,9.8,102.5,0.605
699821d4e161b702e08a6b48,10800113,1610612741,95.4,102.9,0.558,8.3,98.26,0.603
699821d4e161b702e08a6b49,10800114,1610612748,108.1,109.7,0.59,3.5,86,0.604
699821d4e161b702e08a6b4a,10800111,1610612751,111.1,113.6,0.582,-0.1,99.5,0.626
699821d4e161b702e08a6b4b,10800111,1610612752,111,111.2,0.571,0.1,99.5,0.619
699821d4e161b702e08a6b4c,10800114,1610612759,111.6,108.2,0.555,-3.5,86,0.575
699821d4e161b702e08a6b4d,10800113,1610612749,103.7,92.9,0.418,-8.3,98.26,0.473
699821d4e161b702e08a6b4e,10800110,1610612760,101.9,91.5,0.392,-9.8,102.5,0.491
699821d4e161b702e08a6b4f,10800115,1610612746,102.9,88.3,0.452,-12.7,102.5,0.493
699821d4e161b702e08a6b50,10800112,1610612764,116.3,85.3,0.414,-29.3,92,0.483
699821d4e161b702e08a6b51,10800108,1610612740,87.9,112,0.59,24.4,90,0.63
699821d4e161b702e08a6b52,10800102,1610612750,83.5,105.9,0.47,22,90.5,0.518
699821d4e161b702e08a6b53,10800109,1610612754,85,102.6,0.45,20.5,107.5,0.513
699821d4e161b702e08a6b54,10800106,1610612747,77.8,87.3,0.455,12,98.5,0.507
699821d4e161b702e08a6b55,10800104,1610612756,95.9,104.7,0.56,9.3,97,0.59
699821d4e161b702e08a6b56,10800105,1610612745,101,112,0.6,13.5,96,0.653
699821d4e161b702e08a6b57,10800103,1610612762,103.5,112.5,0.579,11.5,86.5,0.611
699821d4e161b702e08a6b58,10800107,1610612765,92.6,87.1,0.42,-2,95.5,0.458
699821d4e161b702e08a6b59,10800107,1610612737,90.6,93.1,0.474,2,95.5,0.508
699821d4e161b702e08a6b5a,10800103,1610612757,114.9,100.4,0.521,-11.5,86.5,0.558
699821d4e161b702e08a6b5b,10800105,1610612758,114.6,101.8,0.449,-13.5,96,0.499
699821d4e161b702e08a6b5c,10800104,1610612760,105.2,92.8,0.5,-9.3,97,0.539
699821d4e161b702e08a6b5d,10800106,1610612766,89.8,77.2,0.355,-12,98.5,0.434
699821d4e161b702e08a6b5e,10800109,1610612742,105.6,83.8,0.407,-20.5,107.5,0.471
699821d4e161b702e08a6b5f,10800102,1610612749,105.6,83,0.4,-22,90.5,0.439
699821d4e161b702e08a6b60,10800108,1610612748,112.4,91.7,0.447,-24.4,90,0.475
699821d4e161b702e08a6b61,10800099,1610612765,91.9,113.1,0.581,22.3,85.5,0.586
699821d4e161b702e08a6b62,10800097,1610612741,79.8,89.2,0.459,10.6,94,0.511
699821d4e161b702e08a6b63,10800098,1610612755,106.4,123.6,0.571,17.8,94.5,0.618
699821d4e161b702e08a6b64,10800096,1610612753,94.7,104,0.526,10.5,95.5,0.58
699821d4e161b702e08a6b65,10800101,1610612757,89.3,98.1,0.488,13.1,84.5,0.49
699821d4e161b702e08a6b66,10800100,1610612764,96.9,104.7,0.544,6.2,97.5,0.578
699821d4e161b702e08a6b67,10800100,1610612759,103.1,97.7,0.488,-6.2,97.5,0.532
699821d4e161b702e08a6b68,10800101,1610612746,102.4,86.2,0.454,-13.1,84.5,0.469
699821d4e161b702e08a6b69,10800096,1610612763,105.2,90.5,0.454,-10.5,95.5,0.539
699821d4e161b702e08a6b6a,10800098,1610612751,124.2,104.4,0.506,-17.8,94.5,0.528
699821d4e161b702e08a6b6b,10800097,1610612750,90.4,78,0.356,-10.6,94,0.402
699821d4e161b702e08a6b6c,10800099,1610612739,114.1,89.9,0.419,-22.3,85.5,0.482
699821d4e161b702e08a6b6d,10800095,1610612756,72.6,91.5,0.459,17.9,95,0.506
699821d4e161b702e08a6b6e,10800094,1610612744,96.4,118.2,0.586,19.2,109.5,0.639
699821d4e161b702e08a6b6f,10800092,1610612748,92.4,112.5,0.566,18.5,92,0.595
699821d4e161b702e08a6b70,10800088,1610612743,101.1,113.9,0.567,10.6,93.5,0.595
699821d4e161b702e08a6b71,10800091,1610612738,92.8,103.3,0.477,11.3,97,0.511
699821d4e161b702e08a6b72,10800090,1610612747,99,102.4,0.507,5.1,98.5,0.569
699821d4e161b702e08a6b73,10800087,1610612739,89.2,93.8,0.481,9.7,92.5,0.506
699821d4e161b702e08a6b74,10800093,1610612741,100,100.3,0.47,3.8,105,0.547
699821d4e161b702e08a6b75,10800089,1610612740,99,103.7,0.52,5.2,97,0.553
699821d4e161b702e08a6b76,10800089,1610612754,104.1,100,0.527,-5.2,97,0.571
699821d4e161b702e08a6b77,10800093,1610612742,103.8,100.6,0.565,-3.8,105,0.568
699821d4e161b702e08a6b78,10800087,1610612755,98.9,87.1,0.359,-9.7,92.5,0.44
699821d4e161b702e08a6b79,10800090,1610612766,104.1,97.1,0.451,-5.1,98.5,0.511
699821d4e161b702e08a6b7a,10800091,1610612752,104.1,91.1,0.429,-11.3,97,0.501
699821d4e161b702e08a6b7b,10800088,1610612761,111.7,100.9,0.5,-10.6,93.5,0.552
699821d4e161b702e08a6b7c,10800092,1610612763,110.9,92.5,0.475,-18.5,92,0.489
699821d4e161b702e08a6b7d,10800094,12314,115.6,96,0.494,-19.2,109.5,0.55
699821d4e161b702e08a6b7e,10800095,1610612746,90.5,72.4,0.345,-17.9,95,0.414
699821d4e161b702e08a6b7f,10800085,1610612757,104.3,118.9,0.584,13.6,94.5,0.621
699821d4e161b702e08a6b80,10800086,1610612752,106,114.2,0.579,6.9,100.5,0.621
699821d4e161b702e08a6b81,10800083,1610612753,105.1,111,0.534,7.3,97.5,0.598
699821d4e161b702e08a6b82,10800084,1610612756,96.4,98,0.494,1.8,93.1,0.532
699821d4e161b702e08a6b83,10800084,1610612766,98.2,93.4,0.428,-1.8,93.1,0.502
699821d4e161b702e08a6b84,10800083,1610612737,112.4,100.8,0.513,-7.3,97.5,0.577
699821d4e161b702e08a6b85,10800086,1610612751,112.9,102.8,0.533,-6.9,100.5,0.588
699821d4e161b702e08a6b86,10800085,1610612758,117.9,104.9,0.545,-13.6,94.5,0.602
699821d4e161b702e08a6b87,10800079,1610612738,76.7,99.8,0.469,19.8,86,0.531
699821d4e161b702e08a6b88,10800082,1610612747,94.7,115.1,0.542,23.2,94.5,0.587
699821d4e161b702e08a6b89,10800081,1610612750,112.6,116.7,0.566,3,95.5,0.616
699821d4e161b702e08a6b8a,10800080,1610612746,106.9,112.2,0.535,4.9,102,0.596
699821d4e161b702e08a6b8b,10800080,12304,111.8,107.7,0.532,-4.9,102,0.604
699821d4e161b702e08a6b8c,10800081,1610612743,115.6,107,0.513,-3,95.5,0.569
699821d4e161b702e08a6b8d,10800082,1610612761,117.9,93.5,0.454,-23.2,94.5,0.499
699821d4e161b702e08a6b8e,10800079,1610612751,96.5,75.9,0.34,-19.8,86,0.398
699821d4e161b702e08a6b8f,10800075,1610612762,88.9,95,0.377,7.8,90.5,0.465
699821d4e161b702e08a6b90,10800078,1610612742,100.9,116.3,0.603,15,107.5,0.649
699821d4e161b702e08a6b91,10800077,1610612747,98.1,103.8,0.568,2.8,106.5,0.613
699821d4e161b702e08a6b92,10800074,1610612739,96.9,100.9,0.494,6.2,96.5,0.537
699821d4e161b702e08a6b93,10800072,1610612737,102.1,106.4,0.521,7.5,93.5,0.581
699821d4e161b702e08a6b94,10800073,1610612753,94.8,104.3,0.514,9.3,96.5,0.557
699821d4e161b702e08a6b95,10800076,1610612759,100,106.4,0.505,7.1,98.5,0.538
699821d4e161b702e08a6b96,10800071,1610612761,95.7,99.4,0.413,3.2,93.5,0.492
699821d4e161b702e08a6b97,10800071,1610612746,98.9,92.6,0.494,-3.2,93.5,0.511
699821d4e161b702e08a6b98,10800076,1610612754,107.1,98.4,0.488,-7.1,98.5,0.529
699821d4e161b702e08a6b99,10800073,1610612748,104.2,92.5,0.458,-9.3,96.5,0.508
699821d4e161b702e08a6b9a,10800072,1610612766,109.7,92,0.411,-7.5,93.5,0.483
699821d4e161b702e08a6b9b,10800074,1610612755,103.1,93.1,0.453,-6.2,96.5,0.512
699821d4e161b702e08a6b9c,10800077,12304,100.9,95.7,0.528,-2.8,106.5,0.555
699821d4e161b702e08a6b9d,10800078,1610612758,115.9,101.7,0.456,-15,107.5,0.509
699821d4e161b702e08a6b9e,10800075,1610612741,96.7,86.5,0.357,-7.8,90.5,0.437
699821d4e161b702e08a6b9f,10800064,1610612754,85.1,111.2,0.568,23.6,102,0.597
699821d4e161b702e08a6ba0,10800069,1610612740,83.3,105.2,0.487,22.9,96,0.549
699821d4e161b702e08a6ba1,10800065,1610612752,90.7,94.6,0.432,6.5,107,0.52
699821d4e161b702e08a6ba2,10800067,1610612745,90.9,94.7,0.447,5.1,99,0.488
699821d4e161b702e08a6ba3,10800066,1610612741,114.1,113.7,0.5,3.3,92,0.587
699821d4e161b702e08a6ba4,10800068,1610612743,91,90.5,0.442,3.9,99.5,0.506
699821d4e161b702e08a6ba5,10800070,1610612744,104.9,102.8,0.588,2,102.5,0.619
699821d4e161b702e08a6ba6,10800070,1610612749,106.9,103.2,0.512,-2,102.5,0.564
699821d4e161b702e08a6ba7,10800068,1610612756,94.9,85.2,0.464,-3.9,99.5,0.496
699821d4e161b702e08a6ba8,10800066,1610612762,117.4,103,0.513,-3.3,92,0.547
699821d4e161b702e08a6ba9,10800067,1610612758,96,91.4,0.394,-5.1,99,0.476
699821d4e161b702e08a6baa,10800065,1610612738,97.2,92.1,0.483,-6.5,107,0.503
699821d4e161b702e08a6bab,10800069,1610612764,106.3,80,0.393,-22.9,96,0.421
699821d4e161b702e08a6bac,10800064,1610612763,108.7,81.7,0.374,-23.6,102,0.416
699821d4e161b702e08a6bad,10800061,1610612759,79.5,100.5,0.493,25.1,87.5,0.545
699821d4e161b702e08a6bae,10800059,1610612753,96.6,107.7,0.494,10.3,87.5,0.515
699821d4e161b702e08a6baf,10800063,1610612765,89,90,0.341,3.4,91.5,0.436
699821d4e161b702e08a6bb0,10800062,1610612738,110.2,112.2,0.519,1.9,98.5,0.579
699821d4e161b702e08a6bb1,10800060,1610612761,96.8,90.3,0.43,-4.3,93,0.487
699821d4e161b702e08a6bb2,10800060,1610612750,92.5,93.5,0.514,4.3,93,0.541
699821d4e161b702e08a6bb3,10800062,1610612751,112.1,107.2,0.551,-1.9,98.5,0.63
699821d4e161b702e08a6bb4,10800063,1610612742,92.4,88.8,0.434,-3.4,91.5,0.499
699821d4e161b702e08a6bb5,10800059,1610612766,106.8,93,0.419,-10.3,87.5,0.487
699821d4e161b702e08a6bb6,10800061,1610612739,104.6,76.2,0.375,-25.1,87.5,0.398
699821d4e161b702e08a6bb7,10800057,1610612758,114.9,109.4,0.627,-5,101.5,0.68
699821d4e161b702e08a6bb8,10800054,1610612754,89.4,94.3,0.444,5.8,104.5,0.5
699821d4e161b702e08a6bb9,10800056,1610612743,107.2,108,0.5,0.9,100.53,0.576
699821d4e161b702e08a6bba,10800055,1610612763,112.2,107.2,0.514,-3.2,89.5,0.574
699821d4e161b702e08a6bbb,10800053,1610612737,112.1,110.2,0.515,-2.2,91,0.597
699821d4e161b702e08a6bbc,10800058,1610612744,96.1,92,0.474,-3.9,102,0.527
699821d4e161b702e08a6bbd,10800058,1610612749,92.2,92.7,0.452,3.9,102,0.486
699821d4e161b702e08a6bbe,10800053,1610612756,109.9,108,0.5,2.2,91,0.54
699821d4e161b702e08a6bbf,10800055,1610612745,109,113.3,0.566,3.2,89.5,0.586
699821d4e161b702e08a6bc0,10800056,1610612762,108.1,104.8,0.531,-0.9,100.53,0.586
699821d4e161b702e08a6bc1,10800054,1610612742,95.2,89.2,0.417,-5.8,104.5,0.464
699821d4e161b702e08a6bc2,10800057,1610612746,109.8,109.1,0.517,5,101.5,0.567
699821d4e161b702e08a6bc3,10800047,1610612759,79,103.1,0.5,28.5,80.5,0.555
699821d4e161b702e08a6bc4,10800052,1610612740,87,103.2,0.5,16.3,92.5,0.545
699821d4e161b702e08a6bc5,10800050,1610612738,95.6,93.9,0.477,3.3,90.5,0.524
699821d4e161b702e08a6bc6,10800046,1610612761,89.7,100,0.5,10.3,86.5,0.559
699821d4e161b702e08a6bc7,10800049,1610612755,114.7,125.1,0.534,7.4,95,0.581
699821d4e161b702e08a6bc8,10800051,1610612750,96.6,104,0.488,10,89.5,0.52
699821d4e161b702e08a6bc9,10800048,1610612746,91.7,90.4,0.435,1.1,96.5,0.476
699821d4e161b702e08a6bca,10800048,1610612760,92.8,89.3,0.426,-1.1,96.5,0.497
699821d4e161b702e08a6bcb,10800051,1610612741,106.7,94,0.514,-10,89.5,0.548
699821d4e161b702e08a6bcc,10800049,1610612752,122.1,114.5,0.557,-7.4,95,0.585
699821d4e161b702e08a6bcd,10800046,12308,100,91.2,0.457,-10.3,86.5,0.503
699821d4e161b702e08a6bce,10800050,1610612739,98.9,93.9,0.463,-3.3,90.5,0.502
699821d4e161b702e08a6bcf,10800052,1610612764,103.2,83.9,0.418,-16.3,92.5,0.458
699821d4e161b702e08a6bd0,10800047,1610612765,107.5,73.3,0.285,-28.5,80.5,0.35
699821d4e161b702e08a6bd1,10800045,1610612760,108.3,117.6,0.488,7.5,95.5,0.564
699821d4e161b702e08a6bd2,10800044,1610612763,99,106.7,0.517,6.1,97,0.533
699821d4e161b702e08a6bd3,10800043,1610612766,102.3,97.8,0.462,-1.2,86,0.506
699821d4e161b702e08a6bd4,10800043,1610612737,101.2,103.4,0.571,1.2,86,0.628
699821d4e161b702e08a6bd5,10800044,1610612754,105.1,94.6,0.43,-6.1,97,0.503
699821d4e161b702e08a6bd6,10800045,1610612745,115.8,106.7,0.494,-7.5,95.5,0.551
699821d4e161b702e08a6bd7,10800040,1610612762,87.9,98.9,0.473,14.3,91,0.547
699821d4e161b702e08a6bd8,10800041,1610612747,88.1,94,0.468,3.1,102,0.528
699821d4e161b702e08a6bd9,10800039,1610612755,84,85.4,0.425,6.4,94,0.469
699821d4e161b702e08a6bda,10800042,1610612748,96.9,93.7,0.493,-0.1,96,0.54
699821d4e161b702e08a6bdb,10800042,1610612751,96.8,96.5,0.429,0.1,96,0.509
699821d4e161b702e08a6bdc,10800039,1610612761,90.4,85.9,0.432,-6.4,94,0.482
699821d4e161b702e08a6bdd,10800041,1610612758,91.3,89,0.401,-3.1,102,0.459
699821d4e161b702e08a6bde,10800040,1610612757,102.2,90,0.477,-14.3,91,0.514
699821d4e161b702e08a6bdf,10800038,1610612744,91,107.4,0.52,19.9,110.5,0.557
699821d4e161b702e08a6be0,10800037,1610612765,102.1,115.6,0.565,14.8,96,0.638
699821d4e161b702e08a6be1,10800035,1610612743,85.3,83.9,0.38,8.3,110.6,0.384
699821d4e161b702e08a6be2,10800036,1610612738,95.7,97,0.5,1.1,93,0.525
699821d4e161b702e08a6be3,10800036,1610612745,96.8,91.6,0.383,-1.1,93,0.523
699821d4e161b702e08a6be4,10800035,1610612756,93.6,79.6,0.359,-8.3,110.6,0.446
699821d4e161b702e08a6be5,10800037,1610612749,116.8,101.9,0.507,-14.8,96,0.561
699821d4e161b702e08a6be6,10800038,1610612760,110.9,92,0.416,-19.9,110.5,0.491
699821d4e161b702e08a6be7,10800031,1610612757,89.9,114.1,0.615,23.4,89.5,0.619
699821d4e161b702e08a6be8,10800026,1610612753,75.9,105.8,0.5,31,87.5,0.547
699821d4e161b702e08a6be9,10800033,1610612742,88.8,123.1,0.575,29.2,89,0.623
699821d4e161b702e08a6bea,10800025,1610612765,69.7,79.8,0.41,13.3,88.5,0.465
699821d4e161b702e08a6beb,10800029,1610612743,91.3,112.6,0.528,20,105,0.563
699821d4e161b702e08a6bec,10800030,1610612758,90.4,100,0.479,9.6,94,0.534
699821d4e161b702e08a6bed,10800032,1610612738,101.1,104.9,0.582,2.2,93,0.653
699821d4e161b702e08a6bee,10800028,1610612763,84,97,0.474,14.9,93.5,0.512
699821d4e161b702e08a6bef,10800027,1610612754,91.3,97.1,0.481,5.8,104.5,0.526
699821d4e161b702e08a6bf0,10800034,1610612740,92.3,98.7,0.548,5.5,91,0.562
699821d4e161b702e08a6bf1,10800024,1610612752,103,109,0.562,7,100.5,0.592
699821d4e161b702e08a6bf2,10800024,1610612755,110,101.3,0.506,-7,100.5,0.555
699821d4e161b702e08a6bf3,10800034,1610612759,97.8,89.6,0.48,-5.5,91,0.514
699821d4e161b702e08a6bf4,10800027,1610612741,97.1,88.3,0.429,-5.8,104.5,0.468
699821d4e161b702e08a6bf5,10800028,1610612766,98.9,81.1,0.42,-14.9,93.5,0.474
699821d4e161b702e08a6bf6,10800032,1610612739,103.2,99.8,0.486,-2.2,93,0.552
699821d4e161b702e08a6bf7,10800030,1610612760,100,89.2,0.388,-9.6,94,0.419
699821d4e161b702e08a6bf8,10800029,1610612750,111.3,90.3,0.483,-20,105,0.494
699821d4e161b702e08a6bf9,10800025,1610612764,83,69.3,0.352,-13.3,88.5,0.395
699821d4e161b702e08a6bfa,10800033,1610612749,118,89.9,0.382,-29.2,89,0.431
699821d4e161b702e08a6bfb,10800026,12308,106.8,73.3,0.43,-31,87.5,0.445
699821d4e161b702e08a6bfc,10800031,1610612737,113.3,87.1,0.396,-23.4,89.5,0.45
699821d4e161b702e08a6bfd,10800020,1610612746,80.8,101.9,0.536,26.2,99.5,0.563
699821d4e161b702e08a6bfe,10800021,1610612742,99,105.4,0.484,6.7,103.5,0.532
699821d4e161b702e08a6bff,10800022,1610612745,89.7,92.2,0.493,5.9,88,0.517
699821d4e161b702e08a6c00,10800019,1610612756,96.7,105.9,0.55,5.4,93,0.574
699821d4e161b702e08a6c01,10800023,1610612748,99,92.7,0.437,-3.9,92.38,0.491
699821d4e161b702e08a6c02,10800023,1610612751,95.1,97,0.469,3.9,92.38,0.526
699821d4e161b702e08a6c03,10800019,1610612762,102.1,94.8,0.459,-5.4,93,0.501
699821d4e161b702e08a6c04,10800022,1610612759,95.5,88.6,0.429,-5.9,88,0.464
699821d4e161b702e08a6c05,10800021,1610612741,105.8,96.8,0.479,-6.7,103.5,0.552
699821d4e161b702e08a6c06,10800020,1610612747,107,80.2,0.415,-26.2,99.5,0.478
699821d4e161b702e08a6c07,10800012,1610612753,79.2,117.6,0.5,37.6,101,0.632
699821d4e161b702e08a6c08,10800013,1610612740,69.6,101.3,0.471,32.3,102.5,0.532
699821d4e161b702e08a6c09,10800014,1610612764,84.2,95.2,0.474,10.5,94.5,0.498
699821d4e161b702e08a6c0a,10800017,1610612744,95,107.2,0.506,15,100,0.558
699821d4e161b702e08a6c0b,10800018,1610612765,81.6,97.8,0.522,16.1,87,0.56
699821d4e161b702e08a6c0c,10800016,1610612737,104.3,108.6,0.52,5.5,91.5,0.561
699821d4e161b702e08a6c0d,10800011,1610612738,98,93.8,0.514,-6,100,0.567
699821d4e161b702e08a6c0e,10800010,1610612761,100,102.5,0.551,0.9,111.5,0.575
699821d4e161b702e08a6c0f,10800015,1610612750,82.8,83.9,0.414,5.2,99.5,0.474
699821d4e161b702e08a6c10,10800015,1610612760,88,82.2,0.424,-5.2,99.5,0.484
699821d4e161b702e08a6c11,10800010,1610612752,100.9,100.4,0.489,-0.9,111.5,0.541
699821d4e161b702e08a6c12,10800011,1610612755,92,93.9,0.474,6,100,0.536
699821d4e161b702e08a6c13,10800016,1610612756,109.9,98.5,0.476,-5.5,91.5,0.498
699821d4e161b702e08a6c14,10800018,1610612749,97.7,77.1,0.38,-16.1,87,0.438
699821d4e161b702e08a6c15,10800017,1610612757,110,89.7,0.405,-15,100,0.48
699821d4e161b702e08a6c16,10800014,1610612763,94.7,85.5,0.36,-10.5,94.5,0.432
699821d4e161b702e08a6c17,10800013,1610612754,101.9,70.7,0.331,-32.3,102.5,0.397
699821d4e161b702e08a6c18,10800012,1610612766,116.8,78.4,0.309,-37.6,101,0.404
699821d4e161b702e08a6c19,10800006,1610612757,85.3,115.4,0.552,30.5,95,0.59
699821d4e161b702e08a6c1a,10800008,1610612742,79.6,100.6,0.56,24.2,103.5,0.567
699821d4e161b702e08a6c1b,10800005,1610612761,87.5,107.2,0.56,23.1,95,0.605
699821d4e161b702e08a6c1c,10800009,1610612745,98.9,104.1,0.473,5.4,93,0.55
699821d4e161b702e08a6c1d,10800007,1610612762,93.8,99,0.494,9.4,96,0.538
699821d4e161b702e08a6c1e,10800007,1610612747,103.1,94.1,0.531,-9.4,96,0.572
699821d4e161b702e08a6c1f,10800009,1610612763,104.3,93.9,0.446,-5.4,93,0.479
699821d4e161b702e08a6c20,10800005,1610612739,110.6,87.3,0.433,-23.1,95,0.46
699821d4e161b702e08a6c21,10800008,1610612764,103.8,74.9,0.378,-24.2,103.5,0.421
699821d4e161b702e08a6c22,10800006,1610612758,115.8,84.8,0.316,-30.5,95,0.429
699821d4e161b702e08a6c23,10800004,1610612750,81.4,117.1,0.642,39.2,97,0.681
699821d4e161b702e08a6c24,10800003,1610612737,102,114.2,0.554,18.4,98.5,0.582
699821d4e161b702e08a6c25,10800003,1610612753,120.4,99.2,0.525,-18.4,98.5,0.562
699821d4e161b702e08a6c26,10800004,1610612749,120.6,80,0.364,-39.2,97,0.44
699821d4e161b702e08a6c27,10800002,1610612740,102,102.8,0.5,1.9,101.5,0.519
699821d4e161b702e08a6c28,10800001,1610612748,94.1,88.2,0.429,-4,91.47,0.483
699821d4e161b702e08a6c29,10800001,1610612765,90.1,90.2,0.469,4,91.47,0.515
699821d4e161b702e08a6c2a,10800002,1610612744,103.9,101.3,0.53,-1.9,101.5,0.556
699821d4e161b702e08a6c2b,40900407,1610612738,96.5,92.4,0.451,-4.7,86,0.503
699821d4e161b702e08a6c2c,40900407,1610612747,91.9,95.1,0.349,4.7,86,0.418
699821d4e161b702e08a6c2d,40900406,1610612747,76.1,100.7,0.456,26.2,87.5,0.509
699821d4e161b702e08a6c2e,40900406,1610612738,102.3,73.3,0.363,-26.2,87.5,0.379
699821d4e161b702e08a6c2f,40900405,1610612738,102.4,106.1,0.585,4.6,85,0.6
699821d4e161b702e08a6c30,40900405,1610612747,107,98.4,0.442,-4.6,85,0.481
699821d4e161b702e08a6c31,40900404,1610612738,103.5,107.7,0.464,9.5,85.5,0.515
699821d4e161b702e08a6c32,40900404,1610612747,112.9,100.4,0.5,-9.5,85.5,0.552
699821d4e161b702e08a6c33,40900403,1610612747,100,107.6,0.461,9.6,83.5,0.526
699821d4e161b702e08a6c34,40900403,1610612738,109.6,98.2,0.466,-9.6,83.5,0.503
699821d4e161b702e08a6c35,40900402,1610612738,101.1,106.8,0.494,9.7,93,0.54
699821d4e161b702e08a6c36,40900402,1610612747,110.8,100,0.444,-9.7,93,0.528
699821d4e161b702e08a6c37,40900401,1610612747,97.8,110.1,0.513,14.3,91,0.569
699821d4e161b702e08a6c38,40900401,1610612738,112.1,100.2,0.44,-14.3,91,0.537
699821d4e161b702e08a6c39,40900316,1610612747,114.4,121.6,0.53,7.5,90.5,0.582
699821d4e161b702e08a6c3a,40900316,1610612756,122,112.2,0.527,-7.5,90.5,0.587
699821d4e161b702e08a6c3b,40900306,1610612738,96.6,103.4,0.493,12.5,87.5,0.552
699821d4e161b702e08a6c3c,40900306,1610612753,109.1,96.7,0.472,-12.5,87.5,0.501
699821d4e161b702e08a6c3d,40900315,1610612747,111,110.6,0.456,3.5,90.5,0.509
699821d4e161b702e08a6c3e,40900315,1610612756,114.4,108.9,0.526,-3.5,90.5,0.563
699821d4e161b702e08a6c3f,40900305,1610612753,104.5,127.8,0.616,23.9,88,0.669
699821d4e161b702e08a6c40,40900305,1610612738,128.4,100.9,0.479,-23.9,88,0.54
699821d4e161b702e08a6c41,40900314,1610612756,121.8,130.6,0.554,8.8,87.5,0.586
699821d4e161b702e08a6c42,40900314,1610612747,130.7,116.8,0.544,-8.8,87.5,0.548
699821d4e161b702e08a6c43,40900304,1610612738,100,96.6,0.454,-5.2,87.4,0.516
699821d4e161b702e08a6c44,40900304,1610612753,94.8,99.5,0.514,5.2,87.4,0.542
699821d4e161b702e08a6c45,40900313,1610612756,111.2,121.1,0.494,10.4,97.5,0.587
699821d4e161b702e08a6c46,40900313,1610612747,121.6,105,0.534,-10.4,97.5,0.569
699821d4e161b702e08a6c47,40900303,1610612738,81.6,107.7,0.507,26.4,87,0.551
699821d4e161b702e08a6c48,40900303,1610612753,108,81.7,0.431,-26.4,87,0.487
699821d4e161b702e08a6c49,40900312,1610612747,115.5,130.6,0.635,12.4,97,0.667
699821d4e161b702e08a6c4a,40900312,1610612756,127.8,109.3,0.554,-12.4,97,0.593
699821d4e161b702e08a6c4b,40900302,1610612738,103.4,102.9,0.493,4.6,88.5,0.55
699821d4e161b702e08a6c4c,40900302,1610612753,108,100.3,0.444,-4.6,88.5,0.524
699821d4e161b702e08a6c4d,40900311,1610612747,112.6,135.2,0.625,23.5,94.5,0.655
699821d4e161b702e08a6c4e,40900311,1610612756,136.2,112.5,0.525,-23.5,94.5,0.575
699821d4e161b702e08a6c4f,40900301,1610612738,96.7,97.4,0.486,4.4,91,0.538
699821d4e161b702e08a6c50,40900301,1610612753,101.1,96.2,0.448,-4.4,91,0.498
699821d4e161b702e08a6c51,40900206,1610612738,88.5,94.5,0.474,8.4,96.5,0.514
699821d4e161b702e08a6c52,40900206,1610612739,96.9,85,0.418,-8.4,96.5,0.483
699821d4e161b702e08a6c53,40900205,1610612738,96.7,125.1,0.6,33.7,91.5,0.632
699821d4e161b702e08a6c54,40900205,1610612739,130.4,94.7,0.449,-33.7,91.5,0.53
699821d4e161b702e08a6c55,40900214,1610612753,101.2,113.5,0.677,15.5,83.5,0.668
699821d4e161b702e08a6c56,40900234,1610612747,104.3,120.9,0.494,16.3,92,0.562
699821d4e161b702e08a6c57,40900234,1610612762,120.7,103.4,0.481,-16.3,92,0.517
699821d4e161b702e08a6c58,40900214,1610612737,116.7,96.8,0.426,-15.5,83.5,0.484
699821d4e161b702e08a6c59,40900204,1610612738,90.6,100.4,0.454,8.4,97,0.518
699821d4e161b702e08a6c5a,40900224,1610612756,105.2,109.9,0.519,6.3,96,0.573
699821d4e161b702e08a6c5b,40900224,1610612759,111.5,101.2,0.493,-6.3,96,0.556
699821d4e161b702e08a6c5c,40900204,1610612739,99,88.6,0.433,-8.4,97,0.517
699821d4e161b702e08a6c5d,40900213,1610612753,90.4,123.6,0.577,33.2,84,0.611
699821d4e161b702e08a6c5e,40900233,1610612762,126.1,124.1,0.545,-2.5,88.5,0.607
699821d4e161b702e08a6c5f,40900233,1610612747,123.6,124.2,0.546,2.5,88.5,0.582
699821d4e161b702e08a6c60,40900213,1610612737,123.5,85.9,0.373,-33.2,84,0.41
699821d4e161b702e08a6c61,40900203,1610612739,109.2,137.8,0.628,30.1,88,0.697
699821d4e161b702e08a6c62,40900223,1610612756,105.5,118.9,0.627,14.1,91.5,0.636
699821d4e161b702e08a6c63,40900223,1610612759,119.6,102.9,0.5,-14.1,91.5,0.52
699821d4e161b702e08a6c64,40900203,1610612738,139.3,108.2,0.451,-30.1,88,0.501
699821d4e161b702e08a6c65,40900212,1610612753,115.3,130,0.625,16.5,85,0.658
699821d4e161b702e08a6c66,40900212,1610612737,131.8,115.8,0.453,-16.5,85,0.553
699821d4e161b702e08a6c67,40900222,1610612759,115.8,108.9,0.551,-8.4,95,0.575
699821d4e161b702e08a6c68,40900222,1610612756,107.4,113.1,0.476,8.4,95,0.543
699821d4e161b702e08a6c69,40900211,1610612753,77.2,121.8,0.577,46.7,92,0.603
699821d4e161b702e08a6c6a,40900232,1610612747,106.2,114.6,0.532,7.1,97.5,0.585
699821d4e161b702e08a6c6b,40900232,1610612762,113.3,103.7,0.438,-7.1,97.5,0.475
699821d4e161b702e08a6c6c,40900211,1610612737,123.9,74.8,0.358,-46.7,92,0.399
699821d4e161b702e08a6c6d,40900202,1610612738,91.5,106.2,0.571,18,94.5,0.605
699821d4e161b702e08a6c6e,40900221,1610612756,102,110.2,0.563,10.1,99.5,0.605
699821d4e161b702e08a6c6f,40900221,1610612759,112.1,102.4,0.482,-10.1,99.5,0.528
699821d4e161b702e08a6c70,40900202,1610612739,109.5,89.8,0.429,-18,94.5,0.496
699821d4e161b702e08a6c71,40900127,1610612737,91.4,118.4,0.513,25.9,81,0.557
699821d4e161b702e08a6c72,40900231,1610612747,106.5,112,0.545,5.4,93,0.585
699821d4e161b702e08a6c73,40900231,1610612762,111.8,105.1,0.476,-5.4,93,0.525
699821d4e161b702e08a6c74,40900127,1610612749,117.3,84.7,0.349,-25.9,81,0.392
699821d4e161b702e08a6c75,40900201,1610612739,101.1,110.2,0.513,7.5,92.5,0.551
699821d4e161b702e08a6c76,40900201,1610612738,108.6,98.7,0.469,-7.5,92.5,0.515
699821d4e161b702e08a6c77,40900126,1610612737,80.2,94.7,0.414,15.2,86.5,0.458
699821d4e161b702e08a6c78,40900176,1610612762,104,109.3,0.565,8,100,0.612
699821d4e161b702e08a6c79,40900146,1610612747,106.8,104.2,0.544,1.1,88,0.558
699821d4e161b702e08a6c7a,40900146,1610612760,108,101.5,0.394,-1.1,88,0.476
699821d4e161b702e08a6c7b,40900176,1610612743,112,104.4,0.464,-8,100,0.517
699821d4e161b702e08a6c7c,40900126,1610612749,95.4,79.1,0.375,-15.2,86.5,0.424
699821d4e161b702e08a6c7d,40900156,1610612759,101.2,110.7,0.5,11.6,86,0.529
699821d4e161b702e08a6c7e,40900166,1610612756,102.3,103.7,0.554,9,88.5,0.579
699821d4e161b702e08a6c7f,40900166,1610612757,111.2,99.4,0.449,-9,88.5,0.502
699821d4e161b702e08a6c80,40900156,1610612742,112.8,98.2,0.469,-11.6,86,0.502
699821d4e161b702e08a6c81,40900175,1610612743,107.4,121.5,0.568,13.5,95.5,0.634
699821d4e161b702e08a6c82,40900125,1610612749,101.2,102.5,0.459,2.2,87,0.524
699821d4e161b702e08a6c83,40900125,1610612737,103.4,94.1,0.446,-2.2,87,0.481
699821d4e161b702e08a6c84,40900175,1610612762,120.8,104.1,0.494,-13.5,95.5,0.537
699821d4e161b702e08a6c85,40900145,1610612747,92.6,117.3,0.571,24.3,94.5,0.606
699821d4e161b702e08a6c86,40900155,1610612742,82.7,106.7,0.476,21.4,98.5,0.523
699821d4e161b702e08a6c87,40900135,1610612738,94.5,105.9,0.535,9.8,91.5,0.588
699821d4e161b702e08a6c88,40900105,1610612739,104.4,105.1,0.534,2.2,90,0.563
699821d4e161b702e08a6c89,40900105,1610612741,106.7,105.9,0.474,-2.2,90,0.53
699821d4e161b702e08a6c8a,40900135,1610612748,104.3,88,0.424,-9.8,91.5,0.485
699821d4e161b702e08a6c8b,40900155,1610612759,104,81.6,0.378,-21.4,98.5,0.448
699821d4e161b702e08a6c8c,40900145,1610612760,116.8,89.2,0.411,-24.3,94.5,0.46
699821d4e161b702e08a6c8d,40900165,1610612756,103.5,125.8,0.534,23.9,84.5,0.614
699821d4e161b702e08a6c8e,40900124,1610612749,115.6,123.2,0.601,7.8,90,0.668
699821d4e161b702e08a6c8f,40900114,1610612753,107.1,115.8,0.515,9.3,84.5,0.579
699821d4e161b702e08a6c90,40900114,1610612766,116.5,101.7,0.486,-9.3,84.5,0.526
699821d4e161b702e08a6c91,40900124,1610612737,123.3,116.5,0.538,-7.8,90,0.583
699821d4e161b702e08a6c92,40900165,1610612757,127.4,102.9,0.514,-23.9,84.5,0.553
699821d4e161b702e08a6c93,40900104,1610612739,97,121,0.608,22.8,101,0.644
699821d4e161b702e08a6c94,40900174,1610612762,109.3,118.8,0.565,10.1,97.5,0.613
699821d4e161b702e08a6c95,40900154,1610612759,98.9,103,0.493,4.5,89.5,0.527
699821d4e161b702e08a6c96,40900134,1610612748,101.1,107.4,0.566,9.9,91,0.58
699821d4e161b702e08a6c97,40900134,1610612738,111,99.1,0.551,-9.9,91,0.569
699821d4e161b702e08a6c98,40900154,1610612742,103.4,98.8,0.461,-4.5,89.5,0.511
699821d4e161b702e08a6c99,40900174,1610612743,119.4,106.6,0.476,-10.1,97.5,0.533
699821d4e161b702e08a6c9a,40900104,1610612741,119.8,96,0.396,-22.8,101,0.466
699821d4e161b702e08a6c9b,40900144,1610612760,95.7,116.9,0.447,22.6,93,0.566
699821d4e161b702e08a6c9c,40900123,1610612749,101.1,118.8,0.575,20.5,88,0.615
699821d4e161b702e08a6c9d,40900164,1610612757,102.4,111.2,0.475,9.3,85.5,0.526
699821d4e161b702e08a6c9e,40900113,1610612753,95.6,98.9,0.507,3.3,90.5,0.556
699821d4e161b702e08a6c9f,40900113,1610612766,98.9,92.4,0.453,-3.3,90.5,0.511
699821d4e161b702e08a6ca0,40900164,1610612756,111.6,96.4,0.474,-9.3,85.5,0.51
699821d4e161b702e08a6ca1,40900123,1610612737,121.6,98.9,0.408,-20.5,88,0.454
699821d4e161b702e08a6ca2,40900144,1610612747,118.3,93.4,0.439,-22.6,93,0.472
699821d4e161b702e08a6ca3,40900173,1610612762,97.9,109.8,0.512,12.6,95,0.543
699821d4e161b702e08a6ca4,40900153,1610612759,105.9,108.7,0.487,4.7,85,0.538
699821d4e161b702e08a6ca5,40900133,1610612748,109.9,104.8,0.545,-3.4,91.5,0.58
699821d4e161b702e08a6ca6,40900133,1610612738,106.5,107.4,0.519,3.4,91.5,0.561
699821d4e161b702e08a6ca7,40900153,1610612742,110.6,99.3,0.5,-4.7,85,0.545
699821d4e161b702e08a6ca8,40900173,1610612743,110.5,99.6,0.458,-12.6,95,0.532
699821d4e161b702e08a6ca9,40900163,1610612756,101.1,118.4,0.621,20.2,88.5,0.649
699821d4e161b702e08a6caa,40900103,1610612741,111.6,112.5,0.53,3.3,94.5,0.568
699821d4e161b702e08a6cab,40900143,1610612760,104.3,112.3,0.463,7.9,91,0.532
699821d4e161b702e08a6cac,40900143,1610612747,112.2,106.3,0.512,-7.9,91,0.538
699821d4e161b702e08a6cad,40900103,1610612739,114.9,112,0.524,-3.3,94.5,0.554
699821d4e161b702e08a6cae,40900163,1610612757,121.3,100.8,0.474,-20.2,88.5,0.498
699821d4e161b702e08a6caf,40900112,1610612753,92.8,111.7,0.531,18.1,83,0.579
699821d4e161b702e08a6cb0,40900152,1610612759,102.3,119,0.53,17.7,85.5,0.55
699821d4e161b702e08a6cb1,40900152,1610612742,120,101.4,0.406,-17.7,85.5,0.469
699821d4e161b702e08a6cb2,40900112,1610612766,110.8,91.8,0.485,-18.1,83,0.521
699821d4e161b702e08a6cb3,40900132,1610612738,85.6,116.6,0.56,32.2,90,0.61
699821d4e161b702e08a6cb4,40900162,1610612756,103.4,130,0.57,33.3,87,0.616
699821d4e161b702e08a6cb5,40900122,1610612737,97.7,108.1,0.494,11.4,88,0.541
699821d4e161b702e08a6cb6,40900142,1610612760,97.9,93.4,0.426,-3.1,97,0.52
699821d4e161b702e08a6cb7,40900142,1610612747,94.8,95.9,0.409,3.1,97,0.465
699821d4e161b702e08a6cb8,40900122,1610612749,109.1,94.3,0.433,-11.4,88,0.447
699821d4e161b702e08a6cb9,40900162,1610612757,136.8,100.5,0.408,-33.3,87,0.497
699821d4e161b702e08a6cba,40900132,1610612748,117.8,85.5,0.441,-32.2,90,0.464
699821d4e161b702e08a6cbb,40900102,1610612739,113.3,126.5,0.634,11.1,90,0.687
699821d4e161b702e08a6cbc,40900172,1610612762,108.8,113.2,0.574,1.9,102.5,0.643
699821d4e161b702e08a6cbd,40900172,1610612743,110.7,103.4,0.493,-1.9,102.5,0.588
699821d4e161b702e08a6cbe,40900102,1610612741,124.4,111.5,0.462,-11.1,90,0.508
699821d4e161b702e08a6cbf,40900151,1610612742,102.2,109.9,0.507,5.4,92.5,0.562
699821d4e161b702e08a6cc0,40900161,1610612757,108.7,109.8,0.506,4.2,92.5,0.555
699821d4e161b702e08a6cc1,40900141,1610612747,91.9,97,0.462,9.3,86,0.496
699821d4e161b702e08a6cc2,40900111,1610612753,106,112.8,0.534,8,85,0.571
699821d4e161b702e08a6cc3,40900111,1610612766,114,99.6,0.486,-8,85,0.534
699821d4e161b702e08a6cc4,40900141,1610612760,101.2,89.2,0.417,-9.3,86,0.478
699821d4e161b702e08a6cc5,40900161,1610612756,112.9,107.5,0.478,-4.2,92.5,0.51
699821d4e161b702e08a6cc6,40900151,1610612759,107.5,100.9,0.526,-5.4,92.5,0.558
699821d4e161b702e08a6cc7,40900131,1610612738,85.4,90.1,0.45,8,90,0.516
699821d4e161b702e08a6cc8,40900121,1610612737,104.5,118.1,0.579,11.4,88,0.605
699821d4e161b702e08a6cc9,40900101,1610612739,86.5,99.5,0.5,12.5,96.5,0.525
699821d4e161b702e08a6cca,40900171,1610612743,121.5,135.5,0.637,12.5,93.5,0.663
699821d4e161b702e08a6ccb,40900171,1610612762,134,118.8,0.593,-12.5,93.5,0.634
699821d4e161b702e08a6ccc,40900101,1610612741,99,84,0.431,-12.5,96.5,0.452
699821d4e161b702e08a6ccd,40900121,1610612749,115.9,99.5,0.488,-11.4,88,0.514
699821d4e161b702e08a6cce,40900131,1610612748,93.4,81.1,0.423,-8,90,0.454
699821d4e161b702e08a6ccf,10900110,1610612741,76.9,102.2,0.467,24.2,91.5,0.534
699821d4e161b702e08a6cd0,10900118,1610612753,93.5,133.3,0.675,40.2,92,0.689
699821d4e161b702e08a6cd1,10900117,1610612751,92.6,117.5,0.541,20.8,96,0.6
699821d4e161b702e08a6cd2,10900116,1610612743,100,110.7,0.601,11.2,106,0.636
699821d4e161b702e08a6cd3,10900112,1610612762,89.5,99.4,0.452,9.5,95.5,0.508
699821d4e161b702e08a6cd4,10900115,1610612746,92.6,94.7,0.458,3.2,95,0.483
699821d4e161b702e08a6cd5,10900111,1610612750,92.8,98,0.448,6.2,98,0.5
699821d4e161b702e08a6cd6,10900113,1610612765,97.9,99.6,0.507,3.2,94.5,0.556
699821d4e161b702e08a6cd7,10900108,1610612763,95.8,97.9,0.416,4.2,95.5,0.489
699821d4e161b702e08a6cd8,10900109,1610612754,105.7,108.4,0.5,2.9,105.5,0.532
699821d4e161b702e08a6cd9,10900114,1610612742,94.9,97.3,0.435,4,99,0.501
699821d4e161b702e08a6cda,10900114,1610612745,99,93.2,0.446,-4,99,0.523
699821d4e161b702e08a6cdb,10900109,1610612759,108.6,105.9,0.5,-2.9,105.5,0.545
699821d4e161b702e08a6cdc,10900108,1610612766,100,94.9,0.47,-4.2,95.5,0.506
699821d4e161b702e08a6cdd,10900113,1610612749,101.1,94.6,0.465,-3.2,94.5,0.498
699821d4e161b702e08a6cde,10900111,1610612761,99,91,0.413,-6.2,98,0.49
699821d4e161b702e08a6cdf,10900115,1610612740,95.8,92.8,0.493,-3.2,95,0.545
699821d4e161b702e08a6ce0,10900112,1610612758,99,89.7,0.425,-9.5,95.5,0.49
699821d4e161b702e08a6ce1,10900116,1610612747,111.2,96.5,0.519,-11.2,106,0.572
699821d4e161b702e08a6ce2,10900117,1610612755,113.4,90.4,0.433,-20.8,96,0.447
699821d4e161b702e08a6ce3,10900118,1610612737,133.7,89.7,0.394,-40.2,92,0.468
699821d4e161b702e08a6ce4,10900110,1610612764,101.1,76.6,0.396,-24.2,91.5,0.446
699821d4e161b702e08a6ce5,10900107,1610612744,91.1,124.8,0.669,34.9,100.5,0.692
699821d4e161b702e08a6ce6,10900103,1610612758,95.7,111.6,0.588,16.1,93,0.604
699821d4e161b702e08a6ce7,10900104,1610612747,88.1,107.1,0.506,16.8,101,0.552
699821d4e161b702e08a6ce8,10900105,1610612757,98.9,115.4,0.523,22.6,93.5,0.571
699821d4e161b702e08a6ce9,10900102,1610612737,95.6,101.9,0.603,6.6,90.5,0.611
699821d4e161b702e08a6cea,10900106,1610612750,122.6,136.7,0.582,8.6,93,0.654
699821d4e161b702e08a6ceb,10900106,1610612765,131.2,124.4,0.614,-8.6,93,0.681
699821d4e161b702e08a6cec,10900102,1610612748,102.2,92.5,0.414,-6.6,90.5,0.483
699821d4e161b702e08a6ced,10900105,1610612756,121.5,94.7,0.494,-22.6,93.5,0.533
699821d4e161b702e08a6cee,10900104,1610612743,105,88.4,0.45,-16.8,101,0.532
699821d4e161b702e08a6cef,10900103,1610612760,111.8,92.7,0.425,-16.1,93,0.489
699821d4e161b702e08a6cf0,10900107,1610612740,126,90,0.42,-34.9,100.5,0.473
699821d4e161b702e08a6cf1,10900099,1610612753,82.1,111.9,0.525,28.3,106,0.582
699821d4e161b702e08a6cf2,10900101,1610612748,97.9,102.8,0.526,5.2,95.5,0.548
699821d4e161b702e08a6cf3,10900100,1610612738,96.5,111.9,0.563,15.2,85.5,0.594
699821d4e161b702e08a6cf4,10900098,1610612752,91.1,94.3,0.463,2.9,100.5,0.513
699821d4e161b702e08a6cf5,10900098,1610612751,94,89.6,0.398,-2.9,100.5,0.453
699821d4e161b702e08a6cf6,10900100,1610612739,111.6,92.9,0.486,-15.2,85.5,0.505
699821d4e161b702e08a6cf7,10900101,1610612763,103.1,91.5,0.429,-5.2,95.5,0.476
699821d4e161b702e08a6cf8,10900099,1610612754,110.4,80.5,0.415,-28.3,106,0.443
699821d4e161b702e08a6cf9,10900095,1610612739,73.3,105.1,0.482,34.5,89.5,0.525
699821d4e161b702e08a6cfa,10900090,1610612743,94.3,117.8,0.631,26.2,106.5,0.655
699821d4e161b702e08a6cfb,10900096,1610612759,102,120.2,0.653,18.2,99.5,0.692
699821d4e161b702e08a6cfc,10900097,1610612746,96,106.3,0.571,12,100,0.617
699821d4e161b702e08a6cfd,10900092,1610612762,101,110.3,0.563,11.5,96,0.651
699821d4e161b702e08a6cfe,10900091,1610612756,122.1,132.9,0.529,14.1,104.5,0.64
699821d4e161b702e08a6cff,10900093,1610612747,103.9,109.6,0.544,6.9,102.5,0.607
699821d4e161b702e08a6d00,10900089,1610612766,88.8,92.9,0.514,7.1,98,0.572
699821d4e161b702e08a6d01,10900094,1610612752,102,107.4,0.519,3.9,101.5,0.571
699821d4e161b702e08a6d02,10900088,1610612764,96.7,95.3,0.482,0,92.5,0.497
699821d4e161b702e08a6d03,10900088,1610612755,96.8,94.9,0.456,0,92.5,0.501
699821d4e161b702e08a6d04,10900094,1610612738,105.9,101,0.524,-3.9,101.5,0.554
699821d4e161b702e08a6d05,10900089,1610612749,95.9,89.1,0.468,-7.1,98,0.502
699821d4e161b702e08a6d06,10900093,1610612744,110.8,100.4,0.569,-6.9,102.5,0.591
699821d4e161b702e08a6d07,10900091,1610612758,136.2,121.6,0.541,-14.1,104.5,0.58
699821d4e161b702e08a6d08,10900092,1610612757,112.5,97.2,0.427,-11.5,96,0.534
699821d4e161b702e08a6d09,10900097,12303,108,93.3,0.466,-12,100,0.506
699821d4e161b702e08a6d0a,10900096,1610612760,120.2,100.8,0.511,-18.2,99.5,0.53
699821d4e161b702e08a6d0b,10900090,1610612750,120.6,93.1,0.445,-26.2,106.5,0.488
699821d4e161b702e08a6d0c,10900095,1610612742,107.9,72.8,0.364,-34.5,89.5,0.399
699821d4e161b702e08a6d0d,10900085,1610612737,102.2,122.1,0.61,20.7,92.5,0.645
699821d4e161b702e08a6d0e,10900087,1610612745,89.5,107.9,0.588,18.8,96,0.608
699821d4e161b702e08a6d0f,10900086,1610612741,106.3,103.3,0.52,-3.2,95,0.571
699821d4e161b702e08a6d10,10900086,1610612753,103.2,104,0.521,3.2,95,0.573
699821d4e161b702e08a6d11,10900087,1610612760,108.2,89.7,0.44,-18.8,96,0.484
699821d4e161b702e08a6d12,10900085,1610612764,122.8,99.5,0.458,-20.7,92.5,0.503
699821d4e161b702e08a6d13,10900080,1610612738,83.7,103.1,0.547,19.4,98,0.594
699821d4e161b702e08a6d14,10900084,1610612755,87.9,103.3,0.476,18.6,108,0.512
699821d4e161b702e08a6d15,10900081,1610612762,110.8,115,0.525,7.5,93,0.594
699821d4e161b702e08a6d16,10900079,1610612752,92.9,102.1,0.447,15.3,98,0.483
699821d4e161b702e08a6d17,10900082,1610612757,103.2,101.7,0.41,2.2,93,0.503
699821d4e161b702e08a6d18,10900083,1610612747,104.9,109.2,0.5,4.8,103.5,0.557
699821d4e161b702e08a6d19,10900083,1610612746,109.6,103.2,0.518,-4.8,103.5,0.565
699821d4e161b702e08a6d1a,10900082,1610612743,105.4,100.8,0.456,-2.2,93,0.544
699821d4e161b702e08a6d1b,10900079,12303,108.2,89.8,0.431,-15.3,98,0.493
699821d4e161b702e08a6d1c,10900081,1610612766,118.3,106,0.453,-7.5,93,0.559
699821d4e161b702e08a6d1d,10900084,1610612756,106.4,88.2,0.41,-18.6,108,0.454
699821d4e161b702e08a6d1e,10900080,1610612761,103.1,82.9,0.458,-19.4,98,0.495
699821d4e161b702e08a6d1f,10900077,1610612749,92.6,108,0.532,13.8,94.5,0.564
699821d4e161b702e08a6d20,10900073,1610612763,101.1,115,0.577,20,94,0.619
699821d4e161b702e08a6d21,10900078,1610612742,94.3,110.3,0.535,12.6,87,0.558
699821d4e161b702e08a6d22,10900076,1610612747,89.7,94.8,0.449,4.1,97,0.523
699821d4e161b702e08a6d23,10900072,1610612746,103.2,104,0.572,6.3,93.5,0.62
699821d4e161b702e08a6d24,10900074,1610612740,90.6,101,0.483,11.3,106,0.53
699821d4e161b702e08a6d25,10900075,1610612744,101,93.9,0.424,-6.1,99.5,0.494
699821d4e161b702e08a6d26,10900075,1610612758,94.9,96.8,0.459,6.1,99.5,0.514
699821d4e161b702e08a6d27,10900074,1610612754,101.9,88.7,0.445,-11.3,106,0.504
699821d4e161b702e08a6d28,10900072,1610612762,109.6,99.7,0.493,-6.3,93.5,0.538
699821d4e161b702e08a6d29,10900076,1610612766,93.8,87.6,0.41,-4.1,97,0.493
699821d4e161b702e08a6d2a,10900078,1610612739,106.9,94.1,0.426,-12.6,87,0.487
699821d4e161b702e08a6d2b,10900073,1610612765,121.1,98.1,0.472,-20,94,0.541
699821d4e161b702e08a6d2c,10900077,1610612750,106.3,91.7,0.436,-13.8,94.5,0.507
699821d4e161b702e08a6d2d,10900067,1610612754,101,112.4,0.554,15.7,102.5,0.573
699821d4e161b702e08a6d2e,10900071,1610612759,99,107.6,0.473,7.1,99,0.567
699821d4e161b702e08a6d2f,10900068,1610612741,90,94.9,0.446,3.1,100.5,0.511
699821d4e161b702e08a6d30,10900069,1610612756,105.6,106.3,0.494,1.9,107,0.552
699821d4e161b702e08a6d31,10900070,1610612752,87.3,88.8,0.457,2.2,103,0.476
699821d4e161b702e08a6d32,10900070,1610612751,89.4,84.2,0.407,-2.2,103,0.451
699821d4e161b702e08a6d33,10900069,1610612755,107.5,99.1,0.43,-1.9,107,0.495
699821d4e161b702e08a6d34,10900068,1610612750,93.1,88.4,0.388,-3.1,100.5,0.46
699821d4e161b702e08a6d35,10900071,1610612739,106.1,99.3,0.442,-7.1,99,0.523
699821d4e161b702e08a6d36,10900067,1610612745,116.7,97.6,0.413,-15.7,102.5,0.462
699821d4e161b702e08a6d37,10900065,1610612748,90,106.7,0.525,16.6,90.5,0.558
699821d4e161b702e08a6d38,10900066,1610612742,89.8,110.4,0.597,25.5,98,0.633
699821d4e161b702e08a6d39,10900063,1610612762,110.3,114.7,0.558,2.2,87.5,0.609
699821d4e161b702e08a6d3a,10900062,1610612745,110.9,119.6,0.637,13.1,100.5,0.662
699821d4e161b702e08a6d3b,10900064,1610612747,98.9,105.2,0.434,6.5,93,0.509
699821d4e161b702e08a6d3c,10900064,1610612758,105.4,99.4,0.453,-6.5,93,0.476
699821d4e161b702e08a6d3d,10900062,1610612761,124,105.2,0.511,-13.1,100.5,0.552
699821d4e161b702e08a6d3e,10900063,1610612757,112.5,107.4,0.452,-2.2,87.5,0.488
699821d4e161b702e08a6d3f,10900066,1610612765,115.3,88.9,0.443,-25.5,98,0.489
699821d4e161b702e08a6d40,10900065,1610612740,106.6,86.9,0.392,-16.6,90.5,0.459
699821d4e161b702e08a6d41,10900060,1610612738,97.8,112.9,0.494,16.2,92.5,0.553
699821d4e161b702e08a6d42,10900055,1610612764,109.5,112.8,0.609,5.3,95,0.659
699821d4e161b702e08a6d43,10900056,1610612737,99,115.1,0.56,16.7,96.5,0.614
699821d4e161b702e08a6d44,10900058,1610612760,104.6,104.9,0.493,4.5,87.5,0.562
699821d4e161b702e08a6d45,10900059,1610612756,103,108.6,0.567,3.8,102,0.577
699821d4e161b702e08a6d46,10900061,1610612746,102.3,104.3,0.553,3.4,88,0.566
699821d4e161b702e08a6d47,10900057,1610612741,94,97.9,0.482,6,99.5,0.52
699821d4e161b702e08a6d48,10900057,1610612750,100,91.7,0.403,-6,99.5,0.477
699821d4e161b702e08a6d49,10900061,1610612759,105.7,102.5,0.481,-3.4,88,0.513
699821d4e161b702e08a6d4a,10900059,1610612757,106.8,102.1,0.5,-3.8,102,0.531
699821d4e161b702e08a6d4b,10900058,1610612748,109.1,103.5,0.552,-4.5,87.5,0.607
699821d4e161b702e08a6d4c,10900056,1610612763,115.6,101,0.536,-16.7,96.5,0.571
699821d4e161b702e08a6d4d,10900055,1610612739,114.7,102.5,0.564,-5.3,95,0.581
699821d4e161b702e08a6d4e,10900060,1610612761,114,96.2,0.486,-16.2,92.5,0.532
699821d4e161b702e08a6d4f,10900053,1610612753,90.5,129.4,0.758,36.8,95,0.771
699821d4e161b702e08a6d50,10900054,1610612755,81,89.3,0.48,7.6,105,0.533
699821d4e161b702e08a6d51,10900051,1610612764,98,99.3,0.494,2,100.5,0.55
699821d4e161b702e08a6d52,10900050,1610612738,92.6,96.4,0.487,3.2,95,0.503
699821d4e161b702e08a6d53,10900052,1610612741,91.5,89.8,0.45,2.1,93.5,0.473
699821d4e161b702e08a6d54,10900052,1610612749,93.5,87.1,0.406,-2.1,93.5,0.44
699821d4e161b702e08a6d55,10900050,1610612751,95.8,89.5,0.456,-3.2,95,0.522
699821d4e161b702e08a6d56,10900051,1610612765,100,97.5,0.446,-2,100.5,0.497
699821d4e161b702e08a6d57,10900054,1610612752,88.6,80.2,0.346,-7.6,105,0.405
699821d4e161b702e08a6d58,10900053,1610612740,127.4,91.6,0.438,-36.8,95,0.513
699821d4e161b702e08a6d59,10900047,1610612753,85.6,103.7,0.553,18.5,97.5,0.584
699821d4e161b702e08a6d5a,10900046,1610612739,101.1,115.2,0.583,17,93.5,0.614
699821d4e161b702e08a6d5b,10900045,1610612737,95.7,112.6,0.507,18.1,94,0.575
699821d4e161b702e08a6d5c,10900048,1610612760,92.1,96.7,0.524,4.4,103.25,0.563
699821d4e161b702e08a6d5d,10900119,1610612746,118.2,119,0.56,7.1,99,0.613
699821d4e161b702e08a6d5e,10900049,1610612749,92,95.2,0.506,2.1,101,0.529
699821d4e161b702e08a6d5f,10900049,1610612745,94.1,88.2,0.399,-2.1,101,0.493
699821d4e161b702e08a6d60,10900119,1610612744,125.3,120.5,0.556,-7.1,99,0.622
699821d4e161b702e08a6d61,10900048,1610612756,96.5,90.1,0.427,-4.4,103.25,0.492
699821d4e161b702e08a6d62,10900045,1610612766,113.8,94,0.42,-18.1,94,0.525
699821d4e161b702e08a6d63,10900046,12320,118.1,98.2,0.525,-17,93.5,0.548
699821d4e161b702e08a6d64,10900047,1610612763,104.1,83.5,0.458,-18.5,97.5,0.497
699821d4e161b702e08a6d65,10900040,1610612738,95.9,99.9,0.5,5.1,98,0.574
699821d4e161b702e08a6d66,10900039,1610612743,101.8,109.2,0.494,13.5,110.5,0.581
699821d4e161b702e08a6d67,10900044,1610612742,105.9,114,0.526,5.8,101.5,0.594
699821d4e161b702e08a6d68,10900042,1610612759,104.5,99.1,0.507,1.1,89.5,0.547
699821d4e161b702e08a6d69,10900041,1610612761,96.9,99.4,0.4,7.3,96,0.512
699821d4e161b702e08a6d6a,10900043,1610612765,91,100.4,0.528,10,99.5,0.591
699821d4e161b702e08a6d6b,10900043,1610612737,101,92.6,0.401,-10,99.5,0.463
699821d4e161b702e08a6d6c,10900041,1610612764,104.2,93.7,0.458,-7.3,96,0.499
699821d4e161b702e08a6d6d,10900042,1610612748,105.6,99.1,0.482,-1.1,89.5,0.507
699821d4e161b702e08a6d6e,10900044,1610612763,111.8,99.5,0.524,-5.8,101.5,0.572
699821d4e161b702e08a6d6f,10900039,1610612754,115.3,96.7,0.467,-13.5,110.5,0.524
699821d4e161b702e08a6d70,10900040,1610612751,101,93.3,0.437,-5.1,98,0.502
699821d4e161b702e08a6d71,10900037,1610612739,99,104.8,0.482,6.2,97,0.541
699821d4e161b702e08a6d72,10900038,1610612749,91.5,99.3,0.488,10.6,95,0.529
699821d4e161b702e08a6d73,10900035,1610612744,93.5,97.1,0.464,2.8,108,0.536
699821d4e161b702e08a6d74,10900036,1610612740,92.9,104.5,0.428,10.6,85,0.493
699821d4e161b702e08a6d75,10900036,1610612760,103.5,90.8,0.399,-10.6,85,0.465
699821d4e161b702e08a6d76,10900035,1610612756,96.3,92.3,0.419,-2.8,108,0.457
699821d4e161b702e08a6d77,10900038,1610612741,102.1,89.3,0.458,-10.6,95,0.564
699821d4e161b702e08a6d78,10900037,1610612766,105.2,98.7,0.5,-6.2,97,0.563
699821d4e161b702e08a6d79,10900033,1610612759,93.7,111.5,0.586,18.9,95,0.63
699821d4e161b702e08a6d7a,10900034,1610612746,88.5,100.3,0.538,12.5,96,0.553
699821d4e161b702e08a6d7b,10900032,1610612738,80.4,93.5,0.494,14.7,101.5,0.524
699821d4e161b702e08a6d7c,10900031,1610612744,90.1,104.6,0.565,17.7,101.5,0.61
699821d4e161b702e08a6d7d,10900029,1610612753,106.1,113.5,0.538,8,98.5,0.585
699821d4e161b702e08a6d7e,10900030,1610612761,99,114.3,0.599,16.5,97.5,0.616
699821d4e161b702e08a6d7f,10900028,1610612742,109.5,116.1,0.518,8.7,104.5,0.603
699821d4e161b702e08a6d80,10900027,1610612755,101.1,100.9,0.429,1.1,91,0.494
699821d4e161b702e08a6d81,10900027,1610612751,102.2,96.4,0.52,-1.1,91,0.532
699821d4e161b702e08a6d82,10900028,1610612764,118.3,108,0.563,-8.7,104.5,0.59
699821d4e161b702e08a6d83,10900030,1610612750,115.5,96.2,0.411,-16.5,97.5,0.491
699821d4e161b702e08a6d84,10900029,1610612745,114.1,102.8,0.476,-8,98.5,0.53
699821d4e161b702e08a6d85,10900031,1610612747,107.8,88,0.486,-17.7,101.5,0.533
699821d4e161b702e08a6d86,10900032,1610612752,95,79.6,0.409,-14.7,101.5,0.446
699821d4e161b702e08a6d87,10900034,1610612757,101,86.9,0.414,-12.5,96,0.463
699821d4e161b702e08a6d88,10900033,12320,112.6,92.6,0.475,-18.9,95,0.511
699821d4e161b702e08a6d89,10900026,1610612762,91.6,112.4,0.607,22,95.5,0.641
699821d4e161b702e08a6d8a,10900025,1610612754,92.9,111.5,0.625,18.6,112.5,0.643
699821d4e161b702e08a6d8b,10900024,1610612766,101,108.5,0.492,8.1,99.5,0.597
699821d4e161b702e08a6d8c,10900024,1610612740,109.1,96.9,0.474,-8.1,99.5,0.547
699821d4e161b702e08a6d8d,10900025,1610612743,111.5,87.5,0.4,-18.6,112.5,0.477
699821d4e161b702e08a6d8e,10900026,12315,113.5,86.1,0.432,-22,95.5,0.5
699821d4e161b702e08a6d8f,10900018,1610612753,95.6,99.2,0.478,4.4,90,0.557
699821d4e161b702e08a6d90,10900021,1610612747,97.1,111.1,0.505,15.3,104.5,0.561
699821d4e161b702e08a6d91,10900020,1610612757,100,100.3,0.485,2.3,86.5,0.558
699821d4e161b702e08a6d92,10900019,1610612763,96.8,105.7,0.492,8.5,94,0.585
699821d4e161b702e08a6d93,10900017,1610612737,103,106.3,0.506,5,99.5,0.565
699821d4e161b702e08a6d94,10900022,1610612765,105.1,113.9,0.603,7.9,99.5,0.64
699821d4e161b702e08a6d95,10900023,1610612745,95.7,99.3,0.411,5.3,94.5,0.512
699821d4e161b702e08a6d96,10900016,1610612755,83.2,87.2,0.397,6.2,94.5,0.492
699821d4e161b702e08a6d97,10900016,1610612761,89.4,79.7,0.401,-6.2,94.5,0.433
699821d4e161b702e08a6d98,10900023,1610612738,101.1,92.6,0.451,-5.3,94.5,0.528
699821d4e161b702e08a6d99,10900022,1610612749,113,101.4,0.487,-7.9,99.5,0.556
699821d4e161b702e08a6d9a,10900017,1610612740,108,102.2,0.507,-5,99.5,0.581
699821d4e161b702e08a6d9b,10900019,1610612760,105.3,94.5,0.486,-8.5,94,0.54
699821d4e161b702e08a6d9c,10900020,1610612758,102.3,92.9,0.472,-2.3,86.5,0.521
699821d4e161b702e08a6d9d,10900021,1610612744,112.4,97.7,0.449,-15.3,104.5,0.541
699821d4e161b702e08a6d9e,10900018,1610612748,100,89.6,0.381,-4.4,90,0.453
699821d4e161b702e08a6d9f,10900011,1610612756,79.2,107.1,0.513,29.6,101.5,0.599
699821d4e161b702e08a6da0,10900015,1610612745,85.9,99.6,0.513,15.2,98.5,0.547
699821d4e161b702e08a6da1,10900012,1610612757,92.5,102.9,0.492,11.8,93.5,0.575
699821d4e161b702e08a6da2,10900013,1610612755,95.1,102.8,0.567,7.7,103.5,0.601
699821d4e161b702e08a6da3,10900010,1610612739,91.6,94.8,0.421,5.3,95,0.522
699821d4e161b702e08a6da4,10900009,1610612764,90.2,94.5,0.434,9.8,101.5,0.495
699821d4e161b702e08a6da5,10900014,1610612741,106.3,106.6,0.563,-0.1,95.5,0.603
699821d4e161b702e08a6da6,10900014,1610612762,106.3,107.4,0.46,0.1,95.5,0.543
699821d4e161b702e08a6da7,10900009,1610612763,100,88,0.426,-9.8,101.5,0.436
699821d4e161b702e08a6da8,10900010,1610612766,96.8,88.3,0.455,-5.3,95,0.497
699821d4e161b702e08a6da9,10900013,1610612761,102.9,93.2,0.446,-7.7,103.5,0.509
699821d4e161b702e08a6daa,10900012,1610612758,104.3,91.5,0.407,-11.8,93.5,0.467
699821d4e161b702e08a6dab,10900015,1610612759,101,81.4,0.409,-15.2,98.5,0.455
699821d4e161b702e08a6dac,10900011,12319,108.8,77,0.444,-29.6,101.5,0.513
699821d4e161b702e08a6dad,10900007,1610612765,91.8,94.9,0.492,6,89.5,0.546
699821d4e161b702e08a6dae,10900008,1610612753,108.2,110.6,0.5,4,97.5,0.559
699821d4e161b702e08a6daf,10900008,1610612742,112.2,103.9,0.437,-4,97.5,0.541
699821d4e161b702e08a6db0,10900007,1610612748,98.2,89.9,0.401,-6,89.5,0.475
699821d4e161b702e08a6db1,10900006,1610612750,102,112.9,0.532,11.6,102,0.668
699821d4e161b702e08a6db2,10900004,1610612752,99.1,107.1,0.506,8.4,107.5,0.556
699821d4e161b702e08a6db3,10900005,1610612744,98.1,104.4,0.471,7.8,102.5,0.527
699821d4e161b702e08a6db4,10900005,1610612746,105.9,98.9,0.56,-7.8,102.5,0.593
699821d4e161b702e08a6db5,10900004,1610612751,107.5,98.5,0.485,-8.4,107.5,0.578
699821d4e161b702e08a6db6,10900006,1610612749,113.6,100.3,0.487,-11.6,102,0.538
699821d4e161b702e08a6db7,10900003,1610612743,68,97.4,0.537,31.1,103,0.575
699821d4e161b702e08a6db8,10900003,12319,99,67.6,0.346,-31.1,103,0.424
699821d4e161b702e08a6db9,10900002,1610612741,96,104.2,0.435,10.2,98.5,0.521
699821d4e161b702e08a6dba,10900002,1610612754,106.1,95.3,0.479,-10.2,98.5,0.555
699821d4e161b702e08a6dbb,10900001,1610612762,90.6,107,0.475,15.6,96.5,0.509
699821d4e161b702e08a6dbc,10900001,1610612743,106.2,90.2,0.508,-15.6,96.5,0.561
699821d4e161b702e08a6dbd,41000406,1610612742,103.3,111.8,0.567,9.6,92.5,0.584
699821d4e161b702e08a6dbe,41000406,1610612748,112.9,100.5,0.521,-9.6,92.5,0.549
699821d4e161b702e08a6dbf,41000405,1610612742,117,127.4,0.659,8.8,88.5,0.692
699821d4e161b702e08a6dc0,41000405,1610612748,125.8,113.9,0.586,-8.8,88.5,0.632
699821d4e161b702e08a6dc1,41000404,1610612742,97.6,100.9,0.425,4.7,84.5,0.499
699821d4e161b702e08a6dc2,41000404,1610612748,102.4,97,0.44,-4.7,84.5,0.485
699821d4e161b702e08a6dc3,41000403,1610612742,102.3,102.5,0.457,-2.3,86,0.525
699821d4e161b702e08a6dc4,41000403,1610612748,100,99.3,0.487,2.3,86,0.52
699821d4e161b702e08a6dc5,41000402,1610612748,108,103.8,0.527,-4.6,89,0.556
699821d4e161b702e08a6dc6,41000402,1610612742,103.3,101.9,0.52,4.6,89,0.564
699821d4e161b702e08a6dc7,41000401,1610612748,101.2,105.2,0.456,7,84,0.503
699821d4e161b702e08a6dc8,41000401,1610612742,108.2,97.6,0.44,-7,84,0.518
699821d4e161b702e08a6dc9,41000305,1610612748,89.9,90.7,0.439,4.4,88.5,0.515
699821d4e161b702e08a6dca,41000305,1610612741,94.3,89.6,0.401,-4.4,88.5,0.443
699821d4e161b702e08a6dcb,41000315,1610612742,104.3,108.9,0.442,2,93,0.533
699821d4e161b702e08a6dcc,41000315,1610612760,106.4,105.5,0.457,-2,93,0.516
699821d4e161b702e08a6dcd,41000304,1610612748,93.9,101.3,0.46,8.1,89.66,0.551
699821d4e161b702e08a6dce,41000304,1610612741,102,85.6,0.437,-8.1,89.66,0.481
699821d4e161b702e08a6dcf,41000314,1610612742,101,105.5,0.481,4.7,95.09,0.57
699821d4e161b702e08a6dd0,41000314,1610612760,105.7,98.1,0.478,-4.7,95.09,0.52
699821d4e161b702e08a6dd1,41000303,1610612748,98.8,113.3,0.53,12.8,86,0.602
699821d4e161b702e08a6dd2,41000303,1610612741,111.6,98.6,0.448,-12.8,86,0.493
699821d4e161b702e08a6dd3,41000313,1610612742,95.6,100.1,0.482,5.5,91.5,0.517
699821d4e161b702e08a6dd4,41000313,1610612760,101.1,94.7,0.372,-5.5,91.5,0.484
699821d4e161b702e08a6dd5,41000312,1610612760,113.6,121.2,0.607,8.2,87.5,0.651
699821d4e161b702e08a6dd6,41000312,1610612742,121.8,112.9,0.494,-8.2,87.5,0.552
699821d4e161b702e08a6dd7,41000302,1610612748,89.3,101.7,0.493,9.6,85,0.541
699821d4e161b702e08a6dd8,41000302,1610612741,98.8,86.8,0.36,-9.6,85,0.401
699821d4e161b702e08a6dd9,41000311,1610612742,123.1,128.9,0.596,8.4,91.5,0.681
699821d4e161b702e08a6dda,41000311,1610612760,131.5,120.5,0.521,-8.4,91.5,0.616
699821d4e161b702e08a6ddb,41000227,1610612760,104.7,121.9,0.552,17.4,86,0.603
699821d4e161b702e08a6ddc,41000301,1610612741,98.8,118.7,0.494,23.8,83.5,0.538
699821d4e161b702e08a6ddd,41000301,1610612748,122.6,96.9,0.493,-23.8,83.5,0.55
699821d4e161b702e08a6dde,41000227,1610612763,122.1,99.6,0.426,-17.4,86,0.467
699821d4e161b702e08a6ddf,41000226,1610612763,89.2,98.3,0.464,12.9,93,0.513
699821d4e161b702e08a6de0,41000226,1610612760,102.2,87.8,0.446,-12.9,93,0.491
699821d4e161b702e08a6de1,41000206,1610612741,86.9,107.6,0.552,22.5,84.5,0.571
699821d4e161b702e08a6de2,41000206,1610612737,109.4,82,0.372,-22.5,84.5,0.429
699821d4e161b702e08a6de3,41000225,1610612760,79.1,109.7,0.532,30.9,90.5,0.567
699821d4e161b702e08a6de4,41000215,1610612748,98.9,106.9,0.514,11.4,88,0.566
699821d4e161b702e08a6de5,41000215,1610612738,110.2,98,0.545,-11.4,88,0.574
699821d4e161b702e08a6de6,41000225,1610612763,110,75.7,0.372,-30.9,90.5,0.409
699821d4e161b702e08a6de7,41000205,1610612741,101.2,111.3,0.514,16.1,81.5,0.563
699821d4e161b702e08a6de8,41000205,1610612737,117.3,101.9,0.486,-16.1,81.5,0.529
699821d4e161b702e08a6de9,41000224,1610612760,105.1,111.8,0.479,6.6,89.9,0.568
699821d4e161b702e08a6dea,41000214,1610612748,92.8,99.7,0.462,9.3,87.4,0.537
699821d4e161b702e08a6deb,41000214,1610612738,102.1,92.1,0.464,-9.3,87.4,0.544
699821d4e161b702e08a6dec,41000224,1610612763,111.8,99.5,0.387,-6.6,89.9,0.478
699821d4e161b702e08a6ded,41000234,1610612742,92.5,127.9,0.74,38.7,93,0.75
699821d4e161b702e08a6dee,41000204,1610612737,98.9,104.4,0.519,12.2,89.5,0.557
699821d4e161b702e08a6def,41000204,1610612741,111.1,96.8,0.429,-12.2,89.5,0.49
699821d4e161b702e08a6df0,41000234,1610612747,131.2,91.1,0.409,-38.7,93,0.46
699821d4e161b702e08a6df1,41000213,1610612738,97.6,114.8,0.561,19.3,83,0.595
699821d4e161b702e08a6df2,41000223,1610612763,94.9,102.7,0.394,7.1,89.21,0.462
699821d4e161b702e08a6df3,41000223,1610612760,102,93.8,0.387,-7.1,89.21,0.451
699821d4e161b702e08a6df4,41000213,1610612748,116.9,96,0.459,-19.3,83,0.498
699821d4e161b702e08a6df5,41000203,1610612741,100,122.3,0.532,19.3,82.5,0.569
699821d4e161b702e08a6df6,41000233,1610612742,109.5,114.3,0.552,4.4,85,0.614
699821d4e161b702e08a6df7,41000233,1610612747,114,106.8,0.494,-4.4,85,0.522
699821d4e161b702e08a6df8,41000203,1610612737,119.3,97.6,0.479,-19.3,82.5,0.506
699821d4e161b702e08a6df9,41000202,1610612741,83.9,93.6,0.423,13.8,87.5,0.468
699821d4e161b702e08a6dfa,41000232,1610612742,94.2,103.1,0.469,12.7,86.5,0.515
699821d4e161b702e08a6dfb,41000232,1610612747,106.9,91.2,0.422,-12.7,86.5,0.441
699821d4e161b702e08a6dfc,41000202,1610612737,97.7,81.5,0.357,-13.8,87.5,0.417
699821d4e161b702e08a6dfd,41000212,1610612748,102.2,114.8,0.5,13.7,88.5,0.561
699821d4e161b702e08a6dfe,41000222,1610612760,108.5,116.2,0.583,9.6,94,0.641
699821d4e161b702e08a6dff,41000222,1610612763,118.1,105.2,0.468,-9.6,94,0.543
699821d4e161b702e08a6e00,41000212,1610612738,115.9,100.4,0.468,-13.7,88.5,0.513
699821d4e161b702e08a6e01,41000201,1610612737,108,117.3,0.558,9.1,88,0.593
699821d4e161b702e08a6e02,41000231,1610612742,102.2,106.9,0.551,2.2,92,0.573
699821d4e161b702e08a6e03,41000231,1610612747,104.3,101.3,0.458,-2.2,92,0.506
699821d4e161b702e08a6e04,41000201,1610612741,117,104.3,0.494,-9.1,88,0.528
699821d4e161b702e08a6e05,41000221,1610612763,108.6,123.5,0.511,14,93,0.563
699821d4e161b702e08a6e06,41000211,1610612748,98.9,104.1,0.537,9.9,91,0.603
699821d4e161b702e08a6e07,41000211,1610612738,108.8,100.1,0.507,-9.9,91,0.543
699821d4e161b702e08a6e08,41000221,1610612760,122.6,107.4,0.487,-14,93,0.548
699821d4e161b702e08a6e09,41000146,1610612763,104.6,114.8,0.527,9.2,87,0.574
699821d4e161b702e08a6e0a,41000146,1610612759,113.8,97.7,0.465,-9.2,87,0.499
699821d4e161b702e08a6e0b,41000156,1610612747,94.1,116.1,0.493,19.8,85.5,0.574
699821d4e161b702e08a6e0c,41000166,1610612742,114.3,121.6,0.538,6.9,84.5,0.587
699821d4e161b702e08a6e0d,41000136,1610612753,102.4,96.8,0.47,-3.7,82,0.528
699821d4e161b702e08a6e0e,41000136,1610612737,98.8,95.9,0.443,3.7,82,0.491
699821d4e161b702e08a6e0f,41000166,1610612757,121.2,116.4,0.475,-6.9,84.5,0.531
699821d4e161b702e08a6e10,41000156,1610612740,114,93.1,0.45,-19.8,85.5,0.513
699821d4e161b702e08a6e11,41000175,1610612760,100,101.5,0.402,2,97.5,0.498
699821d4e161b702e08a6e12,41000145,1610612759,100,105.7,0.5,5.8,93.74,0.555
699821d4e161b702e08a6e13,41000115,1610612748,105.8,112.8,0.475,8.3,85.5,0.533
699821d4e161b702e08a6e14,41000115,1610612755,114.1,101.7,0.482,-8.3,85.5,0.503
699821d4e161b702e08a6e15,41000145,1610612763,105.8,98.9,0.489,-5.8,93.74,0.53
699821d4e161b702e08a6e16,41000175,1610612743,102,95.8,0.513,-2,97.5,0.556
699821d4e161b702e08a6e17,41000105,1610612741,95.7,115,0.566,29,93,0.611
699821d4e161b702e08a6e18,41000135,1610612753,85.4,111.3,0.476,26.8,89.5,0.527
699821d4e161b702e08a6e19,41000155,1610612747,100,118.8,0.54,19.1,89.5,0.601
699821d4e161b702e08a6e1a,41000155,1610612740,119.1,97.6,0.567,-19.1,89.5,0.59
699821d4e161b702e08a6e1b,41000135,1610612737,112.2,85.3,0.391,-26.8,89.5,0.457
699821d4e161b702e08a6e1c,41000105,1610612754,124.7,95.2,0.439,-29,93,0.521
699821d4e161b702e08a6e1d,41000165,1610612742,94.3,107.6,0.429,12.6,87,0.498
699821d4e161b702e08a6e1e,41000144,1610612763,96.6,115.2,0.537,20.2,89,0.576
699821d4e161b702e08a6e1f,41000174,1610612760,109.5,105.6,0.487,-4.3,95.5,0.545
699821d4e161b702e08a6e20,41000174,1610612743,105.2,106.8,0.44,4.3,95.5,0.508
699821d4e161b702e08a6e21,41000144,1610612759,116.9,96.5,0.5,-20.2,89,0.53
699821d4e161b702e08a6e22,41000165,1610612757,106.9,92.8,0.459,-12.6,87,0.498
699821d4e161b702e08a6e23,41000124,1610612738,90.8,100.4,0.512,12.2,98,0.552
699821d4e161b702e08a6e24,41000134,1610612737,91.4,94.8,0.507,5.3,92,0.525
699821d4e161b702e08a6e25,41000154,1610612740,106,110.9,0.473,6,83,0.541
699821d4e161b702e08a6e26,41000114,1610612755,94.3,94.5,0.456,3.5,87.5,0.5
699821d4e161b702e08a6e27,41000114,1610612748,97.7,94,0.417,-3.5,87.5,0.47
699821d4e161b702e08a6e28,41000154,1610612747,112,103.3,0.458,-6,83,0.516
699821d4e161b702e08a6e29,41000134,1610612753,96.7,89.7,0.405,-5.3,92,0.463
699821d4e161b702e08a6e2a,41000124,1610612752,103.1,87.8,0.386,-12.2,98,0.444
699821d4e161b702e08a6e2b,41000164,1610612757,98.8,101.1,0.449,2.4,83,0.531
699821d4e161b702e08a6e2c,41000173,1610612760,96.9,98.1,0.4,2.1,97.5,0.49
699821d4e161b702e08a6e2d,41000104,1610612741,101.1,91.7,0.396,-6.8,88.5,0.454
699821d4e161b702e08a6e2e,41000143,1610612759,100,96.6,0.427,-3.3,91,0.494
699821d4e161b702e08a6e2f,41000143,1610612763,96.7,97.1,0.449,3.3,91,0.501
699821d4e161b702e08a6e30,41000104,1610612754,94.4,95.7,0.424,6.8,88.5,0.474
699821d4e161b702e08a6e31,41000173,1610612743,99,93.3,0.41,-2.1,97.5,0.481
699821d4e161b702e08a6e32,41000164,1610612742,101.2,94.9,0.474,-2.4,83,0.51
699821d4e161b702e08a6e33,41000123,1610612738,102.1,114.7,0.59,16.8,94.5,0.624
699821d4e161b702e08a6e34,41000153,1610612747,102.4,116.9,0.533,16.7,84,0.578
699821d4e161b702e08a6e35,41000133,1610612753,107.3,102.1,0.479,-6.1,82.5,0.511
699821d4e161b702e08a6e36,41000133,1610612737,101.2,100.7,0.457,6.1,82.5,0.492
699821d4e161b702e08a6e37,41000153,1610612740,119,100.5,0.472,-16.7,84,0.521
699821d4e161b702e08a6e38,41000123,1610612752,118.9,99.7,0.493,-16.8,94.5,0.543
699821d4e161b702e08a6e39,41000163,1610612757,105.7,111.2,0.533,5.7,87,0.576
699821d4e161b702e08a6e3a,41000103,1610612741,96.6,97.9,0.451,4.6,87,0.525
699821d4e161b702e08a6e3b,41000113,1610612748,111.9,118.8,0.481,7.1,84,0.542
699821d4e161b702e08a6e3c,41000113,1610612755,119,106.4,0.494,-7.1,84,0.52
699821d4e161b702e08a6e3d,41000103,1610612754,101.1,92.4,0.385,-4.6,87,0.442
699821d4e161b702e08a6e3e,41000163,1610612742,111.5,105.6,0.581,-5.7,87,0.589
699821d4e161b702e08a6e3f,41000152,1610612747,91.8,101.5,0.474,9.4,85.5,0.508
699821d4e161b702e08a6e40,41000172,1610612760,96.7,112.4,0.5,17.2,92.5,0.562
699821d4e161b702e08a6e41,41000142,1610612759,89.7,96.8,0.486,8.2,96,0.534
699821d4e161b702e08a6e42,41000142,1610612763,97.9,86.3,0.415,-8.2,96,0.449
699821d4e161b702e08a6e43,41000172,1610612743,114,97.5,0.442,-17.2,92.5,0.522
699821d4e161b702e08a6e44,41000152,1610612740,101.2,86.6,0.42,-9.4,85.5,0.469
699821d4e161b702e08a6e45,41000162,1610612742,106,121,0.539,12.9,84.5,0.578
699821d4e161b702e08a6e46,41000132,1610612753,94.3,98,0.378,6.9,87,0.469
699821d4e161b702e08a6e47,41000122,1610612738,104.5,105.4,0.506,4.6,88.5,0.533
699821d4e161b702e08a6e48,41000122,1610612752,109.1,98,0.4,-4.6,88.5,0.456
699821d4e161b702e08a6e49,41000132,1610612737,101.1,90.6,0.438,-6.9,87,0.463
699821d4e161b702e08a6e4a,41000162,1610612757,118.8,106.1,0.538,-12.9,84.5,0.571
699821d4e161b702e08a6e4b,41000112,1610612748,83.9,105.9,0.493,22.9,87.5,0.555
699821d4e161b702e08a6e4c,41000102,1610612741,93.8,96,0.416,5.2,96.5,0.49
699821d4e161b702e08a6e4d,41000102,1610612754,99,91.9,0.455,-5.2,96.5,0.506
699821d4e161b702e08a6e4e,41000112,1610612755,106.8,82.2,0.38,-22.9,87.5,0.416
699821d4e161b702e08a6e4f,41000151,1610612740,109.9,117.8,0.544,7.3,92,0.583
699821d4e161b702e08a6e50,41000121,1610612738,101.2,95.7,0.469,0,85,0.495
699821d4e161b702e08a6e51,41000141,1610612763,107.7,109.2,0.597,4.5,90.5,0.619
699821d4e161b702e08a6e52,41000171,1610612760,109.6,114.7,0.552,6.7,93,0.599
699821d4e161b702e08a6e53,41000171,1610612743,116.3,105.6,0.532,-6.7,93,0.563
699821d4e161b702e08a6e54,41000141,1610612759,112.2,109.3,0.443,-4.5,90.5,0.54
699821d4e161b702e08a6e55,41000121,1610612752,101.2,98.8,0.474,0,85,0.5
699821d4e161b702e08a6e56,41000151,1610612747,117.2,108.1,0.5,-7.3,92,0.565
699821d4e161b702e08a6e57,41000131,1610612737,105.7,112.2,0.554,11.4,88,0.594
699821d4e161b702e08a6e58,41000111,1610612748,102.3,107.6,0.446,7.9,87.5,0.532
699821d4e161b702e08a6e59,41000161,1610612742,97.6,108.9,0.485,9.6,83,0.565
699821d4e161b702e08a6e5a,41000101,1610612741,112.5,115.5,0.476,3.1,89,0.541
699821d4e161b702e08a6e5b,41000101,1610612754,115.6,109.4,0.524,-3.1,89,0.541
699821d4e161b702e08a6e5c,41000161,1610612757,107.2,95.6,0.474,-9.6,83,0.496
699821d4e161b702e08a6e5d,41000111,1610612755,110.2,100.5,0.453,-7.9,87.5,0.486
699821d4e161b702e08a6e5e,41000131,1610612753,117,99.8,0.493,-11.4,88,0.527
699821d4e161b702e08a6e5f,11000111,1610612766,72.5,107.3,0.53,36.3,91,0.594
699821d4e161b702e08a6e60,11000112,1610612741,75.5,105.9,0.507,28.6,98,0.578
699821d4e161b702e08a6e61,11000114,1610612743,103.9,138.2,0.718,38.7,101.5,0.757
699821d4e161b702e08a6e62,11000116,1610612762,79.8,90.5,0.467,13.4,88.5,0.502
699821d4e161b702e08a6e63,11000120,1610612749,106.3,100.4,0.483,-2.7,102.34,0.565
699821d4e161b702e08a6e64,11000118,1610612763,106.2,107.3,0.553,3.1,97,0.565
699821d4e161b702e08a6e65,11000117,1610612742,103.2,105.8,0.53,3.4,92,0.553
699821d4e161b702e08a6e66,11000115,1610612752,106.9,102,0.558,-3.9,100.5,0.613
699821d4e161b702e08a6e67,11000113,1610612747,98.1,100.3,0.465,2.9,94.19,0.532
699821d4e161b702e08a6e68,11000113,1610612744,101,98.8,0.507,-2.9,94.19,0.572
699821d4e161b702e08a6e69,11000115,1610612761,103,106.1,0.505,3.9,100.5,0.541
699821d4e161b702e08a6e6a,11000117,1610612745,106.6,103,0.519,-3.4,92,0.55
699821d4e161b702e08a6e6b,11000118,1610612765,109.3,106.4,0.494,-3.1,97,0.555
699821d4e161b702e08a6e6c,11000120,1610612750,103.5,106.3,0.466,2.7,102.34,0.536
699821d4e161b702e08a6e6d,11000116,1610612758,93.2,76.1,0.396,-13.4,88.5,0.437
699821d4e161b702e08a6e6e,11000114,1610612756,142.6,102,0.467,-38.7,101.5,0.515
699821d4e161b702e08a6e6f,11000112,1610612754,104.1,76.1,0.381,-28.6,98,0.415
699821d4e161b702e08a6e70,11000111,1610612737,108.8,72.9,0.36,-36.3,91,0.42
699821d4e161b702e08a6e71,11000107,1610612760,92.5,106.6,0.5,16.1,93,0.563
699821d4e161b702e08a6e72,11000106,1610612747,99,120.4,0.619,22.2,99.5,0.64
699821d4e161b702e08a6e73,11000110,1610612737,91.8,98.1,0.465,9.3,97,0.506
699821d4e161b702e08a6e74,11000108,1610612757,94.3,98.8,0.438,6.8,88.5,0.494
699821d4e161b702e08a6e75,11000109,1610612759,109.6,111.6,0.512,7.3,94.5,0.57
699821d4e161b702e08a6e76,11000105,1610612739,83.7,88.9,0.433,7.5,91.5,0.498
699821d4e161b702e08a6e77,11000105,1610612749,91.2,84.5,0.462,-7.5,91.5,0.475
699821d4e161b702e08a6e78,11000109,1610612745,116.8,109.6,0.532,-7.3,94.5,0.579
699821d4e161b702e08a6e79,11000108,1610612743,101.1,96.2,0.397,-6.8,88.5,0.486
699821d4e161b702e08a6e7a,11000110,1610612748,101,89,0.411,-9.3,97,0.474
699821d4e161b702e08a6e7b,11000106,1610612744,121.2,98.2,0.441,-22.2,99.5,0.482
699821d4e161b702e08a6e7c,11000107,1610612740,108.6,89.2,0.421,-16.1,93,0.46
699821d4e161b702e08a6e7d,11000101,1610612753,80.9,104.9,0.532,26.6,94,0.565
699821d4e161b702e08a6e7e,11000102,1610612755,89.2,113.3,0.549,27.6,101.5,0.583
699821d4e161b702e08a6e7f,11000104,1610612738,100,112,0.601,15.1,92.5,0.633
699821d4e161b702e08a6e80,11000100,1610612766,99,105.5,0.5,8.2,89.21,0.574
699821d4e161b702e08a6e81,11000103,1610612741,103,108.5,0.532,7,100,0.589
699821d4e161b702e08a6e82,11000103,1610612761,110,102.1,0.488,-7,100,0.537
699821d4e161b702e08a6e83,11000100,1610612740,107.1,96.8,0.526,-8.2,89.21,0.562
699821d4e161b702e08a6e84,11000104,1610612751,115.1,98.5,0.486,-15.1,92.5,0.558
699821d4e161b702e08a6e85,11000102,1610612752,116.8,90.8,0.398,-27.6,101.5,0.473
699821d4e161b702e08a6e86,11000101,1610612742,107.4,77.6,0.387,-26.6,94,0.442
699821d4e161b702e08a6e87,11000092,1610612739,99,116.4,0.617,16.7,96,0.65
699821d4e161b702e08a6e88,11000093,1610612743,122.3,132.5,0.628,14.5,94.5,0.677
699821d4e161b702e08a6e89,11000097,1610612756,85.3,89.7,0.406,4.9,102,0.457
699821d4e161b702e08a6e8a,11000095,1610612762,86,94.5,0.426,10.4,85.5,0.508
699821d4e161b702e08a6e8b,11000094,1610612765,93.9,99.1,0.487,7.2,97.5,0.545
699821d4e161b702e08a6e8c,11000099,1610612752,105.7,108.4,0.545,6.8,104.5,0.604
699821d4e161b702e08a6e8d,11000098,1610612746,101.1,97.5,0.513,-4.1,96,0.538
699821d4e161b702e08a6e8e,11000096,1610612754,107.8,102.8,0.535,3.5,104.15,0.564
699821d4e161b702e08a6e8f,11000096,1610612750,111.3,105.9,0.459,-3.5,104.15,0.525
699821d4e161b702e08a6e90,11000098,1610612758,96.9,92.8,0.42,4.1,96,0.483
699821d4e161b702e08a6e91,11000099,1610612751,112.5,104.8,0.5,-6.8,104.5,0.55
699821d4e161b702e08a6e92,11000094,1610612764,101,93.9,0.436,-7.2,97.5,0.495
699821d4e161b702e08a6e93,11000095,1610612747,96.5,86.2,0.372,-10.4,85.5,0.426
699821d4e161b702e08a6e94,11000097,1610612744,90.2,81.6,0.355,-4.9,102,0.397
699821d4e161b702e08a6e95,11000093,1610612760,136.8,118.4,0.518,-14.5,94.5,0.574
699821d4e161b702e08a6e96,11000092,1610612755,115.6,97.1,0.425,-16.7,96,0.48
699821d4e161b702e08a6e97,11000087,1610612753,83.9,115.5,0.593,34.7,86.5,0.62
699821d4e161b702e08a6e98,11000089,1610612744,79.6,101.1,0.469,23.5,97.5,0.521
699821d4e161b702e08a6e99,11000088,1610612763,96.8,100.2,0.529,4.2,94.5,0.566
699821d4e161b702e08a6e9a,11000090,1610612766,106.7,111.6,0.613,6.7,90,0.659
699821d4e161b702e08a6e9b,11000091,1610612760,105.2,115.4,0.512,9.3,97,0.571
699821d4e161b702e08a6e9c,11000091,1610612759,114.4,102.7,0.476,-9.3,97,0.535
699821d4e161b702e08a6e9d,11000090,1610612748,113.3,104.4,0.439,-6.7,90,0.54
699821d4e161b702e08a6e9e,11000088,1610612740,101.1,93.7,0.44,-4.2,94.5,0.468
699821d4e161b702e08a6e9f,11000089,1610612757,103.1,80.2,0.399,-23.5,97.5,0.474
699821d4e161b702e08a6ea0,11000087,1610612737,118.6,83.2,0.327,-34.7,86.5,0.402
699821d4e161b702e08a6ea1,11000086,1610612762,102.2,107.4,0.529,4.3,92.5,0.602
699821d4e161b702e08a6ea2,11000082,1610612761,97.1,115.9,0.505,22.7,102,0.543
699821d4e161b702e08a6ea3,11000085,1610612752,86.5,86.9,0.439,1.1,104.5,0.47
699821d4e161b702e08a6ea4,11000083,1610612743,105.1,108.7,0.558,4,99,0.64
699821d4e161b702e08a6ea5,11000084,1610612750,110.1,115.9,0.569,5.1,99,0.617
699821d4e161b702e08a6ea6,11000084,1610612749,115.2,109.2,0.522,-5.1,99,0.621
699821d4e161b702e08a6ea7,11000083,1610612746,109.1,102.1,0.54,-4,99,0.566
699821d4e161b702e08a6ea8,11000085,1610612764,87.6,84.8,0.44,-1.1,104.5,0.463
699821d4e161b702e08a6ea9,11000082,1610612756,119.8,100.7,0.494,-22.7,102,0.536
699821d4e161b702e08a6eaa,11000086,1610612747,106.5,101.1,0.429,-4.3,92.5,0.511
699821d4e161b702e08a6eab,11000074,1610612753,76.1,114.2,0.667,41.8,88.5,0.683
699821d4e161b702e08a6eac,11000073,1610612763,80.2,94.5,0.444,14.6,96,0.493
699821d4e161b702e08a6ead,11000080,1610612759,86.7,110.2,0.5,23.5,98,0.529
699821d4e161b702e08a6eae,11000071,1610612762,96.8,108.8,0.561,11.6,94.5,0.588
699821d4e161b702e08a6eaf,11000072,1610612766,100,102.2,0.5,4.3,93.5,0.585
699821d4e161b702e08a6eb0,11000076,1610612738,91.3,101.2,0.514,14.1,92,0.578
699821d4e161b702e08a6eb1,11000078,1610612747,96,103.3,0.526,8.1,98.5,0.575
699821d4e161b702e08a6eb2,11000081,1610612745,94.4,103.3,0.5,12.3,89.5,0.546
699821d4e161b702e08a6eb3,11000079,1610612737,79.6,88.5,0.442,11.7,92.5,0.5
699821d4e161b702e08a6eb4,11000075,1610612757,107.1,120.7,0.594,13.3,98,0.636
699821d4e161b702e08a6eb5,11000077,12308,101.2,104.5,0.54,3.5,86,0.554
699821d4e161b702e08a6eb6,11000077,1610612739,104.7,96.5,0.457,-3.5,86,0.523
699821d4e161b702e08a6eb7,11000075,1610612744,120.4,107.1,0.545,-13.3,98,0.59
699821d4e161b702e08a6eb8,11000079,1610612740,91.3,76.9,0.397,-11.7,92.5,0.45
699821d4e161b702e08a6eb9,11000081,1610612751,106.7,92.5,0.467,-12.3,89.5,0.506
699821d4e161b702e08a6eba,11000078,1610612743,104.1,96.1,0.474,-8.1,98.5,0.528
699821d4e161b702e08a6ebb,11000076,1610612752,105.4,89.6,0.45,-14.1,92,0.507
699821d4e161b702e08a6ebc,11000072,1610612765,104.3,93.5,0.464,-4.3,93.5,0.497
699821d4e161b702e08a6ebd,11000071,1610612746,108.4,96.3,0.564,-11.6,94.5,0.587
699821d4e161b702e08a6ebe,11000080,95,110.2,84.3,0.415,-23.5,98,0.439
699821d4e161b702e08a6ebf,11000073,1610612749,94.8,77.8,0.382,-14.6,96,0.443
699821d4e161b702e08a6ec0,11000074,1610612741,118,75.4,0.324,-41.8,88.5,0.39
699821d4e161b702e08a6ec1,11000070,1610612750,89.8,95.9,0.494,11.2,98,0.531
699821d4e161b702e08a6ec2,11000067,1610612742,98.1,98.7,0.418,2.8,97.36,0.507
699821d4e161b702e08a6ec3,11000069,1610612738,112,116.1,0.572,3.8,100.5,0.631
699821d4e161b702e08a6ec4,11000068,1610612754,101,103,0.5,1,98,0.561
699821d4e161b702e08a6ec5,11000068,1610612740,102,93.9,0.455,-1,98,0.525
699821d4e161b702e08a6ec6,11000069,1610612761,115.8,110.4,0.461,-3.8,100.5,0.521
699821d4e161b702e08a6ec7,11000067,1610612741,100.9,95.9,0.457,-2.8,97.36,0.503
699821d4e161b702e08a6ec8,11000070,1610612765,101,85.6,0.364,-11.2,98,0.474
699821d4e161b702e08a6ec9,11000065,1610612739,87.9,117,0.558,28.6,91,0.605
699821d4e161b702e08a6eca,11000064,1610612749,89.8,95.1,0.41,8.2,98,0.528
699821d4e161b702e08a6ecb,11000061,1610612760,96.7,106.1,0.664,8.7,92,0.67
699821d4e161b702e08a6ecc,11000063,1610612762,98,106.3,0.5,10,99.5,0.554
699821d4e161b702e08a6ecd,11000062,1610612753,83,95.9,0.494,13.7,88.5,0.52
699821d4e161b702e08a6ece,11000060,1610612763,104,107,0.551,5,101,0.599
699821d4e161b702e08a6ecf,11000066,1610612743,93.1,90.2,0.39,4.9,102,0.495
699821d4e161b702e08a6ed0,11000066,1610612746,98,89,0.372,-4.9,102,0.462
699821d4e161b702e08a6ed1,11000060,95,108.9,101.7,0.545,-5,101,0.563
699821d4e161b702e08a6ed2,11000062,1610612766,96.6,81.8,0.445,-13.7,88.5,0.498
699821d4e161b702e08a6ed3,11000063,1610612756,108,97.8,0.486,-10,99.5,0.556
699821d4e161b702e08a6ed4,11000061,12308,105.4,94.3,0.5,-8.7,92,0.547
699821d4e161b702e08a6ed5,11000064,1610612764,98,87.4,0.458,-8.2,98,0.47
699821d4e161b702e08a6ed6,11000065,1610612759,116.5,88.2,0.414,-28.6,91,0.441
699821d4e161b702e08a6ed7,11000054,1610612754,78.9,89.4,0.462,10.2,109.5,0.507
699821d4e161b702e08a6ed8,11000059,1610612745,88,97.3,0.487,10.9,92,0.539
699821d4e161b702e08a6ed9,11000056,1610612740,88.4,107.3,0.424,15.1,86.5,0.512
699821d4e161b702e08a6eda,11000058,1610612738,99,100.7,0.532,2,102.5,0.576
699821d4e161b702e08a6edb,11000055,1610612747,99,99.8,0.476,2.1,96.5,0.504
699821d4e161b702e08a6edc,11000057,1610612761,97.5,98.1,0.48,3.4,98.07,0.507
699821d4e161b702e08a6edd,11000053,1610612765,109.8,103.8,0.547,-4.3,91.5,0.582
699821d4e161b702e08a6ede,11000053,1610612742,105.5,110.2,0.576,4.3,91.5,0.569
699821d4e161b702e08a6edf,11000057,1610612755,100.8,95,0.442,-3.4,98.07,0.495
699821d4e161b702e08a6ee0,11000055,1610612758,101,98,0.432,-2.1,96.5,0.511
699821d4e161b702e08a6ee1,11000058,1610612752,101,93.1,0.473,-2,102.5,0.54
699821d4e161b702e08a6ee2,11000056,1610612748,103.4,87.8,0.477,-15.1,86.5,0.531
699821d4e161b702e08a6ee3,11000059,1610612751,98.9,86.2,0.405,-10.9,92,0.45
699821d4e161b702e08a6ee4,11000054,1610612750,89.1,77.6,0.362,-10.2,109.5,0.406
699821d4e161b702e08a6ee5,11000049,1610612758,93.3,109.5,0.519,18.3,104,0.605
699821d4e161b702e08a6ee6,11000044,1610612741,97.8,117.1,0.566,19.4,92.5,0.605
699821d4e161b702e08a6ee7,11000046,1610612763,95,113.8,0.687,19.8,101,0.675
699821d4e161b702e08a6ee8,11000051,1610612748,95.5,101.9,0.52,13.6,88.5,0.563
699821d4e161b702e08a6ee9,11000050,1610612764,104.5,120.9,0.608,17,88,0.619
699821d4e161b702e08a6eea,11000045,1610612750,97.3,110.2,0.494,12.6,111,0.572
699821d4e161b702e08a6eeb,11000047,1610612755,100,109.2,0.541,13.2,91.5,0.597
699821d4e161b702e08a6eec,11000048,1610612762,97.1,104.1,0.463,6.9,102,0.548
699821d4e161b702e08a6eed,11000052,1610612746,98,94.7,0.494,-1,102,0.535
699821d4e161b702e08a6eee,11000052,1610612759,97.1,94.2,0.435,1,102,0.471
699821d4e161b702e08a6eef,11000048,1610612756,104,98.1,0.5,-6.9,102,0.527
699821d4e161b702e08a6ef0,11000047,1610612738,113.2,100.3,0.548,-13.2,91.5,0.615
699821d4e161b702e08a6ef1,11000045,1610612743,109.9,95,0.453,-12.6,111,0.547
699821d4e161b702e08a6ef2,11000050,1610612737,121.6,100.4,0.566,-17,88,0.557
699821d4e161b702e08a6ef3,11000051,12308,109.1,95,0.5,-13.6,88.5,0.579
699821d4e161b702e08a6ef4,11000046,1610612760,114.9,91.6,0.461,-19.8,101,0.517
699821d4e161b702e08a6ef5,11000044,1610612761,117.2,94.7,0.527,-19.4,92.5,0.549
699821d4e161b702e08a6ef6,11000049,1610612744,111.5,88,0.434,-18.3,104,0.504
699821d4e161b702e08a6ef7,11000042,1610612739,80.6,85.6,0.4,5.2,98.5,0.493
699821d4e161b702e08a6ef8,11000043,1610612765,91.4,99.5,0.547,8.6,93.5,0.57
699821d4e161b702e08a6ef9,11000041,1610612762,112.4,114.8,0.549,10.1,89,0.606
699821d4e161b702e08a6efa,11000041,1610612757,122.5,114,0.508,-10.1,89,0.612
699821d4e161b702e08a6efb,11000043,1610612737,100,93,0.493,-8.6,93.5,0.535
699821d4e161b702e08a6efc,11000042,1610612742,85.9,80.5,0.387,-5.2,98.5,0.42
699821d4e161b702e08a6efd,11000039,1610612753,84.4,138.8,0.754,56.3,96,0.773
699821d4e161b702e08a6efe,11000038,1610612739,94.9,101.9,0.507,7.2,97.5,0.561
699821d4e161b702e08a6eff,11000037,1610612738,93.5,96.2,0.561,2.2,94,0.594
699821d4e161b702e08a6f00,11000040,1610612744,86,95.7,0.429,8.1,100.5,0.488
699821d4e161b702e08a6f01,11000040,1610612758,94.1,83.2,0.396,-8.1,100.5,0.433
699821d4e161b702e08a6f02,11000037,1610612761,95.8,87.1,0.428,-2.2,94,0.458
699821d4e161b702e08a6f03,11000038,1610612745,102.1,90.3,0.456,-7.2,97.5,0.474
699821d4e161b702e08a6f04,11000039,1610612740,140.6,79.7,0.371,-56.3,96,0.428
699821d4e161b702e08a6f05,11000032,1610612745,96.8,128,0.597,35.8,95,0.634
699821d4e161b702e08a6f06,11000036,1610612759,77.7,93.6,0.466,19.1,93.5,0.522
699821d4e161b702e08a6f07,11000035,1610612763,93.8,102.5,0.455,8.4,95.5,0.529
699821d4e161b702e08a6f08,11000033,1610612756,91.8,97.3,0.438,7.2,98.5,0.501
699821d4e161b702e08a6f09,11000034,1610612766,96.6,88,0.385,-9,89,0.445
699821d4e161b702e08a6f0a,11000031,1610612755,89.1,85.3,0.366,-1,101,0.453
699821d4e161b702e08a6f0b,11000031,1610612751,88.1,86.9,0.479,1,101,0.526
699821d4e161b702e08a6f0c,11000034,1610612749,87.6,91.7,0.404,9,89,0.474
699821d4e161b702e08a6f0d,11000033,1610612742,99,86.7,0.434,-7.2,98.5,0.49
699821d4e161b702e08a6f0e,11000035,1610612740,102.1,92.7,0.433,-8.4,95.5,0.488
699821d4e161b702e08a6f0f,11000036,1610612748,96.8,77.1,0.403,-19.1,93.5,0.447
699821d4e161b702e08a6f10,11000032,1610612754,132.6,93.5,0.452,-35.8,95,0.498
699821d4e161b702e08a6f11,11000029,1610612744,83.7,124.1,0.646,37.3,104.5,0.695
699821d4e161b702e08a6f12,11000026,1610612743,104.2,114.5,0.574,10.5,95,0.598
699821d4e161b702e08a6f13,11000025,1610612741,99,108.3,0.581,10.2,97.5,0.596
699821d4e161b702e08a6f14,11000027,1610612753,86.9,92.2,0.422,7.1,99,0.485
699821d4e161b702e08a6f15,11000030,1610612748,101.1,101,0.463,7.4,95,0.537
699821d4e161b702e08a6f16,11000028,1610612765,106.8,107.4,0.565,3.8,93.74,0.611
699821d4e161b702e08a6f17,11000028,1610612749,110.6,106.7,0.482,-3.8,93.74,0.555
699821d4e161b702e08a6f18,11000030,1610612760,108.4,100.8,0.411,-7.4,95,0.538
699821d4e161b702e08a6f19,11000027,1610612754,93.9,84.4,0.388,-7.1,99,0.468
699821d4e161b702e08a6f1a,11000025,1610612764,109.2,98.4,0.532,-10.2,97.5,0.542
699821d4e161b702e08a6f1b,11000026,1610612757,114.7,102.9,0.5,-10.5,95,0.52
699821d4e161b702e08a6f1c,11000029,1610612746,121,80.8,0.427,-37.3,104.5,0.455
699821d4e161b702e08a6f1d,11000020,1610612746,91.7,125.4,0.572,30.8,97,0.621
699821d4e161b702e08a6f1e,11000018,1610612764,83,94.4,0.426,15,99.5,0.472
699821d4e161b702e08a6f1f,11000024,12304,88.9,94,0.462,2.2,100,0.512
699821d4e161b702e08a6f20,11000023,1610612745,90.6,91.1,0.432,4.1,95.5,0.501
699821d4e161b702e08a6f21,11000022,1610612742,95.4,99.3,0.407,5.7,87,0.496
699821d4e161b702e08a6f22,11000021,1610612762,104.3,109.6,0.538,4.3,92,0.58
699821d4e161b702e08a6f23,11000019,1610612751,102.1,91.6,0.436,-6.3,95,0.52
699821d4e161b702e08a6f24,11000017,1610612763,101.8,103.3,0.481,4.6,98.26,0.591
699821d4e161b702e08a6f25,11000017,1610612737,106.5,97.9,0.545,-4.6,98.26,0.576
699821d4e161b702e08a6f26,11000019,1610612738,95.8,97.8,0.475,6.3,95,0.515
699821d4e161b702e08a6f27,11000021,1610612757,108.7,101.8,0.507,-4.3,92,0.543
699821d4e161b702e08a6f28,11000022,1610612741,101.1,94.4,0.467,-5.7,87,0.5
699821d4e161b702e08a6f29,11000023,1610612759,94.7,85.5,0.391,-4.1,95.5,0.432
699821d4e161b702e08a6f2a,11000024,1610612747,91.1,85.7,0.341,-2.2,100,0.433
699821d4e161b702e08a6f2b,11000018,1610612739,98,77.6,0.371,-15,99.5,0.432
699821d4e161b702e08a6f2c,11000020,1610612758,122.4,89.9,0.413,-30.8,97,0.468
699821d4e161b702e08a6f2d,11000014,1610612761,72.9,120.3,0.543,48.8,106.5,0.613
699821d4e161b702e08a6f2e,11000015,1610612738,69.1,102.3,0.459,30.9,93.5,0.582
699821d4e161b702e08a6f2f,11000016,1610612750,87.7,92.8,0.444,6.1,113.5,0.529
699821d4e161b702e08a6f30,11000013,1610612763,87.6,86.3,0.5,1.1,97.5,0.519
699821d4e161b702e08a6f31,11000012,1610612760,98.9,99.6,0.444,3.2,94.5,0.503
699821d4e161b702e08a6f32,11000012,1610612766,102.1,95.8,0.515,-3.2,94.5,0.574
699821d4e161b702e08a6f33,11000013,1610612754,88.8,86.9,0.435,-1.1,97.5,0.473
699821d4e161b702e08a6f34,11000016,1610612752,93.8,87.7,0.45,-6.1,113.5,0.495
699821d4e161b702e08a6f35,11000015,1610612755,100,67,0.284,-30.9,93.5,0.401
699821d4e161b702e08a6f36,11000014,1610612756,121.7,73.9,0.399,-48.8,106.5,0.441
699821d4e161b702e08a6f37,11000008,1610612757,90.5,120.1,0.584,30.5,95,0.641
699821d4e161b702e08a6f38,11000004,1610612739,73.5,90.2,0.383,15.3,98,0.471
699821d4e161b702e08a6f39,11000011,1610612748,98.9,114.7,0.57,17.8,90,0.586
699821d4e161b702e08a6f3a,11000009,1610612758,95,110.2,0.552,12.9,100.5,0.574
699821d4e161b702e08a6f3b,11000006,1610612749,91.2,100.1,0.531,9.9,91,0.598
699821d4e161b702e08a6f3c,11000005,1610612753,90.7,99.4,0.532,8.3,97.5,0.567
699821d4e161b702e08a6f3d,11000007,1610612751,100,108,0.563,8.4,95.5,0.596
699821d4e161b702e08a6f3e,11000010,1610612764,92.2,95.3,0.5,2.9,102,0.54
699821d4e161b702e08a6f3f,11000010,1610612742,95.1,90.9,0.469,-2.9,102,0.514
699821d4e161b702e08a6f40,11000007,1610612755,108.4,101.5,0.389,-8.4,95.5,0.513
699821d4e161b702e08a6f41,11000005,1610612745,99,90.5,0.421,-8.3,97.5,0.493
699821d4e161b702e08a6f42,11000006,1610612741,101.1,91.4,0.445,-9.9,91,0.484
699821d4e161b702e08a6f43,11000009,1610612756,107.9,93.9,0.5,-12.9,100.5,0.545
699821d4e161b702e08a6f44,11000011,1610612765,116.7,97.5,0.475,-17.8,90,0.555
699821d4e161b702e08a6f45,11000004,1610612766,88.8,71.5,0.329,-15.3,98,0.38
699821d4e161b702e08a6f46,11000008,1610612746,121.1,87.6,0.473,-30.5,95,0.517
699821d4e161b702e08a6f47,11000003,1610612750,92.9,109.8,0.595,19.2,99,0.63
699821d4e161b702e08a6f48,11000003,1610612747,112.1,93.4,0.468,-19.2,99,0.492
699821d4e161b702e08a6f49,11000002,1610612751,72.2,111.9,0.545,40.3,96.5,0.584
699821d4e161b702e08a6f4a,11000001,1610612752,105.6,113.8,0.658,10.1,107.5,0.704
699821d4e161b702e08a6f4b,11000001,94,101.1,105.4,0.528,-9,123.71,0.607
699821d4e161b702e08a6f4c,11000002,93,112.5,71.4,0.346,-40.3,96.5,0.393
699821d4e161b702e08a6f4d,41100405,1610612748,110.4,124.1,0.61,15.6,96,0.661
699821d4e161b702e08a6f4e,41100405,1610612760,126,104.5,0.477,-15.6,96,0.538
699821d4e161b702e08a6f4f,41100404,1610612748,108.9,114.3,0.544,5.4,90.5,0.578
699821d4e161b702e08a6f50,41100404,1610612760,114.3,106.5,0.506,-5.4,90.5,0.55
699821d4e161b702e08a6f51,41100403,1610612748,95.5,100.7,0.405,6.7,89,0.509
699821d4e161b702e08a6f52,41100403,1610612760,102.2,93.9,0.455,-6.7,89,0.485
699821d4e161b702e08a6f53,41100402,1610612748,107.9,111.1,0.513,4.5,89,0.575
699821d4e161b702e08a6f54,41100402,1610612760,112.4,105,0.487,-4.5,89,0.531
699821d4e161b702e08a6f55,41100401,1610612760,105.6,118.1,0.552,13.7,88.5,0.591
699821d4e161b702e08a6f56,41100401,1610612748,119.3,104.5,0.513,-13.7,88.5,0.547
699821d4e161b702e08a6f57,41100307,1610612748,103.5,117.6,0.579,13.9,85.5,0.617
699821d4e161b702e08a6f58,41100307,1610612738,117.4,100.5,0.507,-13.9,85.5,0.539
699821d4e161b702e08a6f59,41100306,1610612748,89.8,111.8,0.533,21.6,88,0.572
699821d4e161b702e08a6f5a,41100306,1610612738,111.4,88,0.433,-21.6,88,0.471
699821d4e161b702e08a6f5b,41100316,1610612760,106.5,113.1,0.569,8.6,93,0.625
699821d4e161b702e08a6f5c,41100316,1610612759,115.1,104.3,0.506,-8.6,93,0.539
699821d4e161b702e08a6f5d,41100305,1610612738,94.7,97,0.444,4.2,95,0.506
699821d4e161b702e08a6f5e,41100305,1610612748,98.9,93.8,0.433,-4.2,95,0.484
699821d4e161b702e08a6f5f,41100315,1610612760,105.1,106.8,0.55,4,98.5,0.599
699821d4e161b702e08a6f60,41100315,1610612759,109.1,104.4,0.52,-4,98.5,0.588
699821d4e161b702e08a6f61,41100304,1610612748,98.9,90.5,0.463,-4.1,86.04,0.502
699821d4e161b702e08a6f62,41100304,1610612738,94.8,95.1,0.465,4.1,86.04,0.496
699821d4e161b702e08a6f63,41100314,1610612760,113.2,116.9,0.596,6.6,91,0.625
699821d4e161b702e08a6f64,41100314,1610612759,119.8,111.9,0.567,-6.6,91,0.578
699821d4e161b702e08a6f65,41100303,1610612738,105.8,115.5,0.533,10.3,86.5,0.578
699821d4e161b702e08a6f66,41100303,1610612748,116.1,100.2,0.526,-10.3,86.5,0.53
699821d4e161b702e08a6f67,41100313,1610612760,91.1,111.5,0.489,22.2,90,0.534
699821d4e161b702e08a6f68,41100313,1610612759,113.3,89.5,0.467,-22.2,90,0.496
699821d4e161b702e08a6f69,41100302,1610612748,115.6,116.5,0.506,5.4,86.49,0.555
699821d4e161b702e08a6f6a,41100302,1610612738,121.1,118.4,0.525,-5.4,86.49,0.592
699821d4e161b702e08a6f6b,41100312,1610612759,115.6,120.7,0.622,8.1,96.5,0.642
699821d4e161b702e08a6f6c,41100312,1610612760,123.7,113.5,0.466,-8.1,96.5,0.534
699821d4e161b702e08a6f6d,41100301,1610612748,95.2,111.9,0.535,15.5,83.5,0.566
699821d4e161b702e08a6f6e,41100301,1610612738,110.7,88.5,0.42,-15.5,83.5,0.438
699821d4e161b702e08a6f6f,41100311,1610612759,100,102,0.506,3.1,98,0.537
699821d4e161b702e08a6f70,41100311,1610612760,103.1,100.9,0.476,-3.1,98,0.526
699821d4e161b702e08a6f71,41100217,1610612738,83.3,90.7,0.445,10.1,90.5,0.514
699821d4e161b702e08a6f72,41100217,1610612755,93.4,82.6,0.381,-10.1,90.5,0.422
699821d4e161b702e08a6f73,41100206,1610612748,108.1,116.9,0.586,11.2,87,0.619
699821d4e161b702e08a6f74,41100206,1610612754,119.3,100.5,0.529,-11.2,87,0.577
699821d4e161b702e08a6f75,41100216,1610612755,85.2,93.9,0.464,6.9,88.5,0.498
699821d4e161b702e08a6f76,41100216,1610612738,92.1,82.3,0.353,-6.9,88.5,0.426
699821d4e161b702e08a6f77,41100205,1610612748,95.4,129.6,0.679,35.3,87.5,0.695
699821d4e161b702e08a6f78,41100205,1610612754,130.7,86.4,0.371,-35.3,87.5,0.419
699821d4e161b702e08a6f79,41100215,1610612738,97.7,115.4,0.543,21.1,86,0.605
699821d4e161b702e08a6f7a,41100235,1610612760,93.8,107.1,0.483,17.8,95.5,0.525
699821d4e161b702e08a6f7b,41100235,1610612747,111.6,94.3,0.467,-17.8,95.5,0.521
699821d4e161b702e08a6f7c,41100215,1610612755,118.8,100,0.487,-21.1,86,0.506
699821d4e161b702e08a6f7d,41100204,1610612748,100,108.2,0.506,7.4,93.5,0.547
699821d4e161b702e08a6f7e,41100224,1610612759,110,112.2,0.569,4.6,89.5,0.608
699821d4e161b702e08a6f7f,41100224,1610612746,114.6,106,0.5,-4.6,89.5,0.525
699821d4e161b702e08a6f80,41100204,1610612754,107.4,96.3,0.462,-7.4,93.5,0.519
699821d4e161b702e08a6f81,41100234,1610612760,114.9,119.8,0.532,2.1,87.5,0.585
699821d4e161b702e08a6f82,41100223,1610612759,92.5,102.1,0.52,9.7,93.5,0.552
699821d4e161b702e08a6f83,41100223,1610612746,102.1,93.6,0.481,-9.7,93.5,0.489
699821d4e161b702e08a6f84,41100234,1610612747,117,111.4,0.459,-2.1,87.5,0.506
699821d4e161b702e08a6f85,41100233,1610612747,104.3,108.2,0.414,2.1,92.5,0.559
699821d4e161b702e08a6f86,41100214,1610612755,92.2,100.2,0.409,10,90,0.47
699821d4e161b702e08a6f87,41100214,1610612738,102.2,90.8,0.472,-10,90,0.523
699821d4e161b702e08a6f88,41100233,1610612760,106.5,105.1,0.422,-2.1,92.5,0.504
699821d4e161b702e08a6f89,41100203,1610612754,86.2,111.7,0.487,21.8,87,0.546
699821d4e161b702e08a6f8a,41100222,1610612759,101.1,114.8,0.595,18.2,87.5,0.607
699821d4e161b702e08a6f8b,41100222,1610612746,119.3,101,0.563,-18.2,87.5,0.602
699821d4e161b702e08a6f8c,41100203,1610612748,108,84.3,0.397,-21.8,87,0.436
699821d4e161b702e08a6f8d,41100213,1610612738,104.6,119.8,0.552,15.6,88,0.599
699821d4e161b702e08a6f8e,41100232,1610612760,90.4,92.7,0.464,0.2,84,0.506
699821d4e161b702e08a6f8f,41100232,1610612747,90.6,85.1,0.397,-0.2,84,0.446
699821d4e161b702e08a6f90,41100213,1610612755,120.2,102.6,0.457,-15.6,88,0.502
699821d4e161b702e08a6f91,41100221,1610612759,94.8,112.2,0.569,17.7,96.5,0.605
699821d4e161b702e08a6f92,41100202,1610612754,84.3,85.8,0.399,4.4,88.5,0.454
699821d4e161b702e08a6f93,41100202,1610612748,88.6,84.5,0.353,-4.4,88.5,0.413
699821d4e161b702e08a6f94,41100221,1610612746,112.5,95.1,0.5,-17.7,96.5,0.518
699821d4e161b702e08a6f95,41100231,1610612760,100,132.6,0.572,32.2,90,0.621
699821d4e161b702e08a6f96,41100212,1610612755,88,88.9,0.441,1.1,92,0.481
699821d4e161b702e08a6f97,41100212,1610612738,89.1,84.4,0.468,-1.1,92,0.488
699821d4e161b702e08a6f98,41100231,1610612747,132.2,100.4,0.475,-32.2,90,0.514
699821d4e161b702e08a6f99,41100201,1610612748,91.5,99.2,0.407,9.6,94,0.486
699821d4e161b702e08a6f9a,41100177,1610612746,80,89,0.41,10.1,90.5,0.465
699821d4e161b702e08a6f9b,41100177,1610612763,90.1,76.9,0.325,-10.1,90.5,0.397
699821d4e161b702e08a6f9c,41100201,1610612754,101.1,89.3,0.429,-9.6,94,0.481
699821d4e161b702e08a6f9d,41100167,1610612747,101.2,111.5,0.455,10.5,86,0.484
699821d4e161b702e08a6f9e,41100211,1610612738,96.8,97.5,0.451,1.1,94,0.509
699821d4e161b702e08a6f9f,41100211,1610612755,97.9,97,0.47,-1.1,94,0.501
699821d4e161b702e08a6fa0,41100167,1610612743,111.6,95.4,0.433,-10.5,86,0.457
699821d4e161b702e08a6fa1,41100176,1610612746,102.3,101.1,0.456,-1.1,87.5,0.489
699821d4e161b702e08a6fa2,41100176,1610612763,101.1,93.9,0.474,1.1,87.5,0.506
699821d4e161b702e08a6fa3,41100166,1610612743,101.1,112.5,0.571,17.9,95,0.574
699821d4e161b702e08a6fa4,41100136,1610612738,95.2,97,0.432,3.6,84,0.491
699821d4e161b702e08a6fa5,41100106,1610612755,92.9,94.3,0.438,3.5,83,0.483
699821d4e161b702e08a6fa6,41100106,1610612741,96.3,88.4,0.388,-3.5,83,0.437
699821d4e161b702e08a6fa7,41100136,1610612737,98.8,90.5,0.455,-3.6,84,0.485
699821d4e161b702e08a6fa8,41100166,1610612747,118.9,100.8,0.446,-17.9,95,0.499
699821d4e161b702e08a6fa9,41100175,1610612763,93,103.4,0.444,14,86,0.529
699821d4e161b702e08a6faa,41100115,1610612748,106.8,117.8,0.494,13.6,88,0.57
699821d4e161b702e08a6fab,41100115,1610612752,120.5,106.5,0.5,-13.6,88,0.551
699821d4e161b702e08a6fac,41100175,1610612746,107,90.1,0.421,-14,86,0.483
699821d4e161b702e08a6fad,41100125,1610612754,101.2,112.7,0.579,22.4,85.5,0.596
699821d4e161b702e08a6fae,41100105,1610612741,75,82.1,0.445,8.7,92,0.443
699821d4e161b702e08a6faf,41100165,1610612743,104.2,106.4,0.476,3.2,95,0.526
699821d4e161b702e08a6fb0,41100135,1610612738,100,96,0.481,-2.3,87.5,0.514
699821d4e161b702e08a6fb1,41100135,1610612737,97.7,102.2,0.514,2.3,87.5,0.55
699821d4e161b702e08a6fb2,41100165,1610612747,107.4,102.7,0.439,-3.2,95,0.488
699821d4e161b702e08a6fb3,41100105,1610612755,83.7,75.4,0.333,-8.7,92,0.39
699821d4e161b702e08a6fb4,41100125,1610612753,123.5,100.7,0.493,-22.4,85.5,0.516
699821d4e161b702e08a6fb5,41100174,1610612746,105.4,105.6,0.48,2,84.23,0.54
699821d4e161b702e08a6fb6,41100144,1610612762,94.6,84.9,0.364,-7.5,92.5,0.407
699821d4e161b702e08a6fb7,41100144,1610612759,87.1,92.4,0.446,7.5,92.5,0.499
699821d4e161b702e08a6fb8,41100174,1610612763,107.4,104.4,0.458,-2,84.23,0.511
699821d4e161b702e08a6fb9,41100134,1610612738,86.8,110.1,0.581,24.2,91,0.589
699821d4e161b702e08a6fba,41100114,1610612748,95.7,93.1,0.432,-1.1,92.5,0.492
699821d4e161b702e08a6fbb,41100164,1610612747,102.3,103.5,0.483,7.2,85,0.49
699821d4e161b702e08a6fbc,41100104,1610612755,90.1,99.3,0.424,8.8,90.5,0.48
699821d4e161b702e08a6fbd,41100104,1610612741,98.9,87.1,0.418,-8.8,90.5,0.45
699821d4e161b702e08a6fbe,41100164,1610612743,109.5,99.7,0.471,-7.2,85,0.482
699821d4e161b702e08a6fbf,41100114,1610612752,94.6,92.9,0.46,1.1,92.5,0.507
699821d4e161b702e08a6fc0,41100134,1610612737,111,84.5,0.434,-24.2,91,0.473
699821d4e161b702e08a6fc1,41100143,1610612759,96.8,111.3,0.531,14.1,92.5,0.569
699821d4e161b702e08a6fc2,41100154,1610612760,106.6,113.4,0.58,7.9,90.5,0.615
699821d4e161b702e08a6fc3,41100173,1610612763,97.8,94.3,0.431,-2.2,89.5,0.523
699821d4e161b702e08a6fc4,41100124,1610612754,103.1,104.3,0.5,1,87.4,0.544
699821d4e161b702e08a6fc5,41100124,1610612753,104.1,99.7,0.453,-1,87.4,0.509
699821d4e161b702e08a6fc6,41100173,1610612746,95.6,93.3,0.529,2.2,89.5,0.523
699821d4e161b702e08a6fc7,41100154,1610612742,114.4,105.9,0.481,-7.9,90.5,0.542
699821d4e161b702e08a6fc8,41100143,1610612762,110.9,95.3,0.427,-14.1,92.5,0.448
699821d4e161b702e08a6fc9,41100133,1610612738,84.8,90.9,0.43,5.2,90.11,0.5
699821d4e161b702e08a6fca,41100163,1610612743,94.4,108.6,0.43,14.4,90,0.48
699821d4e161b702e08a6fcb,41100103,1610612755,88.1,90.3,0.349,3.8,85,0.436
699821d4e161b702e08a6fcc,41100103,1610612741,91.9,84.9,0.4,-3.8,85,0.435
699821d4e161b702e08a6fcd,41100163,1610612747,108.8,92.3,0.41,-14.4,90,0.472
699821d4e161b702e08a6fce,41100133,1610612737,90,81.9,0.4,-5.2,90.11,0.435
699821d4e161b702e08a6fcf,41100113,1610612748,82.4,97,0.507,18.8,85.5,0.56
699821d4e161b702e08a6fd0,41100153,1610612760,85.9,103.8,0.494,16.3,92.5,0.514
699821d4e161b702e08a6fd1,41100153,1610612742,102.2,83.7,0.388,-16.3,92.5,0.452
699821d4e161b702e08a6fd2,41100113,1610612752,101.2,79.8,0.348,-18.8,85.5,0.428
699821d4e161b702e08a6fd3,41100142,1610612759,87.4,122.1,0.634,32.6,95,0.66
699821d4e161b702e08a6fd4,41100123,1610612754,85.1,110.5,0.519,26.4,87,0.552
699821d4e161b702e08a6fd5,41100172,1610612763,107.7,117.8,0.493,9,90.5,0.57
699821d4e161b702e08a6fd6,41100172,1610612746,116.7,106.6,0.634,-9,90.5,0.654
699821d4e161b702e08a6fd7,41100123,1610612753,111.5,81.4,0.458,-26.4,87,0.469
699821d4e161b702e08a6fd8,41100142,1610612762,120,85.5,0.35,-32.6,95,0.415
699821d4e161b702e08a6fd9,41100132,1610612738,87,91,0.449,7.6,92,0.533
699821d4e161b702e08a6fda,41100102,1610612755,105.7,125.9,0.622,22.5,86,0.644
699821d4e161b702e08a6fdb,41100162,1610612747,106.4,105.9,0.458,3.1,94.5,0.494
699821d4e161b702e08a6fdc,41100162,1610612743,109.5,105.6,0.462,-3.1,94.5,0.497
699821d4e161b702e08a6fdd,41100102,1610612741,128.2,102.3,0.488,-22.5,86,0.5
699821d4e161b702e08a6fde,41100132,1610612737,94.6,85.3,0.386,-7.6,92,0.436
699821d4e161b702e08a6fdf,41100122,1610612754,91.8,106.5,0.442,17.6,85,0.521
699821d4e161b702e08a6fe0,41100112,1610612748,113.3,121.1,0.582,9.1,84,0.613
699821d4e161b702e08a6fe1,41100152,1610612760,105.3,107.2,0.485,3.2,94,0.606
699821d4e161b702e08a6fe2,41100152,1610612742,108.5,104.1,0.449,-3.2,94,0.532
699821d4e161b702e08a6fe3,41100112,1610612752,122.4,108.8,0.526,-9.1,84,0.551
699821d4e161b702e08a6fe4,41100122,1610612753,109.4,89.3,0.408,-17.6,85,0.462
699821d4e161b702e08a6fe5,41100161,1610612747,94.6,111.2,0.535,17.3,92.5,0.556
699821d4e161b702e08a6fe6,41100141,1610612759,97.8,110,0.512,16.1,93,0.55
699821d4e161b702e08a6fe7,41100171,1610612746,107.7,108.6,0.539,2.3,90.5,0.575
699821d4e161b702e08a6fe8,41100131,1610612737,85.1,95.1,0.454,10.3,87,0.487
699821d4e161b702e08a6fe9,41100131,1610612738,95.4,85.3,0.39,-10.3,87,0.422
699821d4e161b702e08a6fea,41100171,1610612763,110,107.8,0.512,-2.3,90.5,0.527
699821d4e161b702e08a6feb,41100141,1610612762,114,98.7,0.447,-16.1,93,0.51
699821d4e161b702e08a6fec,41100161,1610612743,112,91.8,0.378,-17.3,92.5,0.432
699821d4e161b702e08a6fed,41100111,1610612748,77,113,0.543,39.3,86.5,0.592
699821d4e161b702e08a6fee,41100101,1610612741,95.8,106.7,0.551,11.5,95.5,0.582
699821d4e161b702e08a6fef,41100121,1610612753,88.5,92.2,0.451,5.7,86.5,0.472
699821d4e161b702e08a6ff0,41100151,1610612760,104.3,106.7,0.519,3.4,93,0.564
699821d4e161b702e08a6ff1,41100151,1610612742,107.6,104.3,0.5,-3.4,93,0.551
699821d4e161b702e08a6ff2,41100121,1610612754,94.2,82.2,0.368,-5.7,86.5,0.398
699821d4e161b702e08a6ff3,41100101,1610612755,107.3,95.1,0.404,-11.5,95.5,0.471
699821d4e161b702e08a6ff4,41100111,1610612752,116.3,77.2,0.407,-39.3,86.5,0.448
699821d4e161b702e08a6ff5,11100029,1610612743,85,106.8,0.458,26.1,99.5,0.539
699821d4e161b702e08a6ff6,11100030,1610612737,79.8,95,0.42,19.1,93.5,0.495
699821d4e161b702e08a6ff7,11100030,1610612766,98.9,77.7,0.421,-19.1,93.5,0.465
699821d4e161b702e08a6ff8,11100029,1610612756,111.1,82.5,0.411,-26.1,99.5,0.457
699821d4e161b702e08a6ff9,11100022,1610612740,87.9,102.2,0.467,16.5,91,0.522
699821d4e161b702e08a6ffa,11100024,1610612738,78.5,86.2,0.406,9.5,92.5,0.482
699821d4e161b702e08a6ffb,11100027,1610612759,101.1,102.2,0.566,2.1,94,0.607
699821d4e161b702e08a6ffc,11100025,1610612752,82.8,86.7,0.382,6.1,99,0.425
699821d4e161b702e08a6ffd,11100028,1610612746,112,113.4,0.53,8,91,0.561
699821d4e161b702e08a6ffe,11100026,1610612750,85.7,87.2,0.457,1.9,97.5,0.522
699821d4e161b702e08a6fff,11100023,1610612762,92.7,95.4,0.447,2.1,96.5,0.509
699821d4e161b702e08a7000,11100021,1610612753,96.2,95.6,0.553,2.9,104.5,0.566
699821d4e161b702e08a7001,11100021,1610612748,99,95.9,0.436,-2.9,104.5,0.536
699821d4e161b702e08a7002,11100023,1610612757,94.8,90.7,0.399,-2.1,96.5,0.478
699821d4e161b702e08a7003,11100026,1610612749,87.6,85.6,0.469,-1.9,97.5,0.466
699821d4e161b702e08a7004,11100028,1610612747,120,113,0.63,-8,91,0.651
699821d4e161b702e08a7005,11100025,1610612751,88.9,80.9,0.415,-6.1,99,0.435
699821d4e161b702e08a7006,11100027,1610612745,103.2,100,0.474,-2.1,94,0.54
699821d4e161b702e08a7007,11100024,1610612761,88,78.6,0.331,-9.5,92.5,0.406
699821d4e161b702e08a7008,11100022,1610612763,104.4,82.5,0.402,-16.5,91,0.445
699821d4e161b702e08a7009,11100017,1610612741,96.6,106.2,0.526,9.1,88,0.556
699821d4e161b702e08a700a,11100018,1610612743,103.8,114.7,0.566,14.9,106.5,0.589
699821d4e161b702e08a700b,11100015,1610612755,93.1,101.7,0.465,6.9,101,0.553
699821d4e161b702e08a700c,11100019,1610612760,89.2,94.7,0.465,3.3,93.5,0.479
699821d4e161b702e08a700d,11100016,1610612765,91.8,91.4,0.429,2,96.5,0.532
699821d4e161b702e08a700e,11100020,1610612744,93.1,87.8,0.406,-3.9,102,0.461
699821d4e161b702e08a700f,11100020,1610612758,89.2,91.4,0.521,3.9,102,0.553
699821d4e161b702e08a7010,11100016,1610612739,93.8,93.1,0.468,-2,96.5,0.491
699821d4e161b702e08a7011,11100019,1610612742,92.6,87.6,0.456,-3.3,93.5,0.49
699821d4e161b702e08a7012,11100015,1610612764,100,89.7,0.36,-6.9,101,0.417
699821d4e161b702e08a7013,11100018,1610612756,118.7,100.3,0.478,-14.9,106.5,0.521
699821d4e161b702e08a7014,11100017,1610612754,105.7,92.3,0.391,-9.1,88,0.438
699821d4e161b702e08a7015,11100013,1610612757,93.8,114.8,0.597,20.8,96,0.641
699821d4e161b702e08a7016,11100014,1610612746,101.1,117,0.567,20.2,94,0.61
699821d4e161b702e08a7017,11100012,1610612766,87.5,89.9,0.388,3.3,87.5,0.449
699821d4e161b702e08a7018,11100012,1610612737,90.8,84.7,0.399,-3.3,87.5,0.443
699821d4e161b702e08a7019,11100014,1610612747,121.3,98.9,0.5,-20.2,94,0.559
699821d4e161b702e08a701a,11100013,1610612762,114.6,93.1,0.422,-20.8,96,0.496
699821d4e161b702e08a701b,11100010,1610612748,90.4,121.1,0.633,37.8,93,0.683
699821d4e161b702e08a701c,11100011,1610612760,97.9,115.2,0.655,13.7,94.5,0.726
699821d4e161b702e08a701d,11100009,1610612738,87.2,84.3,0.415,0.1,86.5,0.468
699821d4e161b702e08a701e,11100009,1610612761,87.4,85.5,0.432,-0.1,86.5,0.476
699821d4e161b702e08a701f,11100011,1610612742,111.6,97.8,0.43,-13.7,94.5,0.494
699821d4e161b702e08a7020,11100010,1610612753,128.3,87.1,0.424,-37.8,93,0.475
699821d4e161b702e08a7021,11100006,1610612745,87.9,100.4,0.494,14.1,99,0.528
699821d4e161b702e08a7022,11100007,1610612750,102.1,127.2,0.571,22.3,94,0.629
699821d4e161b702e08a7023,11100008,1610612744,99,104.8,0.517,12.5,96.5,0.551
699821d4e161b702e08a7024,11100005,1610612752,83.8,93.9,0.446,10,98.5,0.484
699821d4e161b702e08a7025,11100005,1610612751,93.9,85.6,0.493,-10,98.5,0.519
699821d4e161b702e08a7026,11100008,1610612758,111.5,98.4,0.545,-12.5,96.5,0.589
699821d4e161b702e08a7027,11100007,1610612749,124.5,100.7,0.433,-22.3,94,0.474
699821d4e161b702e08a7028,11100006,1610612759,102,85.7,0.372,-14.1,99,0.433
699821d4e161b702e08a7029,11100003,1610612755,82.1,104.8,0.558,26.3,95,0.597
699821d4e161b702e08a702a,11100001,1610612741,89.6,97.6,0.514,9.4,96,0.584
699821d4e161b702e08a702b,11100004,1610612739,85.3,88.7,0.373,4.8,101.5,0.476
699821d4e161b702e08a702c,11100002,1610612740,98.9,101.6,0.463,6.5,91.5,0.519
699821d4e161b702e08a702d,11100002,1610612763,105.4,95.5,0.528,-6.5,91.5,0.554
699821d4e161b702e08a702e,11100004,1610612765,90.1,85,0.416,-4.8,101.5,0.471
699821d4e161b702e08a702f,11100001,1610612754,99,89.8,0.36,-9.4,96,0.419
699821d4e161b702e08a7030,11100003,1610612764,108.4,78.9,0.348,-26.3,95,0.429
699821d4e161b702e08a7031,41200407,1610612748,96.7,101,0.512,6.6,91.5,0.533
699821d4e161b702e08a7032,41200407,1610612759,103.3,92.9,0.415,-6.6,91.5,0.48
699821d4e161b702e08a7033,41200406,1610612748,104.2,110.5,0.537,2,87.4,0.571
699821d4e161b702e08a7034,41200406,1610612759,106.2,99.7,0.465,-2,87.4,0.514
699821d4e161b702e08a7035,41200405,1610612759,107.2,119.4,0.664,11.5,96.5,0.7
699821d4e161b702e08a7036,41200405,1610612748,118.8,104.9,0.494,-11.5,96.5,0.541
699821d4e161b702e08a7037,41200404,1610612748,97.9,115.4,0.553,18.1,94.5,0.589
699821d4e161b702e08a7038,41200404,1610612759,116,95.2,0.5,-18.1,94.5,0.556
699821d4e161b702e08a7039,41200403,1610612759,86.5,125.1,0.58,41.9,88.5,0.586
699821d4e161b702e08a703a,41200403,1610612748,128.4,88.1,0.461,-41.9,88.5,0.479
699821d4e161b702e08a703b,41200402,1610612748,101.2,119.5,0.554,22.9,83,0.578
699821d4e161b702e08a703c,41200402,1610612759,124.1,97.5,0.474,-22.9,83,0.499
699821d4e161b702e08a703d,41200401,1610612748,107,102.9,0.487,-5.8,86.5,0.515
699821d4e161b702e08a703e,41200401,1610612759,101.1,102.3,0.458,5.8,86.5,0.5
699821d4e161b702e08a703f,41200307,1610612748,85.4,110.3,0.429,25.8,89,0.528
699821d4e161b702e08a7040,41200307,1610612754,111.2,83.7,0.449,-25.8,89,0.488
699821d4e161b702e08a7041,41200306,1610612754,88.5,103.5,0.541,16.1,87,0.555
699821d4e161b702e08a7042,41200306,1610612748,104.6,90.2,0.431,-16.1,87,0.479
699821d4e161b702e08a7043,41200305,1610612748,95.2,106.8,0.553,12,83.5,0.561
699821d4e161b702e08a7044,41200305,1610612754,107.1,90.2,0.486,-12,83.5,0.522
699821d4e161b702e08a7045,41200304,1610612754,110.8,120,0.521,7,83.5,0.586
699821d4e161b702e08a7046,41200304,1610612748,117.9,111,0.442,-7,83.5,0.518
699821d4e161b702e08a7047,41200314,1610612759,96.6,99.2,0.533,6.7,89.5,0.569
699821d4e161b702e08a7048,41200314,1610612763,103.3,91.9,0.401,-6.7,89.5,0.445
699821d4e161b702e08a7049,41200303,1610612748,110.3,129.1,0.584,20.7,87,0.638
699821d4e161b702e08a704a,41200303,1610612754,131,112.5,0.452,-20.7,87,0.52
699821d4e161b702e08a704b,41200313,1610612759,96.9,108.7,0.537,13.8,86.04,0.567
699821d4e161b702e08a704c,41200313,1610612763,110.6,97,0.428,-13.8,86.04,0.443
699821d4e161b702e08a704d,41200302,1610612754,106.9,112.7,0.538,4.6,87,0.606
699821d4e161b702e08a704e,41200302,1610612748,111.5,104,0.514,-4.6,87,0.551
699821d4e161b702e08a704f,41200301,1610612748,105.2,101,0.506,-0.1,88.3,0.531
699821d4e161b702e08a7050,41200301,1610612754,105.1,101.9,0.47,0.1,88.3,0.525
699821d4e161b702e08a7051,41200312,1610612759,89,93.5,0.488,3.1,91.02,0.514
699821d4e161b702e08a7052,41200312,1610612763,92.1,87.7,0.366,-3.1,91.02,0.41
699821d4e161b702e08a7053,41200311,1610612759,96.5,121.9,0.618,25.6,86,0.639
699821d4e161b702e08a7054,41200311,1610612763,122.1,97.9,0.466,-25.6,86,0.501
699821d4e161b702e08a7055,41200216,1610612754,113.8,124.4,0.537,10.9,86,0.608
699821d4e161b702e08a7056,41200216,1610612752,124.7,112.6,0.476,-10.9,86,0.533
699821d4e161b702e08a7057,41200236,1610612759,89.1,102.2,0.5,13,92,0.56
699821d4e161b702e08a7058,41200215,1610612752,87.2,98.3,0.455,11.6,86,0.497
699821d4e161b702e08a7059,41200215,1610612754,98.8,82.9,0.406,-11.6,86,0.449
699821d4e161b702e08a705a,41200236,1610612744,102.2,86.9,0.412,-13,92,0.439
699821d4e161b702e08a705b,41200225,1610612763,94.4,91.9,0.389,5.6,88.5,0.469
699821d4e161b702e08a705c,41200205,1610612748,108.3,106.2,0.5,3.6,84,0.556
699821d4e161b702e08a705d,41200205,1610612741,111.9,105.1,0.493,-3.6,84,0.532
699821d4e161b702e08a705e,41200225,1610612760,100,89.1,0.4,-5.6,88.5,0.446
699821d4e161b702e08a705f,41200214,1610612754,96.5,104.3,0.461,10.4,86,0.521
699821d4e161b702e08a7060,41200235,1610612759,98.9,121.1,0.584,20.9,91.5,0.619
699821d4e161b702e08a7061,41200235,1610612744,119.8,98.8,0.507,-20.9,91.5,0.535
699821d4e161b702e08a7062,41200214,1610612752,106.9,89,0.402,-10.4,86,0.44
699821d4e161b702e08a7063,41200204,1610612748,75.6,100.9,0.529,26.7,86,0.57
699821d4e161b702e08a7064,41200224,1610612763,102.1,107.6,0.438,6.3,86.04,0.506
699821d4e161b702e08a7065,41200224,1610612760,108.4,101.4,0.487,-6.3,86.04,0.547
699821d4e161b702e08a7066,41200204,1610612741,102.3,75.5,0.27,-26.7,86,0.369
699821d4e161b702e08a7067,41200234,1610612744,87,95.1,0.418,7.2,91.92,0.471
699821d4e161b702e08a7068,41200234,1610612759,94.2,86.1,0.392,-7.2,91.92,0.418
699821d4e161b702e08a7069,41200223,1610612763,85.3,93.2,0.432,7.3,94.5,0.504
699821d4e161b702e08a706a,41200213,1610612754,83.5,92,0.413,11.8,85.5,0.455
699821d4e161b702e08a706b,41200213,1610612752,95.3,82.6,0.373,-11.8,85.5,0.433
699821d4e161b702e08a706c,41200223,1610612760,92.6,84.1,0.392,-7.3,94.5,0.42
699821d4e161b702e08a706d,41200203,1610612748,110.6,120.6,0.557,9,86,0.625
699821d4e161b702e08a706e,41200233,1610612759,100,110.7,0.544,10.9,92,0.572
699821d4e161b702e08a706f,41200233,1610612744,110.9,99.1,0.427,-10.9,92,0.47
699821d4e161b702e08a7070,41200203,1610612741,119.5,106.8,0.5,-9,86,0.534
699821d4e161b702e08a7071,41200202,1610612748,89.7,125.3,0.664,41,87.5,0.695
699821d4e161b702e08a7072,41200232,1610612744,101.1,111.4,0.518,8.8,90.5,0.539
699821d4e161b702e08a7073,41200232,1610612759,109.9,98.3,0.421,-8.8,90.5,0.457
699821d4e161b702e08a7074,41200202,1610612741,130.7,84.6,0.414,-41,87.5,0.458
699821d4e161b702e08a7075,41200212,1610612752,92.9,120.1,0.551,30.6,85,0.562
699821d4e161b702e08a7076,41200222,1610612763,104.5,104.1,0.442,6.7,89,0.495
699821d4e161b702e08a7077,41200222,1610612760,111.2,98,0.493,-6.7,89,0.568
699821d4e161b702e08a7078,41200212,1610612754,123.5,89.9,0.515,-30.6,85,0.534
699821d4e161b702e08a7079,41200201,1610612741,97.7,102.5,0.486,8,88,0.555
699821d4e161b702e08a707a,41200231,1610612759,106.7,109,0.5,2.6,98.07,0.55
699821d4e161b702e08a707b,41200231,1610612744,109.3,106.2,0.565,-2.6,98.07,0.574
699821d4e161b702e08a707c,41200201,1610612748,105.7,94.5,0.442,-8,88,0.483
699821d4e161b702e08a707d,41200211,1610612754,103.3,110.3,0.539,8.8,91.5,0.583
699821d4e161b702e08a707e,41200221,1610612760,98.9,98.9,0.444,2.2,92,0.511
699821d4e161b702e08a707f,41200221,1610612763,101.1,94.2,0.47,-2.2,92,0.492
699821d4e161b702e08a7080,41200211,1610612752,112.1,99.9,0.475,-8.8,91.5,0.521
699821d4e161b702e08a7081,41200137,1610612741,112,118.3,0.53,7.2,83,0.564
699821d4e161b702e08a7082,41200137,1610612751,119.3,109.7,0.453,-7.2,83,0.491
699821d4e161b702e08a7083,41200126,1610612754,77.7,86,0.441,9.4,93.5,0.475
699821d4e161b702e08a7084,41200176,1610612763,114.1,120.8,0.563,15.5,91.5,0.644
699821d4e161b702e08a7085,41200146,1610612760,104.4,113.1,0.524,8.7,90.5,0.572
699821d4e161b702e08a7086,41200116,1610612752,89.9,100,0.475,10.1,88.5,0.511
699821d4e161b702e08a7087,41200116,1610612738,100,86.5,0.429,-10.1,88.5,0.516
699821d4e161b702e08a7088,41200146,1610612745,113.2,102.6,0.507,-8.7,90.5,0.542
699821d4e161b702e08a7089,41200176,1610612746,129.7,112.2,0.571,-15.5,91.5,0.593
699821d4e161b702e08a708a,41200126,1610612737,87.1,77.8,0.353,-9.4,93.5,0.421
699821d4e161b702e08a708b,41200166,1610612744,93.6,96.3,0.448,5.3,93.5,0.525
699821d4e161b702e08a708c,41200136,1610612751,97.9,101.6,0.462,4.3,93.5,0.508
699821d4e161b702e08a708d,41200136,1610612741,102.2,94,0.444,-4.3,93.5,0.475
699821d4e161b702e08a708e,41200166,1610612743,98.9,93.4,0.383,-5.3,93.5,0.41
699821d4e161b702e08a708f,41200125,1610612754,90.2,113.5,0.558,26.3,91.5,0.628
699821d4e161b702e08a7090,41200115,1610612738,95.6,102.8,0.536,6.7,90,0.594
699821d4e161b702e08a7091,41200145,1610612745,104.2,110,0.569,9.7,95,0.606
699821d4e161b702e08a7092,41200145,1610612760,113.8,104.9,0.465,-9.7,95,0.509
699821d4e161b702e08a7093,41200115,1610612752,102.2,95.8,0.426,-6.7,90,0.479
699821d4e161b702e08a7094,41200125,1610612737,116.5,90.9,0.353,-26.3,91.5,0.455
699821d4e161b702e08a7095,41200165,1610612743,105.3,108.2,0.483,7.4,95,0.53
699821d4e161b702e08a7096,41200175,1610612763,105.7,111.3,0.453,10,88.5,0.517
699821d4e161b702e08a7097,41200175,1610612746,115.7,104.5,0.481,-10,88.5,0.528
699821d4e161b702e08a7098,41200165,1610612744,112.6,100,0.5,-7.4,95,0.543
699821d4e161b702e08a7099,41200124,1610612737,96.8,110,0.52,12.9,93.5,0.562
699821d4e161b702e08a709a,41200135,1610612751,108.3,124.8,0.536,22.6,84,0.584
699821d4e161b702e08a709b,41200144,1610612745,108.4,111,0.566,3.3,94.5,0.607
699821d4e161b702e08a709c,41200144,1610612760,111.7,107.3,0.563,-3.3,94.5,0.62
699821d4e161b702e08a709d,41200135,1610612741,131,107.2,0.52,-22.6,84,0.549
699821d4e161b702e08a709e,41200124,1610612754,109.7,96.8,0.423,-12.9,93.5,0.479
699821d4e161b702e08a709f,41200164,1610612744,102,117.2,0.627,14.1,99,0.645
699821d4e161b702e08a70a0,41200154,1610612759,90.1,111.8,0.494,21.8,91.5,0.547
699821d4e161b702e08a70a1,41200114,1610612738,89.1,97.4,0.5,6.9,91.47,0.56
699821d4e161b702e08a70a2,41200104,1610612748,89.5,98.5,0.514,14,85.5,0.541
699821d4e161b702e08a70a3,41200104,1610612749,103.5,84.1,0.407,-14,85.5,0.439
699821d4e161b702e08a70a4,41200114,1610612752,96,88,0.383,-6.9,91.47,0.44
699821d4e161b702e08a70a5,41200154,1610612747,112,85.2,0.507,-21.8,91.5,0.504
699821d4e161b702e08a70a6,41200164,1610612743,116.2,102.3,0.507,-14.1,99,0.576
699821d4e161b702e08a70a7,41200123,1610612737,72.6,94.4,0.451,22.1,95,0.477
699821d4e161b702e08a70a8,41200174,1610612763,93.3,115.9,0.532,23.6,89,0.579
699821d4e161b702e08a70a9,41200134,1610612741,109.8,111.1,0.56,6.6,92.95,0.583
699821d4e161b702e08a70aa,41200143,1610612745,108.3,101,0.506,-2,95.5,0.537
699821d4e161b702e08a70ab,41200143,1610612760,106.3,105.9,0.437,2,95.5,0.519
699821d4e161b702e08a70ac,41200134,1610612751,116.4,107.4,0.541,-6.6,92.95,0.574
699821d4e161b702e08a70ad,41200174,1610612746,116.9,91.7,0.436,-23.6,89,0.485
699821d4e161b702e08a70ae,41200123,1610612754,94.7,70.2,0.296,-22.1,95,0.37
699821d4e161b702e08a70af,41200153,1610612759,92.7,123,0.641,32.3,96,0.655
699821d4e161b702e08a70b0,41200113,1610612752,91.6,106.5,0.572,18.2,82.5,0.566
699821d4e161b702e08a70b1,41200163,1610612744,108,108.8,0.575,2,100,0.61
699821d4e161b702e08a70b2,41200163,1610612743,110,103,0.506,-2,100,0.552
699821d4e161b702e08a70b3,41200113,1610612738,109.8,89.5,0.443,-18.2,82.5,0.488
699821d4e161b702e08a70b4,41200153,1610612747,125,92.7,0.457,-32.3,96,0.484
699821d4e161b702e08a70b5,41200173,1610612763,97.6,104.8,0.413,11.7,85,0.486
699821d4e161b702e08a70b6,41200103,1610612748,96.8,107.2,0.57,13.8,94,0.578
699821d4e161b702e08a70b7,41200133,1610612741,83.5,84.7,0.417,4.3,90.5,0.453
699821d4e161b702e08a70b8,41200133,1610612751,87.8,82.2,0.377,-4.3,90.5,0.429
699821d4e161b702e08a70b9,41200103,1610612749,110.6,95,0.507,-13.8,94,0.537
699821d4e161b702e08a70ba,41200173,1610612746,109.3,91,0.455,-11.7,85,0.532
699821d4e161b702e08a70bb,41200152,1610612759,105.8,115.7,0.555,12.8,86,0.578
699821d4e161b702e08a70bc,41200122,1610612754,106.5,119.2,0.529,15,92.5,0.566
699821d4e161b702e08a70bd,41200142,1610612760,105.2,107.6,0.5,3.1,97,0.549
699821d4e161b702e08a70be,41200142,1610612745,108.2,102,0.451,-3.1,97,0.5
699821d4e161b702e08a70bf,41200122,1610612737,121.5,107.9,0.551,-15,92.5,0.558
699821d4e161b702e08a70c0,41200152,1610612747,118.6,102.6,0.5,-12.8,86,0.519
699821d4e161b702e08a70c1,41200112,1610612752,83.5,97,0.467,17.6,85.5,0.508
699821d4e161b702e08a70c2,41200162,1610612744,117,132.6,0.734,15.3,99.5,0.746
699821d4e161b702e08a70c3,41200102,1610612748,93.5,107.2,0.487,13,92,0.548
699821d4e161b702e08a70c4,41200102,1610612749,106.5,93,0.528,-13,92,0.541
699821d4e161b702e08a70c5,41200162,1610612743,132.3,111.1,0.556,-15.3,99.5,0.608
699821d4e161b702e08a70c6,41200112,1610612738,101.2,81.7,0.407,-17.6,85.5,0.456
699821d4e161b702e08a70c7,41200132,1610612741,90.1,97.7,0.5,8.8,91,0.517
699821d4e161b702e08a70c8,41200172,1610612746,100,101.4,0.487,2.2,91,0.53
699821d4e161b702e08a70c9,41200172,1610612763,102.2,97.9,0.466,-2.2,91,0.517
699821d4e161b702e08a70ca,41200132,1610612751,98.9,88.1,0.378,-8.8,91,0.445
699821d4e161b702e08a70cb,41200141,1610612760,90.1,116.1,0.59,29.9,100.5,0.629
699821d4e161b702e08a70cc,41200101,1610612748,95.6,121.5,0.61,24,91.5,0.667
699821d4e161b702e08a70cd,41200121,1610612754,98.9,116.4,0.494,17.4,91.5,0.576
699821d4e161b702e08a70ce,41200151,1610612759,84,93.8,0.418,11.7,94.5,0.474
699821d4e161b702e08a70cf,41200151,1610612747,95.8,82.7,0.432,-11.7,94.5,0.473
699821d4e161b702e08a70d0,41200121,1610612737,116.3,97.7,0.546,-17.4,91.5,0.548
699821d4e161b702e08a70d1,41200101,1610612749,119.6,93.8,0.457,-24,91.5,0.479
699821d4e161b702e08a70d2,41200141,1610612745,120,86.2,0.407,-29.9,100.5,0.448
699821d4e161b702e08a70d3,41200171,1610612746,109.6,129.3,0.601,25.3,83,0.639
699821d4e161b702e08a70d4,41200131,1610612751,101.1,122.6,0.597,20.7,87.5,0.627
699821d4e161b702e08a70d5,41200161,1610612744,95.1,91.7,0.457,-2,102,0.482
699821d4e161b702e08a70d6,41200111,1610612738,95.5,86.3,0.454,-7.9,89,0.532
699821d4e161b702e08a70d7,41200111,1610612752,87.6,95.9,0.462,7.9,89,0.496
699821d4e161b702e08a70d8,41200161,1610612743,93.1,95.7,0.465,2,102,0.498
699821d4e161b702e08a70d9,41200131,1610612741,121.8,102.7,0.487,-20.7,87.5,0.519
699821d4e161b702e08a70da,41200171,1610612763,134.9,107.1,0.5,-25.3,83,0.555
699821d4e161b702e08a70db,11200115,1610612742,81.2,99.6,0.481,17.8,100.5,0.547
699821d4e161b702e08a70dc,11200112,1610612750,80.9,105.7,0.557,26.7,93.5,0.598
699821d4e161b702e08a70dd,11200110,1610612745,92,110.1,0.581,18.2,99,0.599
699821d4e161b702e08a70de,11200114,1610612765,89.8,104.9,0.558,16.3,98,0.59
699821d4e161b702e08a70df,11200116,1610612759,92.4,108.2,0.487,15.1,92.5,0.553
699821d4e161b702e08a70e0,11200117,1610612756,72.7,87.5,0.466,15.3,99.5,0.47
699821d4e161b702e08a70e1,11200118,1610612740,91.8,99.9,0.536,6.2,97.5,0.578
699821d4e161b702e08a70e2,11200048,1610612761,105,113,0.516,12.7,101.5,0.57
699821d4e161b702e08a70e3,11200111,1610612741,95.7,105.3,0.481,6.4,94.5,0.521
699821d4e161b702e08a70e4,11200111,1610612754,102.1,93.5,0.451,-6.4,94.5,0.499
699821d4e161b702e08a70e5,11200048,1610612763,117.6,103.3,0.487,-12.7,101.5,0.566
699821d4e161b702e08a70e6,11200118,1610612748,98,88.2,0.43,-6.2,97.5,0.474
699821d4e161b702e08a70e7,11200117,1610612743,88,70.4,0.376,-15.3,99.5,0.399
699821d4e161b702e08a70e8,11200116,1610612764,107.5,92.2,0.411,-15.1,92.5,0.456
699821d4e161b702e08a70e9,11200114,1610612737,106.1,88.8,0.467,-16.3,98,0.517
699821d4e161b702e08a70ea,11200110,1610612753,110.2,92,0.422,-18.2,99,0.446
699821d4e161b702e08a70eb,11200112,1610612749,107.5,80.2,0.404,-26.7,93.5,0.428
699821d4e161b702e08a70ec,11200115,1610612766,99,79,0.328,-17.8,100.5,0.38
699821d4e161b702e08a70ed,11200109,1610612746,106.8,117.8,0.525,13.6,88,0.582
699821d4e161b702e08a70ee,11200106,1610612749,100,104.4,0.457,11.1,90,0.491
699821d4e161b702e08a70ef,11200107,1610612762,93.8,99.7,0.494,5.2,97.5,0.531
699821d4e161b702e08a70f0,11200108,1610612758,92.1,105.6,0.471,13.5,89,0.505
699821d4e161b702e08a70f1,11200108,1610612747,105.6,90.7,0.47,-13.5,89,0.529
699821d4e161b702e08a70f2,11200107,1610612757,99,91.5,0.48,-5.2,97.5,0.533
699821d4e161b702e08a70f3,11200106,1610612766,111.1,93,0.406,-11.1,90,0.455
699821d4e161b702e08a70f4,11200109,1610612743,120.5,109.5,0.45,-13.6,88,0.49
699821d4e161b702e08a70f5,11200102,1610612750,83.5,104.3,0.506,20.9,91,0.54
699821d4e161b702e08a70f6,11200101,1610612760,81.7,92.2,0.465,11.9,93.5,0.487
699821d4e161b702e08a70f7,11200017,1610612752,97.9,94.7,0.494,0,88.75,0.525
699821d4e161b702e08a70f8,11200099,1610612763,105.3,120.2,0.568,18.4,94,0.589
699821d4e161b702e08a70f9,11200105,1610612746,96.8,98.7,0.481,6.4,94,0.531
699821d4e161b702e08a70fa,11200104,1610612764,93.1,95.7,0.483,6.9,101,0.518
699821d4e161b702e08a70fb,11200100,1610612745,94.7,96.1,0.512,8.5,94.5,0.528
699821d4e161b702e08a70fc,11200100,1610612740,103.2,93.2,0.521,-8.5,94.5,0.552
699821d4e161b702e08a70fd,11200104,1610612748,100,93.2,0.472,-6.9,101,0.541
699821d4e161b702e08a70fe,11200105,1610612747,103.2,100.1,0.529,-6.4,94,0.57
699821d4e161b702e08a70ff,11200099,1610612753,123.7,108.1,0.564,-18.4,94,0.585
699821d4e161b702e08a7100,11200017,1610612751,98,96.3,0.431,0,88.75,0.491
699821d4e161b702e08a7101,11200101,1610612742,93.6,77.6,0.392,-11.9,93.5,0.418
699821d4e161b702e08a7102,11200102,1610612765,104.4,80.1,0.364,-20.9,91,0.443
699821d4e161b702e08a7103,11200096,1610612754,87.2,106.4,0.519,18,94.5,0.549
699821d4e161b702e08a7104,11200095,1610612748,97.9,102.3,0.596,6.4,94,0.638
699821d4e161b702e08a7105,11200098,1610612744,93.9,107.7,0.625,16.4,97.5,0.634
699821d4e161b702e08a7106,11200097,1610612741,96.7,103.8,0.454,5.4,92,0.519
699821d4e161b702e08a7107,11200097,1610612760,102.2,94.6,0.427,-5.4,92,0.483
699821d4e161b702e08a7108,11200098,1610612756,110.3,94.7,0.5,-16.4,97.5,0.505
699821d4e161b702e08a7109,11200095,1610612766,104.3,89.4,0.42,-6.4,94,0.465
699821d4e161b702e08a710a,11200096,1610612739,105.3,86.6,0.39,-18,94.5,0.473
699821d4e161b702e08a710b,11200094,1610612746,74.7,92.5,0.427,18.9,94.5,0.444
699821d4e161b702e08a710c,11200090,1610612756,89.8,101.2,0.476,14.2,98.5,0.527
699821d4e161b702e08a710d,11200093,1610612742,81.3,92.4,0.407,13.2,91.5,0.493
699821d4e161b702e08a710e,11200092,1610612755,103.4,110.5,0.604,7.9,87.5,0.63
699821d4e161b702e08a710f,11200089,1610612761,94.1,103.6,0.513,7.9,101.5,0.563
699821d4e161b702e08a7110,11200091,1610612757,109.6,115.7,0.658,4.7,104.5,0.7
699821d4e161b702e08a7111,11200091,1610612762,114.3,108.7,0.556,-4.7,104.5,0.589
699821d4e161b702e08a7112,11200089,1610612749,102,91.3,0.435,-7.9,101.5,0.48
699821d4e161b702e08a7113,11200092,1610612752,111.4,100.1,0.449,-7.9,87.5,0.495
699821d4e161b702e08a7114,11200093,1610612740,94.6,81.2,0.375,-13.2,91.5,0.41
699821d4e161b702e08a7115,11200090,1610612758,104,90.4,0.407,-14.2,98.5,0.443
699821d4e161b702e08a7116,11200094,1610612744,93.6,72,0.365,-18.9,94.5,0.388
699821d4e161b702e08a7117,11200085,1610612753,101,104.9,0.525,3,99.5,0.571
699821d4e161b702e08a7118,11200087,1610612760,111,114.6,0.545,5.1,92,0.573
699821d4e161b702e08a7119,11200086,1610612747,105.3,99.2,0.545,-8.5,94.5,0.577
699821d4e161b702e08a711a,11200088,1610612738,96.7,86,0.439,-9.9,91,0.507
699821d4e161b702e08a711b,11200088,1610612755,86.8,92,0.456,9.9,91,0.491
699821d4e161b702e08a711c,11200086,1610612758,96.8,102.9,0.453,8.5,94.5,0.52
699821d4e161b702e08a711d,11200087,1610612743,116.1,109,0.512,-5.1,92,0.539
699821d4e161b702e08a711e,11200085,1610612759,104,98,0.457,-3,99.5,0.526
699821d4e161b702e08a711f,11200078,1610612737,91.3,102.9,0.5,14.5,103.5,0.55
699821d4e161b702e08a7120,11200084,1610612764,100,101.2,0.517,8.5,94,0.538
699821d4e161b702e08a7121,11200081,1610612738,98,106.2,0.596,9.9,100.5,0.629
699821d4e161b702e08a7122,11200083,1610612765,81.6,84.9,0.407,6,97.5,0.477
699821d4e161b702e08a7123,11200079,1610612763,93.3,89.1,0.383,-3.4,89,0.427
699821d4e161b702e08a7124,11200080,1610612762,93.8,100.7,0.471,7.2,97.5,0.509
699821d4e161b702e08a7125,11200082,1610612748,100,101.6,0.615,4,100.5,0.631
699821d4e161b702e08a7126,11200082,1610612759,104,97.9,0.518,-4,100.5,0.542
699821d4e161b702e08a7127,11200080,1610612746,101,94.4,0.538,-7.2,97.5,0.559
699821d4e161b702e08a7128,11200079,1610612754,89.9,85,0.386,3.4,89,0.448
699821d4e161b702e08a7129,11200083,1610612766,87.6,80.8,0.394,-6,97.5,0.44
699821d4e161b702e08a712a,11200081,1610612752,107.9,95.3,0.476,-9.9,100.5,0.528
699821d4e161b702e08a712b,11200084,1610612749,108.5,95.3,0.453,-8.5,94,0.491
699821d4e161b702e08a712c,11200078,1610612742,105.8,89.4,0.395,-14.5,103.5,0.479
699821d4e161b702e08a712d,11200072,1610612753,96,111.2,0.579,17.1,99.5,0.611
699821d4e161b702e08a712e,11200073,1610612741,88,98,0.443,10.9,92.5,0.506
699821d4e161b702e08a712f,11200071,1610612761,94.6,107.7,0.522,20.4,93,0.544
699821d4e161b702e08a7130,11200077,1610612755,105.5,116.6,0.537,9.7,91.5,0.571
699821d4e161b702e08a7131,11200074,1610612760,104.3,113.5,0.548,12,92.5,0.58
699821d4e161b702e08a7132,11200076,1610612744,103.2,110.5,0.547,2,95,0.591
699821d4e161b702e08a7133,11200075,1610612758,102.1,105.2,0.5,4.1,96.5,0.554
699821d4e161b702e08a7134,11200075,1610612747,106.2,102,0.519,-4.1,96.5,0.562
699821d4e161b702e08a7135,11200076,1610612757,105.2,101.7,0.465,-2,95,0.561
699821d4e161b702e08a7136,11200074,1610612756,116.3,104.9,0.525,-12,92.5,0.561
699821d4e161b702e08a7137,11200077,1610612751,115.2,102,0.477,-9.7,91.5,0.499
699821d4e161b702e08a7138,11200071,1610612752,115.1,93.2,0.5,-20.4,93,0.534
699821d4e161b702e08a7139,11200073,1610612750,98.9,85.4,0.447,-10.9,92.5,0.483
699821d4e161b702e08a713a,11200072,1610612754,113.1,93.6,0.416,-17.1,99.5,0.482
699821d4e161b702e08a713b,11200069,1610612748,78.8,106.5,0.53,27.3,99,0.567
699821d4e161b702e08a713c,11200068,1610612737,75.6,98.9,0.471,31,90.5,0.505
699821d4e161b702e08a713d,11200070,1610612738,91.4,121.8,0.629,32.3,93,0.643
699821d4e161b702e08a713e,11200067,1610612763,100,103.2,0.468,4.3,93.5,0.539
699821d4e161b702e08a713f,11200067,1610612749,104.3,99,0.5,-4.3,93.5,0.529
699821d4e161b702e08a7140,11200070,1610612751,123.7,89.8,0.41,-32.3,93,0.464
699821d4e161b702e08a7141,11200068,1610612740,106.6,72,0.357,-31,90.5,0.417
699821d4e161b702e08a7142,11200069,1610612765,106.1,76.4,0.364,-27.3,99,0.397
699821d4e161b702e08a7143,11200063,1610612744,90.7,98.1,0.513,9.3,97.5,0.539
699821d4e161b702e08a7144,11200062,1610612745,100,105.5,0.562,4.8,103,0.584
699821d4e161b702e08a7145,11200064,1610612757,84.2,101.5,0.518,17.9,95,0.535
699821d4e161b702e08a7146,11200066,1610612746,97.9,98.8,0.439,3.1,95.5,0.484
699821d4e161b702e08a7147,11200061,1610612755,100,110.5,0.568,13,99.5,0.581
699821d4e161b702e08a7148,11200060,1610612761,106.3,107.3,0.525,3.2,95,0.566
699821d4e161b702e08a7149,11200065,1610612756,94,98.3,0.471,5,100.5,0.523
699821d4e161b702e08a714a,11200065,1610612742,99,94.3,0.512,-5,100.5,0.536
699821d4e161b702e08a714b,11200060,1610612764,109.5,102.1,0.465,-3.2,95,0.516
699821d4e161b702e08a714c,11200061,1610612739,113,96.5,0.47,-13,99.5,0.518
699821d4e161b702e08a714d,11200066,1610612762,101.1,96.3,0.457,-3.1,95.5,0.497
699821d4e161b702e08a714e,11200064,1610612743,102.1,85.4,0.394,-17.9,95,0.473
699821d4e161b702e08a714f,11200062,1610612763,104.8,94.4,0.42,-4.8,103,0.481
699821d4e161b702e08a7150,11200063,1610612758,100,85,0.353,-9.3,97.5,0.471
699821d4e161b702e08a7151,11200057,1610612762,87,123.2,0.596,37,92,0.651
699821d4e161b702e08a7152,11200056,1610612750,81,112.3,0.533,33,100,0.603
699821d4e161b702e08a7153,11200055,1610612760,110.1,133.8,0.693,23.2,89.5,0.709
699821d4e161b702e08a7154,11200059,1610612765,90.5,115.8,0.605,27.4,95,0.618
699821d4e161b702e08a7155,11200054,1610612741,102.2,105.3,0.494,5.4,92.5,0.556
699821d4e161b702e08a7156,11200053,1610612754,101,102.6,0.48,5.2,96.5,0.57
699821d4e161b702e08a7157,11200058,1610612738,109,102.6,0.528,-2.3,89.5,0.589
699821d4e161b702e08a7158,11200058,1610612751,106.7,105.6,0.539,2.3,89.5,0.552
699821d4e161b702e08a7159,11200053,1610612737,106.3,96.9,0.435,-5.2,96.5,0.475
699821d4e161b702e08a715a,11200054,1610612749,107.5,98.2,0.459,-5.4,92.5,0.491
699821d4e161b702e08a715b,11200059,1610612753,117.9,87.2,0.514,-27.4,95,0.533
699821d4e161b702e08a715c,11200055,1610612766,133.3,110,0.494,-23.2,89.5,0.538
699821d4e161b702e08a715d,11200056,93,114,79.9,0.458,-33,100,0.463
699821d4e161b702e08a715e,11200057,1610612747,123.9,86.8,0.438,-37,92,0.487
699821d4e161b702e08a715f,11200046,1610612755,76.5,108.8,0.523,33.8,97.5,0.555
699821d4e161b702e08a7160,11200052,1610612742,97.2,114.1,0.565,16.7,107.5,0.582
699821d4e161b702e08a7161,11200050,1610612758,104.2,120.5,0.619,16.5,96.5,0.649
699821d4e161b702e08a7162,11200051,1610612751,102.3,108.7,0.551,11.6,86,0.556
699821d4e161b702e08a7163,11200049,1610612743,100,102,0.449,6.1,98,0.505
699821d4e161b702e08a7164,11200047,1610612739,105.7,108.6,0.535,3.9,94.64,0.57
699821d4e161b702e08a7165,11200047,1610612753,109.6,101.6,0.505,-3.9,94.64,0.532
699821d4e161b702e08a7166,11200049,1610612744,106.1,100.3,0.552,-6.1,98,0.565
699821d4e161b702e08a7167,11200051,1610612764,114,97.6,0.427,-11.6,86,0.478
699821d4e161b702e08a7168,11200050,1610612757,120.6,101.6,0.453,-16.5,96.5,0.518
699821d4e161b702e08a7169,11200052,1610612745,113.9,93.2,0.461,-16.7,107.5,0.479
699821d4e161b702e08a716a,11200046,1610612738,110.3,75.8,0.405,-33.8,97.5,0.431
699821d4e161b702e08a716b,11200044,1610612759,109.2,115.7,0.58,8,98.5,0.603
699821d4e161b702e08a716c,11200043,1610612746,90.8,99.1,0.532,10.2,98,0.551
699821d4e161b702e08a716d,11200045,1610612763,102,108.7,0.535,8,100,0.577
699821d4e161b702e08a716e,11200045,1610612737,110,102,0.475,-8,100,0.537
699821d4e161b702e08a716f,11200043,1610612748,101,90.6,0.463,-10.2,98,0.499
699821d4e161b702e08a7170,11200044,1610612745,117.2,109.3,0.494,-8,98.5,0.536
699821d4e161b702e08a7171,11200041,1610612749,90.1,105.9,0.494,15.8,101.5,0.557
699821d4e161b702e08a7172,11200038,1610612750,81.5,87.8,0.358,6.7,92.5,0.458
699821d4e161b702e08a7173,11200042,1610612762,89.6,99.9,0.463,13.5,96,0.515
699821d4e161b702e08a7174,11200040,1610612764,103.3,108.8,0.507,5.5,91.5,0.55
699821d4e161b702e08a7175,11200039,1610612752,94.1,94.5,0.383,3,91.47,0.459
699821d4e161b702e08a7176,11200037,1610612755,100,96.9,0.444,-2.8,97.81,0.518
699821d4e161b702e08a7177,11200037,1610612751,97.2,98.3,0.467,2.8,97.81,0.525
699821d4e161b702e08a7178,11200039,1610612738,97,93.6,0.447,-3,91.47,0.525
699821d4e161b702e08a7179,11200040,1610612739,108.8,99.7,0.435,-5.5,91.5,0.488
699821d4e161b702e08a717a,11200042,1610612747,103.1,88.6,0.377,-13.5,96,0.452
699821d4e161b702e08a717b,11200038,1610612741,88.2,80.3,0.39,-6.7,92.5,0.45
699821d4e161b702e08a717c,11200041,1610612765,105.9,87.4,0.437,-15.8,101.5,0.468
699821d4e161b702e08a717d,11200033,1610612745,80.6,100.3,0.547,20.4,93.5,0.561
699821d4e161b702e08a717e,11200030,1610612761,81.5,91.4,0.43,7.6,92,0.508
699821d4e161b702e08a717f,11200034,1610612762,80.2,99.7,0.438,15.8,101,0.499
699821d4e161b702e08a7180,11200035,1610612756,94.9,105,0.573,10.2,98.5,0.584
699821d4e161b702e08a7181,11200036,1610612759,97,91,0.462,-5.1,99.5,0.511
699821d4e161b702e08a7182,11200031,1610612750,103.2,97,0.521,-4.3,92.5,0.556
699821d4e161b702e08a7183,11200032,1610612741,88.7,83.2,0.355,-2.2,96.5,0.42
699821d4e161b702e08a7184,11200032,1610612739,86.5,87.3,0.479,2.2,96.5,0.515
699821d4e161b702e08a7185,11200031,1610612754,98.9,94.9,0.463,4.3,92.5,0.479
699821d4e161b702e08a7186,11200036,1610612743,91.9,91.4,0.476,5.1,99.5,0.505
699821d4e161b702e08a7187,11200035,1610612757,105.1,94.1,0.432,-10.2,98.5,0.48
699821d4e161b702e08a7188,11200034,1610612760,96,80.7,0.391,-15.8,101,0.448
699821d4e161b702e08a7189,11200030,1610612765,89.1,77.8,0.373,-7.6,92,0.434
699821d4e161b702e08a718a,11200033,1610612740,101.1,78.1,0.386,-20.4,93.5,0.416
699821d4e161b702e08a718b,11200028,1610612748,87.9,102.8,0.474,15.4,91,0.531
699821d4e161b702e08a718c,11200029,1610612744,107.5,115.4,0.564,9.9,92.5,0.61
699821d4e161b702e08a718d,11200026,1610612755,96,102.2,0.5,5,100,0.544
699821d4e161b702e08a718e,11200027,1610612740,91.6,95.2,0.486,3.2,95,0.539
699821d4e161b702e08a718f,11200025,1610612752,111,115.7,0.597,7.7,91,0.64
699821d4e161b702e08a7190,11200025,1610612764,118.7,110.6,0.494,-7.7,91,0.559
699821d4e161b702e08a7191,11200027,1610612766,94.7,90.1,0.428,-3.2,95,0.481
699821d4e161b702e08a7192,11200026,1610612753,101,94.7,0.468,-5,100,0.483
699821d4e161b702e08a7193,11200029,93,117.4,106.4,0.481,-9.9,92.5,0.544
699821d4e161b702e08a7194,11200028,1610612746,103.3,86.1,0.479,-15.4,91,0.477
699821d4e161b702e08a7195,11200020,1610612750,75.3,90.1,0.432,15.1,93,0.482
699821d4e161b702e08a7196,11200024,1610612759,101,104,0.571,3.1,97.5,0.58
699821d4e161b702e08a7197,11200022,1610612757,81.5,96.6,0.488,18.5,92.5,0.515
699821d4e161b702e08a7198,11200023,1610612765,105.3,106.5,0.506,-0.1,95,0.544
699821d4e161b702e08a7199,11200019,1610612745,109.4,108.7,0.465,-0.2,97,0.528
699821d4e161b702e08a719a,11200021,1610612758,96,99.1,0.442,5,100.5,0.505
699821d4e161b702e08a719b,11200021,1610612756,101,96.5,0.454,-5,100.5,0.488
699821d4e161b702e08a719c,11200019,1610612760,109.2,108.1,0.517,0.2,97,0.546
699821d4e161b702e08a719d,11200023,1610612761,105.2,103.9,0.547,0.1,95,0.573
699821d4e161b702e08a719e,11200022,1610612747,100,81.3,0.394,-18.5,92.5,0.467
699821d4e161b702e08a719f,11200024,1610612737,104.1,98.9,0.426,-3.1,97.5,0.475
699821d4e161b702e08a71a0,11200020,1610612754,90.3,75.3,0.386,-15.1,93,0.455
699821d4e161b702e08a71a1,11200014,1610612749,85.1,102.8,0.476,18.1,94,0.525
699821d4e161b702e08a71a2,11200018,12304,86.7,103.2,0.456,14.3,98,0.527
699821d4e161b702e08a71a3,11200016,1610612740,88.2,102.7,0.477,16.1,93,0.493
699821d4e161b702e08a71a4,11200015,1610612741,88,90.1,0.369,3.1,100.5,0.455
699821d4e161b702e08a71a5,11200015,1610612763,91.1,85.5,0.434,-3.1,100.5,0.464
699821d4e161b702e08a71a6,11200016,1610612766,104.3,88.6,0.493,-16.1,93,0.502
699821d4e161b702e08a71a7,11200018,1610612742,101,85.8,0.419,-14.3,98,0.452
699821d4e161b702e08a71a8,11200014,1610612739,103.2,81.8,0.423,-18.1,94,0.461
699821d4e161b702e08a71a9,11200012,1610612739,95.5,101.2,0.515,7.9,88.5,0.577
699821d4e161b702e08a71aa,11200013,1610612744,86,89.8,0.487,5.2,92,0.498
699821d4e161b702e08a71ab,11200011,1610612761,92.2,100.2,0.478,6.8,103,0.501
699821d4e161b702e08a71ac,11200011,12315,99,91.9,0.493,-6.8,103,0.55
699821d4e161b702e08a71ad,11200013,1610612762,91.2,83.5,0.406,-5.2,92,0.45
699821d4e161b702e08a71ae,11200012,12322,103.4,91.7,0.42,-7.9,88.5,0.469
699821d4e161b702e08a71af,11200010,1610612738,80.6,113.2,0.559,29.9,94,0.591
699821d4e161b702e08a71b0,11200006,1610612766,85.4,95.9,0.486,11.7,103,0.548
699821d4e161b702e08a71b1,11200009,1610612744,87.4,115.7,0.623,30.9,94,0.632
699821d4e161b702e08a71b2,11200008,1610612737,84,96.3,0.463,14.9,93.5,0.508
699821d4e161b702e08a71b3,11200007,1610612740,85.1,89.5,0.41,5.3,94,0.457
699821d4e161b702e08a71b4,11200007,1610612753,90.4,86.7,0.403,-5.3,94,0.474
699821d4e161b702e08a71b5,11200008,1610612748,98.9,86.8,0.486,-14.9,93.5,0.506
699821d4e161b702e08a71b6,11200009,1610612747,118.3,87.7,0.43,-30.9,94,0.49
699821d4e161b702e08a71b7,11200006,1610612764,97.1,79.8,0.364,-11.7,103,0.407
699821d4e161b702e08a71b8,11200010,94,110.5,78.2,0.367,-29.9,94,0.412
699821d4e161b702e08a71b9,11200003,1610612759,76.2,101.8,0.532,28.7,101,0.576
699821d4e161b702e08a71ba,11200004,1610612763,95.9,104.3,0.587,12.4,97,0.62
699821d4e161b702e08a71bb,11200002,1610612742,88.4,95.1,0.591,6.3,94.5,0.613
699821d4e161b702e08a71bc,11200005,1610612746,102.9,97.4,0.536,-2.9,103.5,0.56
699821d4e161b702e08a71bd,11200005,1610612743,100,100.5,0.584,2.9,103.5,0.599
699821d4e161b702e08a71be,11200002,12323,94.7,86.4,0.422,-6.3,94.5,0.455
699821d4e161b702e08a71bf,11200004,12315,108.2,94.6,0.444,-12.4,97,0.478
699821d4e161b702e08a71c0,11200003,12322,105,73.3,0.346,-28.7,101,0.418
699821d4e161b702e08a71c1,11200001,12321,101.1,103.7,0.513,5.5,90.5,0.548
699821d4e161b702e08a71c2,11200001,1610612738,106.6,100.4,0.537,-5.5,90.5,0.586
699821d4e161b702e08a71c3,41300405,1610612759,97.8,115.4,0.551,19.1,89,0.59
699821d4e161b702e08a71c4,41300405,1610612748,116.9,92.7,0.447,-19.1,89,0.501
699821d4e161b702e08a71c5,41300404,1610612759,101.2,128.9,0.636,26.2,84.5,0.66
699821d4e161b702e08a71c6,41300404,1610612748,127.4,99.1,0.514,-26.2,84.5,0.539
699821d4e161b702e08a71c7,41300403,1610612759,108.2,128.9,0.664,20.8,85.5,0.711
699821d4e161b702e08a71c8,41300403,1610612748,129.1,105.1,0.597,-20.8,85.5,0.634
699821d4e161b702e08a71c9,41300402,1610612748,109.1,108.6,0.586,1,88.5,0.618
699821d4e161b702e08a71ca,41300402,1610612759,110.1,105.7,0.512,-1,88.5,0.529
699821d4e161b702e08a71cb,41300401,1610612759,100,115,0.684,15.8,95,0.708
699821d4e161b702e08a71cc,41300401,1610612748,115.8,101.2,0.551,-15.8,95,0.573
699821d4e161b702e08a71cd,41300316,1610612759,99.1,104.7,0.463,5.6,97.36,0.514
699821d4e161b702e08a71ce,41300316,1610612760,104.7,97.7,0.476,-5.6,97.36,0.554
699821d4e161b702e08a71cf,41300306,1610612748,105.7,132.6,0.651,30.3,86.5,0.686
699821d4e161b702e08a71d0,41300306,1610612754,136,105.1,0.536,-30.3,86.5,0.578
699821d4e161b702e08a71d1,41300315,1610612759,94.7,128.3,0.599,31.1,93.5,0.656
699821d4e161b702e08a71d2,41300315,1610612760,125.8,95.9,0.469,-31.1,93.5,0.496
699821d4e161b702e08a71d3,41300305,1610612754,107.1,109.8,0.513,2.3,84.5,0.53
699821d4e161b702e08a71d4,41300305,1610612748,109.4,106.5,0.553,-2.3,84.5,0.573
699821d4e161b702e08a71d5,41300314,1610612760,100,114.6,0.533,12.9,92.5,0.586
699821d4e161b702e08a71d6,41300314,1610612759,112.9,97.2,0.452,-12.9,92.5,0.496
699821d4e161b702e08a71d7,41300304,1610612748,108.4,120.1,0.522,13,83.5,0.607
699821d4e161b702e08a71d8,41300304,1610612754,121.4,107.8,0.556,-13,83.5,0.573
699821d4e161b702e08a71d9,41300313,1610612760,99,108.6,0.494,8.1,98.5,0.56
699821d4e161b702e08a71da,41300313,1610612759,107.1,94.1,0.451,-8.1,98.5,0.495
699821d4e161b702e08a71db,41300303,1610612748,101.2,115.4,0.618,15.3,85.5,0.645
699821d4e161b702e08a71dc,41300303,1610612754,116.5,97.8,0.523,-15.3,85.5,0.572
699821d4e161b702e08a71dd,41300312,1610612759,81.9,120.3,0.555,37.2,94,0.608
699821d4e161b702e08a71de,41300312,1610612760,119.1,79.9,0.404,-37.2,94,0.412
699821d4e161b702e08a71df,41300302,1610612748,102.5,106.2,0.567,6.3,80.5,0.581
699821d4e161b702e08a71e0,41300302,1610612754,108.8,101.7,0.456,-6.3,80.5,0.479
699821d4e161b702e08a71e1,41300311,1610612759,109.4,126.5,0.626,16.4,96.5,0.646
699821d4e161b702e08a71e2,41300311,1610612760,125.8,108.1,0.538,-16.4,96.5,0.583
699821d4e161b702e08a71e3,41300301,1610612754,107.9,119.8,0.574,13.7,88.5,0.635
699821d4e161b702e08a71e4,41300301,1610612748,121.6,104.8,0.551,-13.7,88.5,0.567
699821d4e161b702e08a71e5,41300206,1610612754,90.9,104.5,0.528,13.6,88.5,0.56
699821d4e161b702e08a71e6,41300236,1610612760,103.2,110,0.521,5.2,95.5,0.601
699821d4e161b702e08a71e7,41300236,1610612746,108.3,97.2,0.453,-5.2,95.5,0.472
699821d4e161b702e08a71e8,41300206,1610612764,104.5,89.1,0.405,-13.6,88.5,0.456
699821d4e161b702e08a71e9,41300225,1610612759,85.4,109.4,0.522,21.8,96.5,0.541
699821d4e161b702e08a71ea,41300215,1610612748,110.6,114.8,0.5,2.4,85,0.595
699821d4e161b702e08a71eb,41300215,1610612751,112.9,111.1,0.526,-2.4,85,0.556
699821d4e161b702e08a71ec,41300225,1610612757,107.2,82.4,0.438,-21.8,96.5,0.463
699821d4e161b702e08a71ed,41300205,1610612764,86.8,111.6,0.53,24.1,91.5,0.564
699821d4e161b702e08a71ee,41300235,1610612760,109.5,106.2,0.474,-1.2,96,0.565
699821d4e161b702e08a71ef,41300235,1610612746,108.2,102.2,0.5,1.2,96,0.537
699821d4e161b702e08a71f0,41300205,1610612754,110.9,84.3,0.429,-24.1,91.5,0.456
699821d4e161b702e08a71f1,41300214,1610612748,111.6,120.2,0.586,9.8,85,0.623
699821d4e161b702e08a71f2,41300224,1610612757,93.9,100.3,0.474,9.1,99,0.497
699821d4e161b702e08a71f3,41300224,1610612759,103,92.6,0.46,-9.1,99,0.477
699821d4e161b702e08a71f4,41300214,1610612751,121.4,109.9,0.468,-9.8,85,0.531
699821d4e161b702e08a71f5,41300204,1610612764,103.3,97.5,0.487,-2.2,91.5,0.527
699821d4e161b702e08a71f6,41300234,1610612746,104.2,101.2,0.435,2.1,95,0.477
699821d4e161b702e08a71f7,41300234,1610612760,106.3,102.1,0.487,-2.1,95,0.55
699821d4e161b702e08a71f8,41300204,1610612754,101.1,98.2,0.521,2.2,91.5,0.554
699821d4e161b702e08a71f9,41300213,1610612751,107.1,121.7,0.632,15.2,84.5,0.654
699821d4e161b702e08a71fa,41300223,1610612759,106.2,119.2,0.522,15.5,97,0.59
699821d4e161b702e08a71fb,41300223,1610612757,121.6,97.5,0.476,-15.5,97,0.527
699821d4e161b702e08a71fc,41300213,1610612748,122.4,107.1,0.515,-15.2,84.5,0.57
699821d4e161b702e08a71fd,41300203,1610612754,71.6,95.2,0.466,22.9,89,0.511
699821d4e161b702e08a71fe,41300233,1610612760,119.1,123.8,0.595,6.4,94,0.646
699821d4e161b702e08a71ff,41300233,1610612746,125.5,116.7,0.489,-6.4,94,0.538
699821d4e161b702e08a7200,41300203,1610612764,94.4,69.8,0.356,-22.9,89,0.383
699821d4e161b702e08a7201,41300222,1610612759,104.3,121.1,0.6,19.6,92.5,0.593
699821d4e161b702e08a7202,41300212,1610612748,97.6,116.2,0.563,11.7,85,0.596
699821d4e161b702e08a7203,41300212,1610612751,109.3,96.3,0.474,-11.7,85,0.487
699821d4e161b702e08a7204,41300222,1610612757,123.9,98.6,0.468,-19.6,92.5,0.498
699821d4e161b702e08a7205,41300232,1610612760,106.3,114.7,0.552,9.1,96,0.579
699821d4e161b702e08a7206,41300202,1610612754,96.5,100.9,0.472,3.5,85.5,0.529
699821d4e161b702e08a7207,41300202,1610612764,100,97.3,0.481,-3.5,85.5,0.481
699821d4e161b702e08a7208,41300232,1610612746,115.5,102.9,0.5,-9.1,96,0.542
699821d4e161b702e08a7209,41300221,1610612759,94.8,119.6,0.546,23.5,97.5,0.592
699821d4e161b702e08a720a,41300211,1610612748,100,122.9,0.628,25.9,85.5,0.66
699821d4e161b702e08a720b,41300211,1610612751,125.9,101.8,0.543,-25.9,85.5,0.555
699821d4e161b702e08a720c,41300221,1610612757,118.4,90.5,0.402,-23.5,97.5,0.481
699821d4e161b702e08a720d,41300201,1610612764,100,104.5,0.476,6.3,96,0.522
699821d4e161b702e08a720e,41300231,1610612746,109.4,124.2,0.64,17.7,96,0.641
699821d4e161b702e08a720f,41300231,1610612760,127.1,107,0.512,-17.7,96,0.552
699821d4e161b702e08a7210,41300201,1610612754,106.3,96.1,0.457,-6.3,96,0.517
699821d4e161b702e08a7211,41300147,1610612759,101.1,125.9,0.635,22.9,95.5,0.672
699821d4e161b702e08a7212,41300127,1610612761,120.9,119,0.507,-1.2,86,0.588
699821d4e161b702e08a7213,41300127,1610612751,119.8,120.6,0.506,1.2,86,0.552
699821d4e161b702e08a7214,41300147,1610612742,124,97.5,0.46,-22.9,95.5,0.503
699821d4e161b702e08a7215,41300107,1610612754,88.9,101.4,0.493,13.3,90,0.556
699821d4e161b702e08a7216,41300157,1610612760,113.5,128.8,0.688,11.5,96,0.73
699821d4e161b702e08a7217,41300167,1610612746,116.3,120.6,0.602,6,103.5,0.646
699821d4e161b702e08a7218,41300167,1610612744,122.3,117,0.582,-6,103.5,0.641
699821d4e161b702e08a7219,41300157,1610612763,125,106.9,0.476,-11.5,96,0.556
699821d4e161b702e08a721a,41300107,1610612737,102.2,85.1,0.364,-13.3,90,0.404
699821d4e161b702e08a721b,41300126,1610612751,89.2,106.6,0.506,15.1,93,0.551
699821d4e161b702e08a721c,41300146,1610612759,115.3,116.4,0.58,-3.2,98.5,0.636
699821d4e161b702e08a721d,41300176,1610612745,112.5,106.9,0.5,-3.6,89,0.553
699821d4e161b702e08a721e,41300176,1610612757,108.9,108,0.482,3.6,89,0.54
699821d4e161b702e08a721f,41300146,1610612742,112.1,112.4,0.563,3.2,98.5,0.579
699821d4e161b702e08a7220,41300126,1610612761,104.3,89.4,0.429,-15.1,93,0.478
699821d4e161b702e08a7221,41300156,1610612760,91.3,114.3,0.54,21.7,92,0.605
699821d4e161b702e08a7222,41300106,1610612754,95.7,102.3,0.468,6.5,92.5,0.534
699821d4e161b702e08a7223,41300166,1610612744,105.3,105,0.433,2.2,93.5,0.475
699821d4e161b702e08a7224,41300166,1610612746,107.5,101.5,0.436,-2.2,93.5,0.492
699821d4e161b702e08a7225,41300106,1610612737,102.2,93.1,0.414,-6.5,92.5,0.481
699821d4e161b702e08a7226,41300156,1610612763,113,89.1,0.392,-21.7,92,0.441
699821d4e161b702e08a7227,41300175,1610612745,108.9,110.3,0.516,8.5,91,0.546
699821d4e161b702e08a7228,41300145,1610612759,110.8,116.1,0.511,6.5,93,0.546
699821d4e161b702e08a7229,41300125,1610612761,122.8,118.8,0.558,-0.5,93,0.619
699821d4e161b702e08a722a,41300125,1610612751,122.3,121.2,0.607,0.5,93,0.641
699821d4e161b702e08a722b,41300145,1610612742,117.2,108.9,0.506,-6.5,93,0.539
699821d4e161b702e08a722c,41300175,1610612757,117.4,103,0.488,-8.5,91,0.526
699821d4e161b702e08a722d,41300155,1610612763,102.1,104.8,0.466,1,87.85,0.508
699821d4e161b702e08a722e,41300165,1610612746,109.6,120.2,0.539,11.9,93.5,0.601
699821d4e161b702e08a722f,41300135,1610612764,84.1,91.1,0.419,5.1,83,0.455
699821d4e161b702e08a7230,41300135,1610612741,89.3,83.7,0.373,-5.1,83,0.418
699821d4e161b702e08a7231,41300165,1610612744,121.5,109.2,0.529,-11.9,93.5,0.552
699821d4e161b702e08a7232,41300155,1610612760,103.1,100.7,0.457,-1,87.85,0.493
699821d4e161b702e08a7233,41300114,1610612748,106.5,115,0.558,13.3,91.5,0.6
699821d4e161b702e08a7234,41300144,1610612759,95.7,99.3,0.481,6.5,92,0.519
699821d4e161b702e08a7235,41300105,1610612737,105.4,115.7,0.614,12.1,91.5,0.664
699821d4e161b702e08a7236,41300105,1610612754,117.6,105.5,0.551,-12.1,91.5,0.564
699821d4e161b702e08a7237,41300144,1610612742,102.2,99.6,0.423,-6.5,92,0.462
699821d4e161b702e08a7238,41300114,1610612766,119.8,106.3,0.558,-13.3,91.5,0.596
699821d4e161b702e08a7239,41300164,1610612744,102.1,123.8,0.655,22.1,95,0.684
699821d4e161b702e08a723a,41300174,1610612757,116.5,118,0.555,1.8,93.74,0.59
699821d4e161b702e08a723b,41300124,1610612761,89.8,98.7,0.453,9.1,88,0.511
699821d4e161b702e08a723c,41300134,1610612764,104.7,110.1,0.453,9.2,85.5,0.505
699821d4e161b702e08a723d,41300134,1610612741,114,100.6,0.474,-9.2,85.5,0.521
699821d4e161b702e08a723e,41300124,1610612751,98.9,91.1,0.441,-9.1,88,0.489
699821d4e161b702e08a723f,41300174,1610612745,118.3,116.8,0.554,-1.8,93.74,0.596
699821d4e161b702e08a7240,41300164,1610612746,124.2,97.4,0.494,-22.1,95,0.554
699821d4e161b702e08a7241,41300113,1610612748,95.5,105.6,0.488,13.4,89.5,0.534
699821d4e161b702e08a7242,41300104,1610612754,98.9,103.2,0.539,2.2,89.5,0.547
699821d4e161b702e08a7243,41300143,1610612759,114.7,115.5,0.58,0.2,94.5,0.61
699821d4e161b702e08a7244,41300154,1610612760,90.8,92.2,0.411,2.1,89.21,0.466
699821d4e161b702e08a7245,41300154,1610612763,92.9,88.9,0.404,-2.1,89.21,0.427
699821d4e161b702e08a7246,41300143,1610612742,114.9,112,0.567,-0.2,94.5,0.603
699821d4e161b702e08a7247,41300104,1610612737,101.1,91.2,0.423,-2.2,89.5,0.481
699821d4e161b702e08a7248,41300113,1610612766,108.9,95,0.469,-13.4,89.5,0.534
699821d4e161b702e08a7249,41300123,1610612751,104.3,110.5,0.545,5.4,93.5,0.612
699821d4e161b702e08a724a,41300173,1610612757,121,115.6,0.511,-5,90.57,0.567
699821d4e161b702e08a724b,41300133,1610612741,106.6,106.2,0.563,4.5,90.5,0.594
699821d4e161b702e08a724c,41300133,1610612764,111.1,104,0.477,-4.5,90.5,0.509
699821d4e161b702e08a724d,41300173,1610612745,116,119,0.486,5,90.57,0.528
699821d4e161b702e08a724e,41300123,1610612761,109.7,103.9,0.515,-5.4,93.5,0.588
699821d4e161b702e08a724f,41300153,1610612763,95,97.4,0.467,4,90.11,0.497
699821d4e161b702e08a7250,41300103,1610612737,86.7,98.7,0.466,15.3,97,0.549
699821d4e161b702e08a7251,41300163,1610612746,103.2,103,0.512,-0.1,94,0.51
699821d4e161b702e08a7252,41300163,1610612744,103.2,97.4,0.449,0.1,94,0.482
699821d4e161b702e08a7253,41300103,1610612754,102.1,87.4,0.406,-15.3,97,0.451
699821d4e161b702e08a7254,41300153,1610612760,99,93.9,0.42,-4,90.11,0.474
699821d4e161b702e08a7255,41300142,1610612742,103.4,121.5,0.533,22.2,89.5,0.57
699821d4e161b702e08a7256,41300112,1610612748,104.3,108.9,0.59,4.3,93,0.633
699821d4e161b702e08a7257,41300172,1610612757,106.1,113.3,0.524,5.9,99.5,0.584
699821d4e161b702e08a7258,41300172,1610612745,112,100.8,0.45,-5.9,99.5,0.509
699821d4e161b702e08a7259,41300112,1610612766,108.6,100.7,0.472,-4.3,93,0.503
699821d4e161b702e08a725a,41300142,1610612759,125.6,100.3,0.578,-22.2,89.5,0.599
699821d4e161b702e08a725b,41300102,1610612754,95.5,113.6,0.588,15.5,90,0.632
699821d4e161b702e08a725c,41300122,1610612761,108,107.8,0.487,5.7,88,0.551
699821d4e161b702e08a725d,41300132,1610612764,104.2,104.9,0.531,2.1,86.04,0.547
699821d4e161b702e08a725e,41300132,1610612741,106.3,103.6,0.46,-2.1,86.04,0.502
699821d4e161b702e08a725f,41300122,1610612751,113.6,107.6,0.487,-5.7,88,0.532
699821d4e161b702e08a7260,41300102,1610612737,111,94.5,0.456,-15.5,90,0.489
699821d4e161b702e08a7261,41300162,1610612746,99,134.8,0.639,41.8,98.5,0.701
699821d4e161b702e08a7262,41300152,1610612763,109.4,117.4,0.517,7.5,86.49,0.569
699821d4e161b702e08a7263,41300152,1610612760,116.8,108.2,0.446,-7.5,86.49,0.505
699821d4e161b702e08a7264,41300162,1610612744,140.8,97.1,0.5,-41.8,98.5,0.558
699821d4e161b702e08a7265,41300131,1610612764,105.7,112.8,0.514,10.2,88,0.57
699821d4e161b702e08a7266,41300141,1610612759,94.4,97.1,0.451,3.4,91,0.496
699821d4e161b702e08a7267,41300171,1610612757,112.1,111.8,0.479,4,96,0.534
699821d4e161b702e08a7268,41300111,1610612748,97.8,109.5,0.533,14.7,89,0.566
699821d4e161b702e08a7269,41300111,1610612766,112.5,96.4,0.506,-14.7,89,0.522
699821d4e161b702e08a726a,41300171,1610612745,116.2,105.6,0.448,-4,96,0.489
699821d4e161b702e08a726b,41300141,1610612742,97.8,94.7,0.447,-3.4,91,0.468
699821d4e161b702e08a726c,41300131,1610612741,115.9,106.4,0.451,-10.2,88,0.503
699821d4e161b702e08a726d,41300151,1610612760,91.5,104.1,0.474,12.7,95,0.555
699821d4e161b702e08a726e,41300101,1610612737,101.1,110.1,0.507,9.9,91.5,0.569
699821d4e161b702e08a726f,41300121,1610612751,94.6,100.1,0.45,9.9,91,0.512
699821d4e161b702e08a7270,41300161,1610612746,107.9,103.6,0.482,-4,101,0.523
699821d4e161b702e08a7271,41300161,1610612744,104,100,0.506,4,101,0.54
699821d4e161b702e08a7272,41300121,1610612761,104.4,93.5,0.451,-9.9,91,0.53
699821d4e161b702e08a7273,41300101,1610612754,111,98.8,0.475,-9.9,91.5,0.51
699821d4e161b702e08a7274,41300151,1610612763,104.2,88.1,0.374,-12.7,95,0.411
699821d4e161b702e08a7275,11300110,1610612745,78.5,97,0.447,20.4,93,0.475
699821d4e161b702e08a7276,11300108,1610612740,85.4,105.2,0.604,18.7,96.5,0.647
699821d4e161b702e08a7277,11300115,1610612754,78.6,99.8,0.444,21.4,98,0.499
699821d4e161b702e08a7278,11300116,1610612758,101,110.9,0.482,10.1,99,0.544
699821d4e161b702e08a7279,11300113,1610612751,95.6,115,0.664,23.1,91,0.667
699821d4e161b702e08a727a,11300109,1610612741,87.3,92,0.385,3.1,103,0.451
699821d4e161b702e08a727b,11300111,1610612747,107.1,111.9,0.581,6.2,98.5,0.622
699821d4e161b702e08a727c,11300112,1610612766,89.2,91.8,0.433,3.1,92.5,0.44
699821d4e161b702e08a727d,11300112,1610612752,92.4,89.5,0.434,-3.1,92.5,0.468
699821d4e161b702e08a727e,11300111,1610612762,113.3,107.3,0.5,-6.2,98.5,0.531
699821d4e161b702e08a727f,11300109,1610612743,90.4,85.7,0.464,-3.1,103,0.48
699821d4e161b702e08a7280,11300113,1610612748,118.7,92.8,0.513,-23.1,91,0.539
699821d4e161b702e08a7281,11300116,1610612746,111.1,100.5,0.48,-10.1,99,0.565
699821d4e161b702e08a7282,11300115,1610612742,100,77.4,0.397,-21.4,98,0.456
699821d4e161b702e08a7283,11300108,1610612753,104.1,85,0.373,-18.7,96.5,0.434
699821d4e161b702e08a7284,11300110,1610612763,98.9,77.2,0.333,-20.4,93,0.421
699821d4e161b702e08a7285,11300107,1610612757,73.3,86.3,0.398,15,101.5,0.472
699821d4e161b702e08a7286,11300104,1610612766,100,112.4,0.494,14.1,92,0.539
699821d4e161b702e08a7287,11300105,1610612745,93.9,109.7,0.522,18.5,97.5,0.56
699821d4e161b702e08a7288,11300106,1610612765,102.1,104.3,0.533,3.2,95,0.55
699821d4e161b702e08a7289,11300106,1610612750,105.3,100.5,0.494,-3.2,95,0.542
699821d4e161b702e08a728a,11300105,1610612759,112.4,90.7,0.438,-18.5,97.5,0.482
699821d4e161b702e08a728b,11300104,1610612739,114.1,98.7,0.457,-14.1,92,0.51
699821d4e161b702e08a728c,11300107,1610612744,88.2,71,0.34,-15,101.5,0.362
699821d4e161b702e08a728d,11300093,1610612761,75.8,110.8,0.519,36.7,95.5,0.584
699821d4e161b702e08a728e,11300099,1610612756,81.4,95.7,0.5,18.6,97.5,0.519
699821d4e161b702e08a728f,11300095,1610612750,91.9,111.9,0.516,20.7,111,0.564
699821d4e161b702e08a7290,11300097,1610612749,106.7,113.1,0.597,11.2,89,0.634
699821d4e161b702e08a7291,11300094,1610612738,102.1,104.9,0.487,3.1,95.5,0.553
699821d4e161b702e08a7292,11300096,1610612764,87.2,105.5,0.546,19.1,94.5,0.545
699821d4e161b702e08a7293,11300098,1610612748,100,114.5,0.587,14.9,94.5,0.618
699821d4e161b702e08a7294,11300101,1610612742,95.7,103.2,0.529,8.6,93,0.545
699821d4e161b702e08a7295,11300103,1610612741,101.1,110.3,0.547,8.4,94.5,0.602
699821d4e161b702e08a7296,11300102,1610612746,93.4,96.6,0.416,3.8,106,0.497
699821d4e161b702e08a7297,11300100,1610612744,93.8,90.6,0.476,-2,97.5,0.498
699821d4e161b702e08a7298,11300100,1610612758,91.8,92.8,0.493,2,97.5,0.554
699821d4e161b702e08a7299,11300102,1610612762,97.2,92.5,0.454,-3.8,106,0.505
699821d4e161b702e08a729a,11300103,1610612760,109.5,98.8,0.486,-8.4,94.5,0.545
699821d4e161b702e08a729b,11300101,1610612737,104.3,94.6,0.479,-8.6,93,0.524
699821d4e161b702e08a729c,11300098,1610612740,114.9,98.3,0.538,-14.9,94.5,0.596
699821d4e161b702e08a729d,11300096,1610612739,106.3,84.2,0.441,-19.1,94.5,0.486
699821d4e161b702e08a729e,11300094,1610612751,105.2,100,0.455,-3.1,95.5,0.527
699821d4e161b702e08a729f,11300097,1610612752,118,100.9,0.455,-11.2,89,0.484
699821d4e161b702e08a72a0,11300095,1610612755,112.6,88.4,0.385,-20.7,111,0.442
699821d4e161b702e08a72a1,11300099,1610612743,100,79.8,0.371,-18.6,97.5,0.411
699821d4e161b702e08a72a2,11300093,1610612763,112.5,72.8,0.38,-36.7,95.5,0.414
699821d4e161b702e08a72a3,11300088,1610612756,79.2,84.6,0.415,11.6,96.5,0.435
699821d4e161b702e08a72a4,11300092,1610612747,94.9,108.3,0.539,14.1,99,0.608
699821d4e161b702e08a72a5,11300091,1610612759,98.1,116.4,0.597,20.2,103.5,0.63
699821d4e161b702e08a72a6,11300089,1610612754,94.7,111.8,0.564,18,94.5,0.61
699821d4e161b702e08a72a7,11300090,1610612765,102.1,105.1,0.559,3.2,94,0.581
699821d4e161b702e08a72a8,11300090,1610612764,105.3,101.7,0.475,-3.2,94,0.508
699821d4e161b702e08a72a9,11300089,1610612737,112.6,92,0.506,-18,94.5,0.538
699821d4e161b702e08a72aa,11300091,1610612753,118.3,97.2,0.495,-20.2,103.5,0.516
699821d4e161b702e08a72ab,11300092,1610612762,109.1,90,0.443,-14.1,99,0.473
699821d4e161b702e08a72ac,11300088,1610612760,90.7,75.6,0.397,-11.6,96.5,0.429
699821d4e161b702e08a72ad,11300086,1610612741,84.8,101.9,0.47,20.2,99.5,0.541
699821d4e161b702e08a72ae,11300085,1610612739,85.3,95.5,0.494,9.2,109.5,0.531
699821d4e161b702e08a72af,11300084,1610612761,105.3,106.4,0.479,2.6,94.34,0.546
699821d4e161b702e08a72b0,11300087,1610612745,94.1,97.6,0.494,5,101,0.524
699821d4e161b702e08a72b1,11300087,1610612742,99,89.9,0.452,-5,101,0.476
699821d4e161b702e08a72b2,11300084,1610612752,107.9,101,0.471,-2.6,94.34,0.505
699821d4e161b702e08a72b3,11300085,1610612755,94.5,83.8,0.375,-9.2,109.5,0.452
699821d4e161b702e08a72b4,11300086,1610612749,105,82.7,0.413,-20.2,99.5,0.497
699821d4e161b702e08a72b5,11300082,1610612760,85.4,90.8,0.405,7.2,95.5,0.495
699821d4e161b702e08a72b6,11300081,1610612750,92.7,108.4,0.494,14.5,96.5,0.553
699821d4e161b702e08a72b7,11300079,1610612763,79.6,84.8,0.474,7.8,103,0.517
699821d4e161b702e08a72b8,11300083,1610612757,107.1,109.5,0.543,4.1,98,0.589
699821d4e161b702e08a72b9,11300080,1610612753,88.7,87.9,0.487,0.1,97.5,0.506
699821d4e161b702e08a72ba,11300080,1610612765,88.8,88.7,0.458,-0.1,97.5,0.518
699821d4e161b702e08a72bb,11300083,1610612758,111.2,105.2,0.469,-4.1,98,0.496
699821d4e161b702e08a72bc,11300079,1610612737,87.4,78.8,0.383,-7.8,103,0.446
699821d4e161b702e08a72bd,11300081,1610612738,107.2,93.3,0.401,-14.5,96.5,0.457
699821d4e161b702e08a72be,11300082,1610612762,92.6,86.2,0.421,-7.2,95.5,0.455
699821d4e161b702e08a72bf,11300077,1610612754,79.8,98.6,0.487,24.3,98.5,0.54
699821d4e161b702e08a72c0,11300076,1610612748,95,120.2,0.648,24.8,101,0.667
699821d4e161b702e08a72c1,11300078,1610612746,101.8,105.6,0.562,6.4,98.72,0.604
699821d4e161b702e08a72c2,11300075,1610612742,85.6,92,0.465,5.2,97.5,0.491
699821d4e161b702e08a72c3,11300074,1610612764,88.6,85.8,0.465,-3,104.5,0.531
699821d4e161b702e08a72c4,11300074,1610612740,85.6,88.8,0.457,3,104.5,0.507
699821d4e161b702e08a72c5,11300075,1610612766,90.8,84.2,0.426,-5.2,97.5,0.503
699821d4e161b702e08a72c6,11300078,1610612743,108.3,99.8,0.529,-6.4,98.72,0.554
699821d4e161b702e08a72c7,11300076,1610612759,119.8,95.2,0.486,-24.8,101,0.566
699821d4e161b702e08a72c8,11300077,1610612739,104.1,78.2,0.314,-24.3,98.5,0.411
699821d4e161b702e08a72c9,11300072,1610612744,87.3,112.4,0.594,25.5,102,0.603
699821d4e161b702e08a72ca,11300071,1610612741,108.9,114.4,0.522,4.3,90.5,0.599
699821d4e161b702e08a72cb,11300073,1610612757,84.8,89.1,0.452,8.2,100,0.537
699821d4e161b702e08a72cc,11300070,1610612763,97.8,98.1,0.465,5.3,93.5,0.496
699821d4e161b702e08a72cd,11300070,1610612753,103.2,95.5,0.461,-5.3,93.5,0.515
699821d4e161b702e08a72ce,11300073,1610612746,93.1,84.4,0.36,-8.2,100,0.435
699821d4e161b702e08a72cf,11300071,1610612754,113.2,100.6,0.493,-4.3,90.5,0.536
699821d4e161b702e08a72d0,11300072,1610612747,112.7,85.5,0.45,-25.5,102,0.494
699821d4e161b702e08a72d1,11300069,1610612751,72.1,93.7,0.48,25.6,87,0.519
699821d4e161b702e08a72d2,11300063,1610612766,84.8,109.1,0.519,27.4,98.5,0.568
699821d4e161b702e08a72d3,11300067,1610612758,90,102.1,0.488,15.9,100.5,0.541
699821d4e161b702e08a72d4,11300065,1610612739,87.5,100.7,0.494,12.5,96,0.525
699821d4e161b702e08a72d5,11300064,1610612752,93.7,102.6,0.531,8.4,95.5,0.56
699821d4e161b702e08a72d6,11300068,1610612737,102.9,97.4,0.494,-3.9,104,0.527
699821d4e161b702e08a72d7,11300066,1610612740,107.4,112.7,0.54,3.2,95,0.595
699821d4e161b702e08a72d8,11300066,1610612760,110.5,108.7,0.575,-3.2,95,0.623
699821d4e161b702e08a72d9,11300068,1610612759,99,99,0.528,3.9,104,0.558
699821d4e161b702e08a72da,11300064,1610612764,102.1,89,0.424,-8.4,95.5,0.459
699821d4e161b702e08a72db,11300065,1610612765,100,83.6,0.44,-12.5,96,0.486
699821d4e161b702e08a72dc,11300067,1610612756,105.9,85.1,0.494,-15.9,100.5,0.485
699821d4e161b702e08a72dd,11300063,1610612755,112.2,80.1,0.422,-27.4,98.5,0.462
699821d4e161b702e08a72de,11300069,1610612748,97.7,71.8,0.356,-25.6,87,0.381
699821d4e161b702e08a72df,11300060,1610612741,87.1,103.3,0.507,16.1,93,0.552
699821d4e161b702e08a72e0,11300059,1610612742,95.5,97.7,0.451,5.6,90,0.473
699821d4e161b702e08a72e1,11300061,1610612745,107.2,110.3,0.506,4.1,97,0.563
699821d4e161b702e08a72e2,11300062,1610612757,90.2,95.5,0.444,7.8,101.5,0.478
699821d4e161b702e08a72e3,11300058,1610612761,105.4,105.6,0.507,2.2,92,0.591
699821d4e161b702e08a72e4,11300058,1610612738,107.6,102.5,0.47,-2.2,92,0.518
699821d4e161b702e08a72e5,11300062,1610612762,98,88.6,0.413,-7.8,101.5,0.48
699821d4e161b702e08a72e6,11300061,1610612753,111.3,103.1,0.489,-4.1,97,0.51
699821d4e161b702e08a72e7,11300059,1610612754,101.1,92.2,0.4,-5.6,90,0.461
699821d4e161b702e08a72e8,11300060,1610612765,103.2,85.5,0.381,-16.1,93,0.437
699821d4e161b702e08a72e9,11300054,1610612760,87.1,116.2,0.482,30.1,93,0.546
699821d4e161b702e08a72ea,11300052,1610612766,79.6,100.9,0.478,19.4,93,0.54
699821d4e161b702e08a72eb,11300051,1610612764,84.5,100.6,0.538,18.6,97,0.579
699821d4e161b702e08a72ec,11300057,1610612744,94.1,101,0.494,4,101.5,0.543
699821d4e161b702e08a72ed,11300055,1610612746,100,103.6,0.588,6.3,96,0.597
699821d4e161b702e08a72ee,11300056,1610612751,80.8,80.9,0.375,2,99,0.449
699821d4e161b702e08a72ef,11300053,1610612763,102.1,105.1,0.462,4.2,96.5,0.531
699821d4e161b702e08a72f0,11300053,1610612749,106.3,100.6,0.5,-4.2,96.5,0.553
699821d4e161b702e08a72f1,11300056,1610612738,82.8,75.8,0.385,-2,99,0.423
699821d4e161b702e08a72f2,11300055,1610612756,106.3,99.5,0.525,-6.3,96,0.549
699821d4e161b702e08a72f3,11300057,1610612747,98,93.4,0.5,-4,101.5,0.536
699821d4e161b702e08a72f4,11300051,1610612748,103.1,83.6,0.44,-18.6,97,0.482
699821d4e161b702e08a72f5,11300052,1610612739,98.9,74.8,0.388,-19.4,93,0.441
699821d4e161b702e08a72f6,11300054,1610612743,117.2,83.3,0.422,-30.1,93,0.47
699821d4e161b702e08a72f7,11300047,1610612751,94.2,119.2,0.618,29.1,103,0.638
699821d4e161b702e08a72f8,11300049,1610612758,96.7,105.1,0.487,13.3,90.5,0.537
699821d4e161b702e08a72f9,11300050,1610612753,96.9,103,0.589,7.2,97.5,0.607
699821d4e161b702e08a72fa,11300048,1610612743,88.7,91.7,0.435,4.7,105.5,0.467
699821d4e161b702e08a72fb,11300048,1610612759,93.3,89.6,0.507,-4.7,105.5,0.534
699821d4e161b702e08a72fc,11300050,1610612742,104.1,94.1,0.408,-7.2,97.5,0.475
699821d4e161b702e08a72fd,11300049,1610612746,110,93.7,0.494,-13.3,90.5,0.512
699821d4e161b702e08a72fe,11300047,1610612755,123.3,92.9,0.44,-29.1,103,0.488
699821d4e161b702e08a72ff,11300046,1610612763,71.4,118.7,0.649,48.2,97.5,0.693
699821d4e161b702e08a7300,11300043,1610612740,74.5,104.7,0.58,32.7,98,0.623
699821d4e161b702e08a7301,11300044,1610612745,99,107.1,0.547,10.2,98.5,0.576
699821d4e161b702e08a7302,11300045,1610612759,107.1,98.9,0.488,-8.1,99.5,0.537
699821d4e161b702e08a7303,11300045,1610612756,99,99.8,0.517,8.1,99.5,0.539
699821d4e161b702e08a7304,11300044,1610612754,109.2,98.9,0.514,-10.2,98.5,0.576
699821d4e161b702e08a7305,11300043,1610612737,107.1,74.4,0.425,-32.7,98,0.473
699821d4e161b702e08a7306,11300046,93,119.6,70.9,0.349,-48.2,97.5,0.381
699821d4e161b702e08a7307,11300040,1610612738,89,116.6,0.611,31.6,91.5,0.651
699821d4e161b702e08a7308,11300039,1610612746,82.2,111.4,0.622,35.6,90,0.63
699821d4e161b702e08a7309,11300041,1610612765,88,96.1,0.542,10,100.5,0.596
699821d4e161b702e08a730a,11300042,1610612766,84.4,90.3,0.394,7.8,90,0.452
699821d4e161b702e08a730b,11300037,1610612741,82.7,85.6,0.458,1.2,98.5,0.5
699821d4e161b702e08a730c,11300038,1610612761,96,104,0.564,6.9,101,0.612
699821d4e161b702e08a730d,11300038,1610612750,103,95.1,0.403,-6.9,101,0.49
699821d4e161b702e08a730e,11300037,1610612764,83.8,80.6,0.378,-1.2,98.5,0.433
699821d4e161b702e08a730f,11300042,1610612749,92.2,81.5,0.43,-7.8,90,0.451
699821d4e161b702e08a7310,11300041,1610612751,98,85.2,0.439,-10,100.5,0.493
699821d4e161b702e08a7311,11300039,1610612762,117.8,79.8,0.404,-35.6,90,0.417
699821d4e161b702e08a7312,11300040,1610612752,120.7,83.5,0.351,-31.6,91.5,0.413
699821d4e161b702e08a7313,11300035,1610612757,88.7,98.1,0.528,9.3,97.5,0.572
699821d4e161b702e08a7314,11300033,1610612755,86.7,97.1,0.526,11.2,98.5,0.546
699821d4e161b702e08a7315,11300032,1610612761,91.9,96.9,0.486,7.1,100,0.567
699821d4e161b702e08a7316,11300036,1610612748,86.2,98.4,0.493,12.6,87,0.51
699821d4e161b702e08a7317,11300034,1610612739,109.4,106.5,0.435,5.2,96,0.528
699821d4e161b702e08a7318,11300034,1610612753,114.6,103.6,0.569,-5.2,96,0.594
699821d4e161b702e08a7319,11300036,1610612766,98.9,83.1,0.423,-12.6,87,0.467
699821d4e161b702e08a731a,11300032,1610612752,99,90.7,0.423,-7.1,100,0.458
699821d4e161b702e08a731b,11300033,1610612738,98,85.8,0.39,-11.2,98.5,0.442
699821d4e161b702e08a731c,11300035,1610612762,98,87.6,0.429,-9.3,97.5,0.477
699821d4e161b702e08a731d,11300031,1610612745,94.1,113.9,0.578,19.6,102,0.625
699821d4e161b702e08a731e,11300029,1610612758,88.7,109,0.585,18.6,97,0.602
699821d4e161b702e08a731f,11300030,1610612748,107,111.4,0.537,6.1,99.5,0.58
699821d4e161b702e08a7320,11300028,1610612750,93.7,98.5,0.436,9.5,95,0.487
699821d4e161b702e08a7321,11300028,1610612749,103.2,91.3,0.513,-9.5,95,0.533
699821d4e161b702e08a7322,11300030,1610612765,113.1,105.8,0.493,-6.1,99.5,0.575
699821d4e161b702e08a7323,11300029,1610612747,107.2,87.8,0.393,-18.6,97,0.453
699821d4e161b702e08a7324,11300031,1610612754,113.7,90.4,0.426,-19.6,102,0.489
699821d4e161b702e08a7325,11300022,1610612750,97.8,110.5,0.513,14.4,90.5,0.558
699821d4e161b702e08a7326,11300023,1610612740,96.9,97.3,0.44,3.1,98.5,0.517
699821d4e161b702e08a7327,11300025,1610612756,99,103.8,0.518,6.1,99,0.546
699821d4e161b702e08a7328,11300024,1610612742,90,96.5,0.5,5,100,0.525
699821d4e161b702e08a7329,11300027,1610612759,95.9,97.9,0.471,2.1,87.85,0.511
699821d4e161b702e08a732a,11300026,1610612752,109.7,109.9,0.58,-0.1,93.5,0.608
699821d4e161b702e08a732b,11300026,1610612738,109.6,107.2,0.556,0.1,93.5,0.585
699821d4e161b702e08a732c,11300027,12308,97.9,95.1,0.506,-2.1,87.85,0.535
699821d4e161b702e08a732d,11300024,1610612763,95,88.8,0.446,-5,100,0.472
699821d4e161b702e08a732e,11300025,1610612757,105.1,96.4,0.513,-6.1,99,0.553
699821d4e161b702e08a732f,11300023,1610612753,100,93.8,0.42,-3.1,98.5,0.473
699821d4e161b702e08a7330,11300022,1610612761,112.2,96.2,0.467,-14.4,90.5,0.52
699821d4e161b702e08a7331,11300020,1610612765,71.9,95,0.421,21.9,96.5,0.48
699821d4e161b702e08a7332,11300017,1610612762,78.8,99,0.489,22.2,99.5,0.515
699821d4e161b702e08a7333,11300015,1610612751,92.2,97.8,0.525,4.3,104.15,0.564
699821d4e161b702e08a7334,11300021,1610612760,91.7,95.2,0.467,3.7,108,0.509
699821d4e161b702e08a7335,11300019,1610612737,91.4,91.2,0.486,2.2,93,0.528
699821d4e161b702e08a7336,11300016,1610612739,85.3,95.2,0.457,10.8,102.5,0.511
699821d4e161b702e08a7337,11300018,1610612747,88.9,87.4,0.421,2,99,0.495
699821d4e161b702e08a7338,11300018,1610612743,90.9,87.2,0.341,-2,99,0.4
699821d4e161b702e08a7339,11300016,1610612749,96.1,82.6,0.403,-10.8,102.5,0.466
699821d4e161b702e08a733a,11300019,1610612766,93.5,88.2,0.401,-2.2,93,0.465
699821d4e161b702e08a733b,11300021,1610612755,95.4,91.1,0.482,-3.7,108,0.512
699821d4e161b702e08a733c,11300015,1610612764,96.5,90.7,0.409,-4.3,104.15,0.496
699821d4e161b702e08a733d,11300017,1610612744,101,78.1,0.376,-22.2,99.5,0.402
699821d4e161b702e08a733e,11300020,93,93.8,70.6,0.45,-21.9,96.5,0.456
699821d4e161b702e08a733f,11300009,1610612756,85.6,124.2,0.653,38.2,104.5,0.665
699821d4e161b702e08a7340,11300007,1610612741,92.6,109.4,0.507,21.4,93.5,0.57
699821d4e161b702e08a7341,11300010,1610612746,86.2,93.1,0.389,7.5,94.5,0.47
699821d4e161b702e08a7342,11300008,12308,102.9,103.3,0.569,0.9,93.74,0.596
699821d4e161b702e08a7343,11300014,1610612744,80.2,91.9,0.47,13.8,100.5,0.51
699821d4e161b702e08a7344,11300011,1610612761,93.7,99.5,0.535,9.5,94.5,0.588
699821d4e161b702e08a7345,11300012,1610612737,93.9,85.3,0.453,-6,98.5,0.506
699821d4e161b702e08a7346,11300013,1610612742,97.9,91.6,0.556,-3.1,96.5,0.579
699821d4e161b702e08a7347,11300013,1610612740,94.8,97.8,0.488,3.1,96.5,0.51
699821d4e161b702e08a7348,11300012,1610612748,87.9,90.6,0.514,6,98.5,0.557
699821d4e161b702e08a7349,11300011,1610612738,103.2,91.4,0.44,-9.5,94.5,0.487
699821d4e161b702e08a734a,11300014,1610612758,94,80.5,0.459,-13.8,100.5,0.49
699821d4e161b702e08a734b,11300008,1610612750,103.8,98.3,0.433,-0.9,93.74,0.47
699821d4e161b702e08a734c,11300010,1610612757,93.7,84.5,0.391,-7.5,94.5,0.451
699821d4e161b702e08a734d,11300007,1610612763,114,90.9,0.465,-21.4,93.5,0.513
699821d4e161b702e08a734e,11300009,93,123.8,83.2,0.456,-38.2,104.5,0.494
699821d4e161b702e08a734f,11300006,1610612743,78.6,84.4,0.453,7.3,112.5,0.501
699821d4e161b702e08a7350,11300005,1610612755,98.1,99.8,0.5,1,106.5,0.575
699821d4e161b702e08a7351,11300005,12324,99.1,92.8,0.458,-1,106.5,0.536
699821d4e161b702e08a7352,11300006,1610612747,85.8,77.2,0.376,-7.3,112.5,0.423
699821d4e161b702e08a7353,11300001,1610612760,93.2,107.6,0.5,13.6,88.5,0.55
699821d4e161b702e08a7354,11300002,1610612741,81.7,88,0.399,6.5,93,0.47
699821d4e161b702e08a7355,11300003,1610612745,116,113.1,0.632,0.2,99.5,0.679
699821d4e161b702e08a7356,11300004,1610612747,87.2,91.7,0.447,8.3,109,0.518
699821d4e161b702e08a7357,11300004,1610612744,95.4,86.9,0.426,-8.3,109,0.473
699821d4e161b702e08a7358,11300003,1610612740,116.2,108.8,0.512,-0.2,99.5,0.56
699821d4e161b702e08a7359,11300002,1610612754,88.2,79.1,0.36,-6.5,93,0.413
699821d4e161b702e08a735a,11300001,12321,106.7,93.6,0.456,-13.6,88.5,0.502
699821d4e161b702e08a735b,41400406,1610612744,97,105.3,0.512,8,100,0.537
699821d4e161b702e08a735c,41400406,1610612739,105,94.9,0.427,-8,100,0.489
699821d4e161b702e08a735d,41400405,1610612744,101.1,108.4,0.56,15.7,89.5,0.578
699821d4e161b702e08a735e,41400405,1610612739,116.9,96.6,0.469,-15.7,89.5,0.504
699821d4e161b702e08a735f,41400404,1610612744,90.1,114.6,0.545,23.1,91,0.579
699821d4e161b702e08a7360,41400404,1610612739,113.2,87.9,0.352,-23.1,91,0.409
699821d4e161b702e08a7361,41400403,1610612739,97.8,99.4,0.52,6.5,92.5,0.555
699821d4e161b702e08a7362,41400403,1610612744,104.3,99.7,0.467,-6.5,92.5,0.478
699821d4e161b702e08a7363,41400402,1610612744,91.3,90.3,0.446,-1.9,94.19,0.495
699821d4e161b702e08a7364,41400402,1610612739,89.4,85.9,0.372,1.9,94.19,0.441
699821d4e161b702e08a7365,41400401,1610612744,99,109.4,0.5,9,91.02,0.553
699821d4e161b702e08a7366,41400401,1610612739,108,98.7,0.463,-9,91.02,0.488
699821d4e161b702e08a7367,41400315,1610612744,89.1,100.3,0.456,13.9,101,0.497
699821d4e161b702e08a7368,41400315,1610612745,103,87.1,0.385,-13.9,101,0.482
699821d4e161b702e08a7369,41400304,1610612739,93.6,121.4,0.569,31.9,94,0.589
699821d4e161b702e08a736a,41400304,1610612737,125.5,93.7,0.453,-31.9,94,0.474
699821d4e161b702e08a736b,41400314,1610612745,107.5,118.6,0.678,11,107.5,0.674
699821d4e161b702e08a736c,41400314,1610612744,118.5,106.8,0.557,-11,107.5,0.56
699821d4e161b702e08a736d,41400303,1610612737,112.9,107.7,0.472,-6.1,92.83,0.544
699821d4e161b702e08a736e,41400303,1610612739,106.7,109.9,0.485,6.1,92.83,0.519
699821d4e161b702e08a736f,41400313,1610612744,81.6,111.9,0.51,34.5,98.5,0.543
699821d4e161b702e08a7370,41400313,1610612745,116.2,77.9,0.367,-34.5,98.5,0.414
699821d4e161b702e08a7371,41400302,1610612739,92.1,105.1,0.513,12.3,89.5,0.538
699821d4e161b702e08a7372,41400302,1610612737,104.4,92.4,0.456,-12.3,89.5,0.484
699821d4e161b702e08a7373,41400312,1610612744,106.5,106.8,0.584,1.1,92,0.598
699821d4e161b702e08a7374,41400312,1610612745,107.6,106.1,0.506,-1.1,92,0.531
699821d4e161b702e08a7375,41400301,1610612739,97.8,101.3,0.5,10,90.5,0.523
699821d4e161b702e08a7376,41400301,1610612737,107.8,96.6,0.468,-10,90.5,0.511
699821d4e161b702e08a7377,41400311,1610612745,111.1,105.7,0.512,-4,99,0.539
699821d4e161b702e08a7378,41400311,1610612744,107.1,109.3,0.522,4,99,0.541
699821d4e161b702e08a7379,41400237,1610612745,96.2,103.6,0.526,11.5,104.5,0.588
699821d4e161b702e08a737a,41400237,1610612746,107.6,97.6,0.484,-11.5,104.5,0.503
699821d4e161b702e08a737b,41400226,1610612744,102.2,117.2,0.599,14,93,0.62
699821d4e161b702e08a737c,41400206,1610612737,94.8,98.6,0.476,4.2,95.5,0.509
699821d4e161b702e08a737d,41400206,1610612764,98.9,92.9,0.387,-4.2,95.5,0.438
699821d4e161b702e08a737e,41400226,1610612763,116.1,99.8,0.396,-14,93,0.456
699821d4e161b702e08a737f,41400216,1610612739,89,109.6,0.494,27,81.5,0.535
699821d4e161b702e08a7380,41400236,1610612745,103.9,115.9,0.5,11.7,103,0.553
699821d4e161b702e08a7381,41400236,1610612746,115.5,98.1,0.456,-11.7,103,0.509
699821d4e161b702e08a7382,41400216,1610612741,116,88.6,0.4,-27,81.5,0.432
699821d4e161b702e08a7383,41400225,1610612744,87.6,110.9,0.556,23.7,88.5,0.574
699821d4e161b702e08a7384,41400205,1610612737,81.8,82.1,0.44,1.9,98.5,0.467
699821d4e161b702e08a7385,41400205,1610612764,83.7,80.2,0.398,-1.9,98.5,0.426
699821d4e161b702e08a7386,41400225,1610612763,111.4,86.3,0.422,-23.7,88.5,0.446
699821d4e161b702e08a7387,41400235,1610612745,103,126.9,0.594,22.3,99.5,0.61
699821d4e161b702e08a7388,41400215,1610612739,114.8,117.8,0.557,8.5,87,0.589
699821d4e161b702e08a7389,41400215,1610612741,123.3,103.8,0.436,-8.5,87,0.514
699821d4e161b702e08a738a,41400235,1610612746,125.3,104.4,0.467,-22.3,99.5,0.492
699821d4e161b702e08a738b,41400224,1610612744,86.6,103,0.563,19.7,96,0.58
699821d4e161b702e08a738c,41400204,1610612737,104.1,107.8,0.523,5.2,97,0.556
699821d4e161b702e08a738d,41400204,1610612764,109.3,101.5,0.518,-5.2,97,0.546
699821d4e161b702e08a738e,41400224,1610612763,106.3,88.5,0.398,-19.7,96,0.438
699821d4e161b702e08a738f,41400234,1610612746,88,118.8,0.576,31.7,107.5,0.6
699821d4e161b702e08a7390,41400214,1610612739,91.3,90.9,0.42,4.3,91,0.503
699821d4e161b702e08a7391,41400214,1610612741,95.6,88.2,0.41,-4.3,91,0.445
699821d4e161b702e08a7392,41400234,1610612745,119.6,88.6,0.482,-31.7,107.5,0.494
699821d4e161b702e08a7393,41400223,1610612763,94.7,103,0.482,9.5,94.5,0.537
699821d4e161b702e08a7394,41400203,1610612764,107.4,106.4,0.538,3.3,93.5,0.567
699821d4e161b702e08a7395,41400203,1610612737,110.8,104.4,0.488,-3.3,93.5,0.539
699821d4e161b702e08a7396,41400223,1610612744,104.2,95.4,0.473,-9.5,94.5,0.516
699821d4e161b702e08a7397,41400233,1610612746,100,125.1,0.633,25.3,99,0.666
699821d4e161b702e08a7398,41400213,1610612741,104.3,103.4,0.411,3.3,92,0.482
699821d4e161b702e08a7399,41400213,1610612739,107.6,102.8,0.476,-3.3,92,0.531
699821d4e161b702e08a739a,41400233,1610612745,125.3,98.4,0.46,-25.3,99,0.487
699821d4e161b702e08a739b,41400212,1610612739,103.4,115.5,0.518,17,88,0.553
699821d4e161b702e08a739c,41400232,1610612745,103.8,107.3,0.456,5.7,105,0.532
699821d4e161b702e08a739d,41400232,1610612746,109.5,102.8,0.488,-5.7,105,0.545
699821d4e161b702e08a739e,41400212,1610612741,120.5,100,0.449,-17,88,0.506
699821d4e161b702e08a739f,41400202,1610612737,95.7,111.6,0.494,17,94,0.552
699821d4e161b702e08a73a0,41400222,1610612763,91.8,99.2,0.476,8.2,97.5,0.528
699821d4e161b702e08a73a1,41400222,1610612744,100,92.5,0.459,-8.2,97.5,0.521
699821d4e161b702e08a73a2,41400202,1610612764,112.8,92.6,0.5,-17,94,0.51
699821d4e161b702e08a73a3,41400231,1610612746,96.2,105.2,0.565,15.2,105,0.602
699821d4e161b702e08a73a4,41400211,1610612741,108.2,115.1,0.563,8.2,85,0.569
699821d4e161b702e08a73a5,41400211,1610612739,116.5,105.3,0.463,-8.2,85,0.515
699821d4e161b702e08a73a6,41400231,1610612745,111.4,89.7,0.518,-15.2,105,0.534
699821d4e161b702e08a73a7,41400221,1610612744,92.5,109.1,0.591,15,93.5,0.604
699821d4e161b702e08a73a8,41400201,1610612764,105.4,111,0.467,4.1,94,0.516
699821d4e161b702e08a73a9,41400201,1610612737,109.5,98.8,0.444,-4.1,94,0.47
699821d4e161b702e08a73aa,41400221,1610612763,107.4,93.8,0.473,-15,93.5,0.52
699821d4e161b702e08a73ab,41400167,1610612746,118.5,120.7,0.618,2.2,92,0.638
699821d4e161b702e08a73ac,41400167,1610612759,120.7,115,0.539,-2.2,92,0.557
699821d4e161b702e08a73ad,41400106,1610612737,88.8,113.7,0.582,25.7,97.5,0.606
699821d4e161b702e08a73ae,41400106,1610612751,114.4,85.7,0.406,-25.7,97.5,0.455
699821d4e161b702e08a73af,41400126,1610612741,70.2,121.2,0.594,56.1,94.5,0.618
699821d4e161b702e08a73b0,41400166,1610612746,104.3,108.9,0.5,6.5,92,0.545
699821d4e161b702e08a73b1,41400166,1610612759,110.9,101.9,0.506,-6.5,92,0.52
699821d4e161b702e08a73b2,41400126,1610612749,126.3,70.7,0.355,-56.1,94.5,0.391
699821d4e161b702e08a73b3,41400175,1610612763,97.9,100.8,0.421,6.3,95,0.484
699821d4e161b702e08a73b4,41400105,1610612737,105.4,112.9,0.56,9.6,92.5,0.583
699821d4e161b702e08a73b5,41400105,1610612751,115.1,104.8,0.538,-9.6,92.5,0.573
699821d4e161b702e08a73b6,41400175,1610612757,104.2,94.6,0.482,-6.3,95,0.515
699821d4e161b702e08a73b7,41400155,1610612745,87,95.5,0.512,7.5,108.5,0.526
699821d4e161b702e08a73b8,41400165,1610612746,107.8,99.6,0.471,-4.9,103.5,0.512
699821d4e161b702e08a73b9,41400165,1610612759,102.9,109.6,0.512,4.9,103.5,0.571
699821d4e161b702e08a73ba,41400155,1610612742,94.5,83.9,0.408,-7.5,108.5,0.456
699821d4e161b702e08a73bb,41400125,1610612749,94.6,97.9,0.459,8.7,92,0.511
699821d4e161b702e08a73bc,41400174,1610612757,101.1,107.3,0.46,8.9,90.5,0.514
699821d4e161b702e08a73bd,41400104,1610612751,112.7,115.1,0.552,4.9,92.38,0.57
699821d4e161b702e08a73be,41400104,1610612737,117.6,113.2,0.553,-4.9,92.38,0.566
699821d4e161b702e08a73bf,41400174,1610612763,110,102,0.482,-8.9,90.5,0.522
699821d4e161b702e08a73c0,41400125,1610612741,103.3,89.1,0.367,-8.7,92,0.428
699821d4e161b702e08a73c1,41400134,1610612764,97.9,131.6,0.655,33.7,95.5,0.703
699821d4e161b702e08a73c2,41400114,1610612739,95.9,106.4,0.442,7.2,97.5,0.521
699821d4e161b702e08a73c3,41400164,1610612746,108.2,114.6,0.565,9.3,97,0.597
699821d4e161b702e08a73c4,41400154,1610612742,105.8,118.3,0.596,12.8,102.5,0.586
699821d4e161b702e08a73c5,41400154,1610612745,118.6,105.2,0.512,-12.8,102.5,0.553
699821d4e161b702e08a73c6,41400164,1610612759,117.5,108.9,0.476,-9.3,97,0.528
699821d4e161b702e08a73c7,41400114,1610612738,103.1,89.2,0.406,-7.2,97.5,0.459
699821d4e161b702e08a73c8,41400134,1610612761,131.6,97.1,0.482,-33.7,95.5,0.518
699821d4e161b702e08a73c9,41400103,1610612751,85.6,93.8,0.428,6.4,98,0.484
699821d4e161b702e08a73ca,41400144,1610612744,107.7,122.3,0.589,12.1,91,0.612
699821d4e161b702e08a73cb,41400173,1610612763,116,118.7,0.494,6.4,94,0.599
699821d4e161b702e08a73cc,41400124,1610612741,96.8,90.2,0.559,-1.1,94.5,0.586
699821d4e161b702e08a73cd,41400124,1610612749,95.7,92.3,0.443,1.1,94.5,0.476
699821d4e161b702e08a73ce,41400173,1610612757,122.3,115.2,0.539,-6.4,94,0.601
699821d4e161b702e08a73cf,41400144,1610612740,119.8,107.5,0.512,-12.1,91,0.55
699821d4e161b702e08a73d0,41400103,1610612737,91.9,83.4,0.389,-6.4,98,0.426
699821d4e161b702e08a73d1,41400163,1610612759,82,114,0.592,31.6,88.5,0.612
699821d4e161b702e08a73d2,41400133,1610612764,101,106.4,0.553,6.1,98.5,0.591
699821d4e161b702e08a73d3,41400153,1610612742,132.7,131.4,0.587,-3.4,98.5,0.631
699821d4e161b702e08a73d4,41400153,1610612745,129.3,127.1,0.586,3.4,98.5,0.617
699821d4e161b702e08a73d5,41400133,1610612761,107.1,93.1,0.424,-6.1,98.5,0.461
699821d4e161b702e08a73d6,41400163,1610612746,113.6,77.4,0.376,-31.6,88.5,0.404
699821d4e161b702e08a73d7,41400123,1610612741,100,107,0.528,6.6,87.72,0.567
699821d4e161b702e08a73d8,41400113,1610612739,100,108.9,0.524,6.2,96,0.545
699821d4e161b702e08a73d9,41400143,1610612740,118.3,115,0.544,-3.8,94.19,0.587
699821d4e161b702e08a73da,41400143,1610612744,114.4,116.9,0.471,3.8,94.19,0.525
699821d4e161b702e08a73db,41400113,1610612738,106.2,97.7,0.47,-6.2,96,0.521
699821d4e161b702e08a73dc,41400123,1610612749,106.6,98.1,0.451,-6.6,87.72,0.469
699821d4e161b702e08a73dd,41400172,1610612763,95.3,108.8,0.472,18.8,85.5,0.51
699821d4e161b702e08a73de,41400162,1610612759,104.9,109.4,0.505,6.1,91.47,0.542
699821d4e161b702e08a73df,41400102,1610612737,98.9,96.6,0.456,4.3,92.5,0.488
699821d4e161b702e08a73e0,41400102,1610612751,103.2,96.9,0.5,-4.3,92.5,0.53
699821d4e161b702e08a73e1,41400162,1610612746,111,102.6,0.473,-6.1,91.47,0.494
699821d4e161b702e08a73e2,41400172,1610612757,114.1,93.3,0.429,-18.8,85.5,0.483
699821d4e161b702e08a73e3,41400132,1610612764,107.1,117,0.595,13.5,98,0.623
699821d4e161b702e08a73e4,41400112,1610612739,97.8,106,0.493,7.5,93.5,0.566
699821d4e161b702e08a73e5,41400152,1610612745,102.1,108.4,0.477,13.6,96.5,0.537
699821d4e161b702e08a73e6,41400152,1610612742,115.6,101.7,0.404,-13.6,96.5,0.489
699821d4e161b702e08a73e7,41400112,1610612738,105.3,98.2,0.424,-7.5,93.5,0.481
699821d4e161b702e08a73e8,41400132,1610612761,120.6,105.9,0.531,-13.5,98,0.563
699821d4e161b702e08a73e9,41400142,1610612744,93.5,102.8,0.494,10.8,93,0.514
699821d4e161b702e08a73ea,41400122,1610612741,88.2,96.9,0.457,9.7,93,0.49
699821d4e161b702e08a73eb,41400122,1610612749,97.8,88.7,0.378,-9.7,93,0.421
699821d4e161b702e08a73ec,41400142,1610612740,104.3,92,0.426,-10.8,93,0.475
699821d4e161b702e08a73ed,41400171,1610612763,88.7,100.6,0.46,15.5,96.5,0.503
699821d4e161b702e08a73ee,41400161,1610612746,92,107.7,0.577,15,100,0.592
699821d4e161b702e08a73ef,41400111,1610612739,108.7,119.6,0.53,12.8,92.5,0.585
699821d4e161b702e08a73f0,41400101,1610612737,97.9,102.4,0.494,6.3,94.5,0.558
699821d4e161b702e08a73f1,41400101,1610612751,104.2,98.2,0.487,-6.3,94.5,0.519
699821d4e161b702e08a73f2,41400111,1610612738,121.5,104.5,0.519,-12.8,92.5,0.564
699821d4e161b702e08a73f3,41400161,1610612759,107,89.8,0.419,-15,100,0.44
699821d4e161b702e08a73f4,41400171,1610612757,104.2,85.7,0.379,-15.5,96.5,0.416
699821d4e161b702e08a73f5,41400121,1610612741,92.9,101.3,0.53,12.2,98,0.556
699821d4e161b702e08a73f6,41400151,1610612745,100,107.5,0.506,10.3,107.5,0.563
699821d4e161b702e08a73f7,41400131,1610612764,87.8,95.3,0.424,7.1,88.75,0.44
699821d4e161b702e08a73f8,41400141,1610612744,98,105,0.525,6.9,101,0.552
699821d4e161b702e08a73f9,41400141,1610612740,105,101,0.476,-6.9,101,0.527
699821d4e161b702e08a73fa,41400131,1610612761,94.9,85.9,0.413,-7.1,88.75,0.438
699821d4e161b702e08a73fb,41400151,1610612742,110.3,98.6,0.475,-10.3,107.5,0.507
699821d4e161b702e08a73fc,41400121,1610612749,105.1,90.6,0.416,-12.2,98,0.453
699821d4e161b702e08a73fd,11400110,1610612742,90.2,113,0.628,24.5,102,0.661
699821d4e161b702e08a73fe,11400118,1610612757,93.7,103.6,0.481,10.5,95,0.541
699821d4e161b702e08a73ff,11400114,1610612756,99,102.7,0.5,5,101,0.551
699821d4e161b702e08a7400,11400112,1610612748,103.2,110.4,0.6,7.5,94.5,0.656
699821d4e161b702e08a7401,11400116,1610612761,89.9,89.3,0.433,4.4,88.5,0.506
699821d4e161b702e08a7402,11400117,1610612744,113.1,115.8,0.581,7.1,99,0.602
699821d4e161b702e08a7403,11400111,1610612750,109.8,112.3,0.57,2.1,101.5,0.61
699821d4e161b702e08a7404,11400113,1610612759,104.3,94.8,0.464,-7.7,91,0.532
699821d4e161b702e08a7405,11400115,1610612758,102.2,100.4,0.449,0,90.5,0.507
699821d4e161b702e08a7406,11400115,1610612747,102.2,100,0.506,0,90.5,0.528
699821d4e161b702e08a7407,11400113,1610612745,96.7,102.7,0.512,7.7,91,0.531
699821d4e161b702e08a7408,11400111,1610612741,111.9,108.6,0.495,-2.1,101.5,0.548
699821d4e161b702e08a7409,11400117,1610612743,120.2,113.4,0.53,-7.1,99,0.579
699821d4e161b702e08a740a,11400116,1610612752,94.3,85.1,0.355,-4.4,88.5,0.412
699821d4e161b702e08a740b,11400112,1610612763,110.6,100,0.482,-7.5,94.5,0.521
699821d4e161b702e08a740c,11400114,1610612762,104,96.6,0.468,-5,101,0.535
699821d4e161b702e08a740d,11400118,1610612746,104.2,92.8,0.519,-10.5,95,0.524
699821d4e161b702e08a740e,11400110,1610612753,114.7,88.8,0.5,-24.5,102,0.519
699821d4e161b702e08a740f,11400107,1610612754,84.9,94.7,0.486,10.7,92.5,0.531
699821d4e161b702e08a7410,11400109,1610612765,108.4,115.2,0.59,5.1,95.5,0.636
699821d4e161b702e08a7411,11400108,1610612740,90.4,88.8,0.402,3.2,94,0.435
699821d4e161b702e08a7412,11400108,1610612742,93.6,89.1,0.417,-3.2,94,0.46
699821d4e161b702e08a7413,11400109,1610612755,113.5,106.2,0.534,-5.1,95.5,0.579
699821d4e161b702e08a7414,11400107,1610612766,95.7,84.5,0.397,-10.7,92.5,0.468
699821d4e161b702e08a7415,11400100,1610612750,92.9,108.4,0.466,19.4,98,0.542
699821d4e161b702e08a7416,11400102,1610612738,86,98.2,0.5,13,100.5,0.545
699821d4e161b702e08a7417,11400099,1610612763,101.1,102.4,0.507,2.1,92,0.541
699821d4e161b702e08a7418,11400104,1610612761,89.5,94.7,0.507,9.5,94,0.567
699821d4e161b702e08a7419,11400105,1610612737,110.3,118.2,0.597,7.9,98,0.636
699821d4e161b702e08a741a,11400101,1610612747,91.5,101.3,0.52,9.6,93.5,0.554
699821d4e161b702e08a741b,11400098,1610612753,95.7,92.9,0.463,-1.1,94,0.501
699821d4e161b702e08a741c,11400103,1610612752,105.3,106.8,0.591,3.2,95,0.61
699821d4e161b702e08a741d,11400106,1610612756,105.9,99.5,0.5,-1.9,101.5,0.593
699821d4e161b702e08a741e,11400106,1610612746,104,107.3,0.543,1.9,101.5,0.571
699821d4e161b702e08a741f,11400103,1610612764,108.4,104.1,0.59,-3.2,95,0.633
699821d4e161b702e08a7420,11400098,1610612745,94.7,92.9,0.418,1.1,94,0.464
699821d4e161b702e08a7421,11400101,1610612757,101.1,91.8,0.493,-9.6,93.5,0.533
699821d4e161b702e08a7422,11400105,1610612759,118.2,106.3,0.578,-7.9,98,0.617
699821d4e161b702e08a7423,11400104,93,98.9,91.8,0.479,-9.5,94,0.528
699821d4e161b702e08a7424,11400099,1610612739,103.2,96.3,0.457,-2.1,92,0.497
699821d4e161b702e08a7425,11400102,1610612751,99,84.1,0.427,-13,100.5,0.492
699821d4e161b702e08a7426,11400100,1610612749,112.2,91.3,0.445,-19.4,98,0.496
699821d4e161b702e08a7427,11400094,1610612757,78.9,99.1,0.474,18.9,95,0.529
699821d4e161b702e08a7428,11400092,1610612750,93.7,113.6,0.532,20.1,94.5,0.593
699821d4e161b702e08a7429,11400097,1610612748,96.6,98.6,0.521,4.5,88.5,0.547
699821d4e161b702e08a742a,11400093,1610612762,94.8,106,0.441,12.4,97,0.51
699821d4e161b702e08a742b,11400096,1610612744,97.3,115.7,0.673,16.4,110,0.702
699821d4e161b702e08a742c,11400095,1610612747,104.6,99.8,0.531,-6.4,99.17,0.579
699821d4e161b702e08a742d,11400095,1610612756,98.2,99.8,0.473,6.4,99.17,0.542
699821d4e161b702e08a742e,11400096,1610612746,113.6,93.8,0.446,-16.4,110,0.529
699821d4e161b702e08a742f,11400093,1610612760,107.1,91.5,0.481,-12.4,97,0.492
699821d4e161b702e08a7430,11400097,1610612745,101.1,92,0.467,-4.5,88.5,0.504
699821d4e161b702e08a7431,11400092,1610612754,113.8,91.2,0.486,-20.1,94.5,0.526
699821d4e161b702e08a7432,11400094,1610612743,97.9,77.2,0.348,-18.9,95,0.378
699821d4e161b702e08a7433,11400088,1610612749,116.3,128.6,0.687,12.7,92.5,0.72
699821d4e161b702e08a7434,11400086,1610612739,108.9,119.6,0.524,10,90,0.573
699821d4e161b702e08a7435,11400087,1610612751,86.3,93.3,0.47,9.8,102.5,0.489
699821d4e161b702e08a7436,11400085,1610612740,91.3,95.7,0.493,3.3,92.5,0.543
699821d4e161b702e08a7437,11400090,1610612742,109.6,113.8,0.54,4.1,94.5,0.569
699821d4e161b702e08a7438,11400091,1610612759,100,105.1,0.519,8.2,98.5,0.583
699821d4e161b702e08a7439,11400089,1610612737,101.8,106.9,0.494,4.6,100.53,0.571
699821d4e161b702e08a743a,11400089,1610612766,106.4,102,0.489,-4.6,100.53,0.544
699821d4e161b702e08a743b,11400091,1610612758,108.2,98.2,0.514,-8.2,98.5,0.583
699821d4e161b702e08a743c,11400090,1610612763,113.7,106.6,0.463,-4.1,94.5,0.522
699821d4e161b702e08a743d,11400085,1610612764,94.6,88,0.441,-3.3,92.5,0.48
699821d4e161b702e08a743e,11400087,1610612755,96.1,85,0.424,-9.8,102.5,0.47
699821d4e161b702e08a743f,11400086,1610612741,118.9,103.2,0.478,-10,90,0.506
699821d4e161b702e08a7440,11400088,1610612752,129,110.8,0.447,-12.7,92.5,0.512
699821d4e161b702e08a7441,11400081,1610612750,94.9,114.1,0.5,19.3,98.5,0.553
699821d4e161b702e08a7442,11400083,1610612741,101.1,107.6,0.513,6.4,94.5,0.568
699821d4e161b702e08a7443,11400082,1610612747,92.9,97.8,0.424,6.1,98.5,0.499
699821d4e161b702e08a7444,11400084,1610612745,84.7,92.3,0.443,6.2,98.5,0.481
699821d4e161b702e08a7445,11400080,1610612751,99,95,0.479,-4.2,104.18,0.537
699821d4e161b702e08a7446,11400080,1610612738,94.7,99.3,0.428,4.2,104.18,0.477
699821d4e161b702e08a7447,11400084,1610612744,90.9,82.1,0.456,-6.2,98.5,0.482
699821d4e161b702e08a7448,11400082,1610612762,99,91.6,0.538,-6.1,98.5,0.581
699821d4e161b702e08a7449,11400083,1610612766,107.4,97.9,0.477,-6.4,94.5,0.505
699821d4e161b702e08a744a,11400081,1610612760,114.3,93.1,0.442,-19.3,98.5,0.506
699821d4e161b702e08a744b,11400075,1610612758,63.4,98.1,0.483,34.4,93,0.57
699821d4e161b702e08a744c,11400074,1610612754,95.9,95.8,0.473,4.1,97.5,0.549
699821d4e161b702e08a744d,11400079,1610612743,96.9,108.1,0.488,10.3,96.5,0.541
699821d4e161b702e08a744e,11400078,1610612748,101.9,107.1,0.5,4.8,95.09,0.568
699821d4e161b702e08a744f,11400076,1610612755,84.8,90.7,0.461,11.1,99,0.529
699821d4e161b702e08a7450,11400077,1610612765,97.1,96.6,0.519,2,104,0.549
699821d4e161b702e08a7451,11400077,1610612737,99,96.4,0.494,-2,104,0.517
699821d4e161b702e08a7452,11400076,1610612753,96,85,0.395,-11.1,99,0.434
699821d4e161b702e08a7453,11400078,1610612759,106.7,99.2,0.488,-4.8,95.09,0.563
699821d4e161b702e08a7454,11400079,1610612746,107.2,93.2,0.411,-10.3,96.5,0.501
699821d4e161b702e08a7455,11400074,1610612742,100,90.9,0.476,-4.1,97.5,0.498
699821d4e161b702e08a7456,11400075,93,97.8,62.4,0.316,-34.4,93,0.345
699821d4e161b702e08a7457,11400067,1610612763,72,112.8,0.576,42.3,99,0.613
699821d4e161b702e08a7458,11400070,1610612757,79.6,129.3,0.651,50.5,93,0.699
699821d4e161b702e08a7459,11400069,1610612761,90.9,111.3,0.552,19.2,99,0.593
699821d4e161b702e08a745a,11400072,1610612742,112.1,112.9,0.541,6.6,91,0.57
699821d4e161b702e08a745b,11400068,1610612749,95.1,99.4,0.506,4.9,104,0.555
699821d4e161b702e08a745c,11400071,1610612748,113.7,120.2,0.643,6.1,95.5,0.687
699821d4e161b702e08a745d,11400065,1610612766,89.6,97.4,0.494,11.5,95.5,0.542
699821d4e161b702e08a745e,11400066,1610612753,86.1,94.6,0.511,11.9,101,0.529
699821d4e161b702e08a745f,11400073,1610612762,98.1,92.5,0.486,-3.9,103,0.565
699821d4e161b702e08a7460,11400073,1610612746,94.2,94.5,0.512,3.9,103,0.532
699821d4e161b702e08a7461,11400066,1610612765,98,85.9,0.413,-11.9,101,0.471
699821d4e161b702e08a7462,11400065,1610612764,101.1,88.1,0.429,-11.5,95.5,0.514
699821d4e161b702e08a7463,11400071,1610612744,119.8,110.3,0.545,-6.1,95.5,0.601
699821d4e161b702e08a7464,11400068,1610612750,100,95.1,0.452,-4.9,104,0.505
699821d4e161b702e08a7465,11400072,1610612739,118.7,109.7,0.561,-6.6,91,0.6
699821d4e161b702e08a7466,11400069,1610612760,110.1,87.2,0.423,-19.2,99,0.463
699821d4e161b702e08a7467,11400070,93,130.1,81.4,0.453,-50.5,93,0.446
699821d4e161b702e08a7468,11400067,12325,114.3,70.6,0.401,-42.3,99,0.461
699821d4e161b702e08a7469,11400061,1610612740,92.5,130.3,0.596,36.6,93,0.644
699821d4e161b702e08a746a,11400064,1610612762,87.8,120,0.561,34.9,97.5,0.6
699821d4e161b702e08a746b,11400062,1610612756,88.2,115.2,0.617,30.4,102,0.623
699821d4e161b702e08a746c,11400059,1610612738,87.5,102.6,0.556,18.2,104.5,0.583
699821d4e161b702e08a746d,11400060,1610612741,89.4,87.4,0.404,1.1,94,0.466
699821d4e161b702e08a746e,11400063,1610612744,95.3,97.6,0.543,2.8,106,0.568
699821d4e161b702e08a746f,11400063,1610612743,98.1,95.1,0.5,-2.8,106,0.548
699821d4e161b702e08a7470,11400060,1610612737,90.4,88.5,0.431,-1.1,94,0.478
699821d4e161b702e08a7471,11400059,1610612755,105.7,86.1,0.444,-18.2,104.5,0.475
699821d4e161b702e08a7472,11400062,1610612759,118.6,86.8,0.479,-30.4,102,0.525
699821d4e161b702e08a7473,11400064,1610612747,122.7,86.3,0.41,-34.9,97.5,0.445
699821d4e161b702e08a7474,11400061,1610612760,129,93.8,0.42,-36.6,93,0.445
699821d4e161b702e08a7475,11400053,1610612765,90.3,111.4,0.524,21.5,93,0.551
699821d4e161b702e08a7476,11400055,1610612753,88,108,0.577,18,100,0.601
699821d4e161b702e08a7477,11400058,1610612751,108.3,120.7,0.583,12.2,97.36,0.646
699821d4e161b702e08a7478,11400054,1610612764,101.1,106.9,0.47,5.3,94.5,0.523
699821d4e161b702e08a7479,11400056,1610612739,98.9,100.2,0.488,5.3,94,0.528
699821d4e161b702e08a747a,11400057,1610612738,93.9,87.8,0.458,-4.9,99,0.487
699821d4e161b702e08a747b,11400057,1610612761,89,90.1,0.463,4.9,99,0.51
699821d4e161b702e08a747c,11400056,1610612754,104.3,97.4,0.429,-5.3,94,0.482
699821d4e161b702e08a747d,11400054,93,106.3,97.3,0.52,-5.3,94.5,0.561
699821d4e161b702e08a747e,11400058,1610612758,120.6,108.5,0.535,-12.2,97.36,0.58
699821d4e161b702e08a747f,11400055,12325,106,83.4,0.457,-18,100,0.492
699821d4e161b702e08a7480,11400053,1610612766,111.8,89.6,0.36,-21.5,93,0.443
699821d4e161b702e08a7481,11400050,1610612740,98,119,0.638,17.8,100.5,0.738
699821d4e161b702e08a7482,11400051,1610612760,107,115.2,0.573,10,100,0.653
699821d4e161b702e08a7483,11400048,1610612752,83.7,92.4,0.471,6.6,92.5,0.526
699821d4e161b702e08a7484,11400052,1610612737,100,106.3,0.569,6.9,102.5,0.602
699821d4e161b702e08a7485,11400049,1610612739,107.5,111.2,0.54,4.1,94,0.607
699821d4e161b702e08a7486,11400049,1610612749,111.6,104,0.513,-4.1,94,0.561
699821d4e161b702e08a7487,11400052,1610612748,106.9,100.2,0.506,-6.9,102.5,0.543
699821d4e161b702e08a7488,11400048,1610612755,90.3,83.8,0.397,-6.6,92.5,0.488
699821d4e161b702e08a7489,11400051,1610612763,117,102.9,0.556,-10,100,0.582
699821d4e161b702e08a748a,11400050,1610612745,115.8,97.3,0.453,-17.8,100.5,0.496
699821d4e161b702e08a748b,11400044,1610612741,93.8,114.9,0.494,20.8,96,0.575
699821d4e161b702e08a748c,11400046,1610612762,98.9,110.5,0.593,12,91,0.591
699821d4e161b702e08a748d,11400045,1610612745,89.3,89.8,0.435,2.9,103,0.476
699821d4e161b702e08a748e,11400047,1610612761,80.9,86.3,0.448,5.3,94,0.513
699821d4e161b702e08a748f,11400043,1610612766,98,96.3,0.441,1,99.5,0.482
699821d4e161b702e08a7490,11400043,1610612753,99,96.9,0.471,-1,99.5,0.505
699821d4e161b702e08a7491,11400047,1610612752,86.2,80.1,0.396,-5.3,94,0.423
699821d4e161b702e08a7492,11400045,1610612756,92.2,86.3,0.464,-2.9,103,0.492
699821d4e161b702e08a7493,11400046,1610612746,110.9,94,0.451,-12,91,0.491
699821d4e161b702e08a7494,11400044,1610612743,114.6,93.2,0.462,-20.8,96,0.502
699821d4e161b702e08a7495,11400042,1610612744,77.3,121.3,0.651,43.5,96.5,0.669
699821d4e161b702e08a7496,11400040,1610612757,112.9,118.9,0.651,5,101,0.691
699821d4e161b702e08a7497,11400038,1610612764,92.7,93.5,0.441,2.1,96,0.521
699821d4e161b702e08a7498,11400041,1610612742,101,106.6,0.522,9.4,96.5,0.522
699821d4e161b702e08a7499,11400039,1610612751,96.9,93.1,0.488,0.1,99,0.515
699821d4e161b702e08a749a,11400039,1610612758,97,95.2,0.456,-0.1,99,0.496
699821d4e161b702e08a749b,11400041,1610612754,110.4,100.3,0.569,-9.4,96.5,0.6
699821d4e161b702e08a749c,11400038,1610612765,94.8,87.5,0.5,-2.1,96,0.496
699821d4e161b702e08a749d,11400040,1610612746,117.8,111,0.537,-5,101,0.55
699821d4e161b702e08a749e,11400042,1610612747,120.8,76.9,0.366,-43.5,96.5,0.419
699821d4e161b702e08a749f,11400037,1610612741,87.6,91,0.458,5.2,97.5,0.529
699821d4e161b702e08a74a0,11400036,1610612752,87,100.6,0.577,17.4,92,0.583
699821d4e161b702e08a74a1,11400034,1610612759,92.8,99.7,0.493,6.2,97,0.576
699821d4e161b702e08a74a2,11400035,1610612763,94.6,98.4,0.458,5.4,93,0.514
699821d4e161b702e08a74a3,11400033,1610612739,115.5,115.1,0.59,2.9,93.28,0.61
699821d4e161b702e08a74a4,11400033,1610612748,118.4,109.5,0.529,-2.9,93.28,0.579
699821d4e161b702e08a74a5,11400035,1610612737,100,95,0.48,-5.4,93,0.52
699821d4e161b702e08a74a6,11400034,12321,99,92,0.494,-6.2,97,0.524
699821d4e161b702e08a74a7,11400036,1610612738,104.3,86.6,0.43,-17.4,92,0.504
699821d4e161b702e08a74a8,11400037,1610612749,92.9,88.4,0.376,-5.2,97.5,0.433
699821d4e161b702e08a74a9,11400027,1610612766,90.5,105.2,0.506,14.8,94.5,0.537
699821d4e161b702e08a74aa,11400032,1610612760,101.9,106.7,0.557,7.4,107.5,0.611
699821d4e161b702e08a74ab,11400030,1610612756,90.8,98.5,0.464,8.2,98,0.508
699821d4e161b702e08a74ac,11400028,1610612753,94.9,97.2,0.5,4.1,97.5,0.529
699821d4e161b702e08a74ad,11400029,1610612750,102.8,106.2,0.515,4.6,107.5,0.546
699821d4e161b702e08a74ae,11400031,1610612761,111.2,119,0.57,4.8,99,0.595
699821d4e161b702e08a74af,11400031,1610612738,116,105.2,0.587,-4.8,99,0.615
699821d4e161b702e08a74b0,11400029,1610612755,107.4,99.8,0.579,-4.6,107.5,0.603
699821d4e161b702e08a74b1,11400028,1610612754,99,94.1,0.438,-4.1,97.5,0.501
699821d4e161b702e08a74b2,11400030,1610612743,99,88.4,0.445,-8.2,98,0.465
699821d4e161b702e08a74b3,11400032,1610612742,109.3,100.2,0.481,-7.4,107.5,0.546
699821d4e161b702e08a74b4,11400027,1610612764,105.3,90.1,0.416,-14.8,94.5,0.455
699821d4e161b702e08a74b5,11400025,1610612765,81.6,95.2,0.414,12.4,99,0.481
699821d4e161b702e08a74b6,11400026,1610612744,108.2,121.4,0.64,15.5,97,0.661
699821d4e161b702e08a74b7,11400023,1610612745,87.7,101.7,0.506,18.9,106,0.576
699821d4e161b702e08a74b8,11400024,1610612757,106.9,103.5,0.494,-4.9,102.5,0.562
699821d4e161b702e08a74b9,11400024,1610612762,101.9,104.8,0.574,4.9,102.5,0.592
699821d4e161b702e08a74ba,11400023,1610612763,106.6,86.7,0.418,-18.9,106,0.488
699821d4e161b702e08a74bb,11400026,1610612747,123.7,107.3,0.444,-15.5,97,0.501
699821d4e161b702e08a74bc,11400025,1610612749,94,80.5,0.412,-12.4,99,0.463
699821d4e161b702e08a74bd,11400016,1610612755,90.2,102.6,0.461,12.7,102.5,0.499
699821d4e161b702e08a74be,11400019,1610612743,99,112.4,0.611,12.7,102,0.652
699821d4e161b702e08a74bf,11400021,1610612738,86.9,108.2,0.556,22.4,98,0.582
699821d4e161b702e08a74c0,11400020,1610612756,87.1,99.4,0.554,11.9,101,0.591
699821d4e161b702e08a74c1,11400018,1610612764,92.7,98.2,0.507,6.2,95.5,0.555
699821d4e161b702e08a74c2,11400022,1610612759,97.9,96.2,0.516,0,95.5,0.599
699821d4e161b702e08a74c3,11400017,1610612763,89.6,87.4,0.429,-4,96.5,0.466
699821d4e161b702e08a74c4,11400017,1610612749,85.6,87.2,0.45,4,96.5,0.479
699821d4e161b702e08a74c5,11400022,12323,97.9,96.1,0.494,0,95.5,0.523
699821d4e161b702e08a74c6,11400018,1610612740,98.9,91.6,0.403,-6.2,95.5,0.454
699821d4e161b702e08a74c7,11400020,12325,99,87.4,0.435,-11.9,101,0.532
699821d4e161b702e08a74c8,11400021,1610612752,109.3,85.2,0.442,-22.4,98,0.532
699821d4e161b702e08a74c9,11400019,1610612760,111.8,99.6,0.391,-12.7,102,0.47
699821d4e161b702e08a74ca,11400016,1610612766,102.9,88.4,0.408,-12.7,102.5,0.455
699821d4e161b702e08a74cb,11400009,1610612762,73,92.7,0.487,18.1,100.5,0.51
699821d4e161b702e08a74cc,11400015,1610612744,89.5,105,0.528,18.2,104.5,0.604
699821d4e161b702e08a74cd,11400011,1610612751,94.9,112.7,0.512,16.1,99.5,0.558
699821d4e161b702e08a74ce,11400010,1610612758,111.6,116.5,0.582,7.4,95,0.635
699821d4e161b702e08a74cf,11400008,1610612754,94.7,103.2,0.506,11.4,96,0.549
699821d4e161b702e08a74d0,11400013,1610612765,103.8,101.2,0.473,-0.1,96,0.516
699821d4e161b702e08a74d1,11400012,1610612753,97.1,101.8,0.494,6.7,94.19,0.529
699821d4e161b702e08a74d2,11400014,1610612745,104.9,103,0.526,4,102.5,0.567
699821d4e161b702e08a74d3,11400014,1610612742,108.8,106.8,0.477,-4,102.5,0.586
699821d4e161b702e08a74d4,11400012,1610612748,103.8,98.2,0.42,-6.7,94.19,0.477
699821d4e161b702e08a74d5,11400013,1610612741,103.7,104.6,0.527,0.1,96,0.591
699821d4e161b702e08a74d6,11400008,1610612750,106.2,89.5,0.394,-11.4,96,0.43
699821d4e161b702e08a74d7,11400010,1610612761,118.9,104.4,0.547,-7.4,95,0.549
699821d4e161b702e08a74d8,11400011,41,111,91.4,0.477,-16.1,99.5,0.506
699821d4e161b702e08a74d9,11400015,1610612746,107.7,85.7,0.444,-18.2,104.5,0.497
699821d4e161b702e08a74da,11400009,1610612757,91.1,72.4,0.364,-18.1,100.5,0.406
699821d4e161b702e08a74db,11400006,1610612738,73.6,92.2,0.403,19.7,105.5,0.467
699821d4e161b702e08a74dc,11400007,1610612737,91.6,96.6,0.473,6.3,95,0.539
699821d4e161b702e08a74dd,11400005,1610612747,99,95.4,0.477,2.1,96.5,0.507
699821d4e161b702e08a74de,11400004,1610612764,85.3,83.7,0.438,4.2,95,0.486
699821d4e161b702e08a74df,11400004,1610612741,89.5,84.3,0.392,-4.2,95,0.46
699821d4e161b702e08a74e0,11400005,1610612743,101,97.6,0.44,-2.1,96.5,0.503
699821d4e161b702e08a74e1,11400007,1610612740,97.9,88.5,0.421,-6.3,95,0.461
699821d4e161b702e08a74e2,11400006,1610612755,93.3,74.7,0.435,-19.7,105.5,0.441
699821d4e161b702e08a74e3,11400003,1610612739,89.9,115.5,0.462,27.7,90,0.521
699821d4e161b702e08a74e4,11400002,1610612761,95.9,99.6,0.48,3.1,99,0.548
699821d4e161b702e08a74e5,11400002,1610612758,99,96.3,0.508,-3.1,99,0.576
699821d4e161b702e08a74e6,11400003,41,117.6,87.8,0.375,-27.7,90,0.444
699821d4e161b702e08a74e7,11400001,1610612740,91.5,103.7,0.551,12.8,94,0.573
699821d4e161b702e08a74e8,11400001,1610612748,104.3,93.2,0.465,-12.8,94,0.51
699821d4e161b702e08a74e9,41500407,1610612739,100,97.9,0.439,4.5,89,0.5
699821d4e161b702e08a74ea,41500407,1610612744,104.5,97,0.476,-4.5,89,0.502
699821d4e161b702e08a74eb,41500406,1610612739,105.2,121,0.584,12.1,97,0.631
699821d4e161b702e08a74ec,41500406,1610612744,117.3,101.2,0.494,-12.1,97,0.533
699821d4e161b702e08a74ed,41500405,1610612739,99,110.8,0.59,15.3,98,0.601
699821d4e161b702e08a74ee,41500405,1610612744,114.3,93.8,0.443,-15.3,98,0.488
699821d4e161b702e08a74ef,41500404,1610612744,114.1,120.5,0.512,11.5,85.5,0.571
699821d4e161b702e08a74f0,41500404,1610612739,125.6,110.9,0.506,-11.5,85.5,0.525
699821d4e161b702e08a74f1,41500403,1610612739,94.7,125.7,0.593,31.6,95,0.609
699821d4e161b702e08a74f2,41500403,1610612744,126.3,92.4,0.48,-31.6,95,0.515
699821d4e161b702e08a74f3,41500402,1610612744,81.9,116.5,0.636,33.9,94.5,0.644
699821d4e161b702e08a74f4,41500402,1610612739,115.8,78.1,0.386,-33.9,94.5,0.43
699821d4e161b702e08a74f5,41500401,1610612744,96.7,113.8,0.546,17.5,91.5,0.569
699821d4e161b702e08a74f6,41500401,1610612739,114.3,93.9,0.423,-17.5,91.5,0.48
699821d4e161b702e08a74f7,41500317,1610612744,102.3,107.2,0.535,8,86.5,0.542
699821d4e161b702e08a74f8,41500317,1610612760,110.3,98.3,0.421,-8,86.5,0.456
699821d4e161b702e08a74f9,41500316,1610612744,105.2,107.4,0.528,5,97,0.548
699821d4e161b702e08a74fa,41500316,1610612760,110.2,98,0.439,-5,97,0.485
699821d4e161b702e08a74fb,41500306,1610612739,96.7,125.2,0.655,30.3,89.5,0.679
699821d4e161b702e08a74fc,41500306,1610612761,127,94.1,0.468,-30.3,89.5,0.503
699821d4e161b702e08a74fd,41500315,1610612744,106.7,114.3,0.524,9.8,103.5,0.6
699821d4e161b702e08a74fe,41500315,1610612760,116.5,105.2,0.5,-9.8,103.5,0.546
699821d4e161b702e08a74ff,41500305,1610612739,83,122.7,0.636,39.1,94.5,0.662
699821d4e161b702e08a7500,41500305,1610612761,122.1,79.3,0.413,-39.1,94.5,0.462
699821d4e161b702e08a7501,41500314,1610612760,87,107.7,0.483,23.2,107.5,0.548
699821d4e161b702e08a7502,41500314,1610612744,110.3,88.9,0.469,-23.2,107.5,0.507
699821d4e161b702e08a7503,41500304,1610612761,112.5,121.6,0.583,9.6,87,0.608
699821d4e161b702e08a7504,41500304,1610612739,122.1,112.6,0.548,-9.6,87,0.569
699821d4e161b702e08a7505,41500313,1610612760,100,121.7,0.543,25.5,105.5,0.614
699821d4e161b702e08a7506,41500313,1610612744,125.5,98.1,0.467,-25.5,105.5,0.51
699821d4e161b702e08a7507,41500303,1610612761,100,114.2,0.53,15.1,85,0.558
699821d4e161b702e08a7508,41500303,1610612739,115.1,96.5,0.443,-15.1,85,0.488
699821d4e161b702e08a7509,41500302,1610612739,92.7,112.2,0.546,19.8,96,0.585
699821d4e161b702e08a750a,41500302,1610612761,112.5,93.8,0.457,-19.8,96,0.495
699821d4e161b702e08a750b,41500312,1610612744,101.1,125.1,0.582,30,90,0.606
699821d4e161b702e08a750c,41500312,1610612760,131.1,95.4,0.494,-30,90,0.527
699821d4e161b702e08a750d,41500301,1610612739,87.5,120.4,0.601,34.8,95,0.65
699821d4e161b702e08a750e,41500301,1610612761,122.3,88.6,0.454,-34.8,95,0.495
699821d4e161b702e08a750f,41500311,1610612760,98.1,102.8,0.483,3.8,105,0.524
699821d4e161b702e08a7510,41500311,1610612744,101.9,97.6,0.5,-3.8,105,0.518
699821d4e161b702e08a7511,41500217,1610612761,97.8,122.2,0.512,31.1,90.5,0.558
699821d4e161b702e08a7512,41500217,1610612748,128.9,99.9,0.493,-31.1,90.5,0.542
699821d4e161b702e08a7513,41500216,1610612748,100,111,0.518,10.8,92,0.555
699821d4e161b702e08a7514,41500216,1610612761,110.8,95.8,0.439,-10.8,92,0.489
699821d4e161b702e08a7515,41500236,1610612760,102.1,116.9,0.506,14.4,97,0.573
699821d4e161b702e08a7516,41500236,1610612759,116.5,99,0.462,-14.4,97,0.495
699821d4e161b702e08a7517,41500215,1610612761,102.2,109.5,0.475,7.8,89.5,0.535
699821d4e161b702e08a7518,41500225,1610612744,114.2,120.5,0.595,4.9,105.5,0.646
699821d4e161b702e08a7519,41500225,1610612757,119,112.9,0.5,-4.9,105.5,0.554
699821d4e161b702e08a751a,41500215,1610612748,110,99.6,0.442,-7.8,89.5,0.509
699821d4e161b702e08a751b,41500235,1610612760,97.8,100.6,0.481,5.4,92.5,0.531
699821d4e161b702e08a751c,41500235,1610612759,103.3,97.3,0.443,-5.4,92.5,0.477
699821d4e161b702e08a751d,41500214,1610612748,91.6,96.9,0.456,8.4,85.58,0.516
699821d4e161b702e08a751e,41500224,1610612744,110.6,116.3,0.553,5.2,102.79,0.603
699821d4e161b702e08a751f,41500224,1610612757,115.8,103.7,0.476,-5.2,102.79,0.519
699821d4e161b702e08a7520,41500214,1610612761,100,84.2,0.429,-8.4,85.58,0.471
699821d4e161b702e08a7521,41500234,1610612760,103.2,115.9,0.563,16.2,93.5,0.605
699821d4e161b702e08a7522,41500204,1610612737,108.7,106.3,0.536,-1.1,92,0.555
699821d4e161b702e08a7523,41500204,1610612739,107.6,105.6,0.523,1.1,92,0.534
699821d4e161b702e08a7524,41500234,1610612759,119.4,100,0.482,-16.2,93.5,0.527
699821d4e161b702e08a7525,41500213,1610612761,102.2,106.4,0.529,4.5,89,0.577
699821d4e161b702e08a7526,41500223,1610612757,111.3,122.7,0.564,13.7,96.5,0.608
699821d4e161b702e08a7527,41500223,1610612744,125,111.9,0.557,-13.7,96.5,0.566
699821d4e161b702e08a7528,41500213,1610612748,106.7,101.6,0.455,-4.5,89,0.52
699821d4e161b702e08a7529,41500233,1610612759,106.7,103.1,0.5,3.2,90.5,0.55
699821d4e161b702e08a752a,41500203,1610612739,110.2,122.4,0.618,13.3,98,0.624
699821d4e161b702e08a752b,41500203,1610612737,123.5,111,0.583,-13.3,98,0.605
699821d4e161b702e08a752c,41500233,1610612760,109.9,102.3,0.476,-3.2,90.5,0.529
699821d4e161b702e08a752d,41500212,1610612748,100,95.1,0.525,-5.2,87.4,0.543
699821d4e161b702e08a752e,41500212,1610612761,94.8,94.6,0.441,5.2,87.4,0.46
699821d4e161b702e08a752f,41500202,1610612739,104.3,129.3,0.615,26.6,94,0.633
699821d4e161b702e08a7530,41500202,1610612737,130.9,106.3,0.5,-26.6,94,0.582
699821d4e161b702e08a7531,41500222,1610612744,99,110.2,0.505,9.9,100.5,0.551
699821d4e161b702e08a7532,41500211,1610612748,92.3,95.1,0.494,5.8,94.19,0.519
699821d4e161b702e08a7533,41500211,1610612761,98.1,90.1,0.478,-5.8,94.19,0.502
699821d4e161b702e08a7534,41500222,1610612757,108.9,97.8,0.525,-9.9,100.5,0.549
699821d4e161b702e08a7535,41500201,1610612739,103.3,115.2,0.536,11,90.5,0.564
699821d4e161b702e08a7536,41500232,1610612760,100,100.8,0.513,1,97,0.555
699821d4e161b702e08a7537,41500232,1610612759,101,96.3,0.457,-1,97,0.486
699821d4e161b702e08a7538,41500201,1610612737,114.3,99.7,0.443,-11,90.5,0.483
699821d4e161b702e08a7539,41500127,1610612748,78.5,111.5,0.534,34.3,93.5,0.552
699821d4e161b702e08a753a,41500221,1610612744,107.1,121,0.533,13.3,98.5,0.581
699821d4e161b702e08a753b,41500117,1610612761,97.7,101.7,0.427,5.8,86,0.461
699821d4e161b702e08a753c,41500117,1610612754,103.5,97.1,0.527,-5.8,86,0.549
699821d4e161b702e08a753d,41500221,1610612757,120.4,100.7,0.454,-13.3,98.5,0.499
699821d4e161b702e08a753e,41500127,1610612766,112.8,75.8,0.363,-34.3,93.5,0.409
699821d4e161b702e08a753f,41500231,1610612759,100,129.3,0.661,33.3,92.5,0.674
699821d4e161b702e08a7540,41500231,1610612760,133.3,98.7,0.447,-33.3,92.5,0.488
699821d4e161b702e08a7541,41500116,1610612754,93.3,112.9,0.513,19,89.5,0.578
699821d4e161b702e08a7542,41500126,1610612748,100,105.9,0.506,9,89.5,0.541
699821d4e161b702e08a7543,41500176,1610612757,113.2,115.8,0.523,4.6,90.5,0.549
699821d4e161b702e08a7544,41500176,1610612746,117.8,110,0.471,-4.6,90.5,0.512
699821d4e161b702e08a7545,41500126,1610612766,109,96.8,0.454,-9,89.5,0.517
699821d4e161b702e08a7546,41500116,1610612761,112.2,90.2,0.424,-19,89.5,0.461
699821d4e161b702e08a7547,41500136,1610612737,89.3,101.1,0.568,13.6,102,0.605
699821d4e161b702e08a7548,41500136,1610612738,103,88.5,0.399,-13.6,102,0.451
699821d4e161b702e08a7549,41500145,1610612744,85.3,120.8,0.628,36,94.5,0.631
699821d4e161b702e08a754a,41500175,1610612757,96.1,109.1,0.518,10.9,101.5,0.551
699821d4e161b702e08a754b,41500125,1610612748,91.8,90.4,0.451,-2,98,0.492
699821d4e161b702e08a754c,41500125,1610612766,89.8,92.2,0.464,2,98,0.497
699821d4e161b702e08a754d,41500175,1610612746,106.9,96.8,0.453,-10.9,101.5,0.494
699821d4e161b702e08a754e,41500145,1610612745,121.3,81.5,0.358,-36,94.5,0.392
699821d4e161b702e08a754f,41500135,1610612737,83.8,107.8,0.51,27.3,99,0.534
699821d4e161b702e08a7550,41500115,1610612754,110.9,108.6,0.541,-2.1,91.5,0.596
699821d4e161b702e08a7551,41500115,1610612761,108.8,109.2,0.439,2.1,91.5,0.524
699821d4e161b702e08a7552,41500135,1610612738,111.1,84.7,0.422,-27.3,99,0.472
699821d4e161b702e08a7553,41500174,1610612757,89.4,102.5,0.483,13.8,94.5,0.518
699821d4e161b702e08a7554,41500165,1610612760,119.5,131,0.568,14.6,87.5,0.621
699821d4e161b702e08a7555,41500124,1610612766,93.4,96.5,0.427,6.6,90,0.505
699821d4e161b702e08a7556,41500124,1610612748,100,92.2,0.467,-6.6,90,0.499
699821d4e161b702e08a7557,41500165,1610612742,134.1,118.8,0.519,-14.6,87.5,0.568
699821d4e161b702e08a7558,41500174,1610612746,103.2,88.1,0.399,-13.8,94.5,0.436
699821d4e161b702e08a7559,41500154,1610612759,104.4,123.9,0.556,20.3,92,0.613
699821d4e161b702e08a755a,41500144,1610612744,91.3,115.2,0.635,26.2,103,0.63
699821d4e161b702e08a755b,41500134,1610612738,93.1,99.7,0.484,8.8,92.38,0.508
699821d4e161b702e08a755c,41500104,1610612765,117.6,112.3,0.553,-5,86,0.575
699821d4e161b702e08a755d,41500104,1610612739,112.6,111.8,0.494,5,86,0.535
699821d4e161b702e08a755e,41500134,1610612737,102,88.2,0.434,-8.8,92.38,0.454
699821d4e161b702e08a755f,41500144,1610612745,117.5,90.6,0.455,-26.2,103,0.496
699821d4e161b702e08a7560,41500154,1610612763,124.7,102.3,0.481,-20.3,92,0.528
699821d4e161b702e08a7561,41500114,1610612754,91.2,110,0.506,18.7,91,0.538
699821d4e161b702e08a7562,41500123,1610612766,86,101.4,0.417,18.3,92.5,0.482
699821d4e161b702e08a7563,41500164,1610612760,114.9,125.3,0.572,11.7,94,0.607
699821d4e161b702e08a7564,41500173,1610612757,89.8,98.8,0.46,9.2,97.5,0.494
699821d4e161b702e08a7565,41500173,1610612746,99,90.6,0.426,-9.2,97.5,0.448
699821d4e161b702e08a7566,41500164,1610612742,126.6,113.1,0.566,-11.7,94,0.597
699821d4e161b702e08a7567,41500123,1610612748,104.3,84,0.386,-18.3,92.5,0.434
699821d4e161b702e08a7568,41500114,1610612761,109.9,87.2,0.419,-18.7,91,0.476
699821d4e161b702e08a7569,41500153,1610612759,98.9,107.4,0.532,10.2,88,0.562
699821d4e161b702e08a756a,41500103,1610612739,108.3,119.4,0.563,11.9,84,0.583
699821d4e161b702e08a756b,41500133,1610612738,104,105.2,0.53,9.2,98.5,0.575
699821d4e161b702e08a756c,41500133,1610612737,113.3,100.7,0.494,-9.2,98.5,0.541
699821d4e161b702e08a756d,41500103,1610612765,120.2,106.6,0.527,-11.9,84,0.552
699821d4e161b702e08a756e,41500153,1610612763,109.1,97.4,0.439,-10.2,88,0.481
699821d4e161b702e08a756f,41500163,1610612760,105.2,133.1,0.673,29.9,97,0.701
699821d4e161b702e08a7570,41500143,1610612744,98,98.2,0.468,0,98.5,0.523
699821d4e161b702e08a7571,41500113,1610612761,95.5,104.1,0.468,15.5,90,0.5
699821d4e161b702e08a7572,41500113,1610612754,111,93.9,0.426,-15.5,90,0.515
699821d4e161b702e08a7573,41500143,1610612745,98,95,0.451,0,98.5,0.475
699821d4e161b702e08a7574,41500163,1610612742,135.1,104.7,0.513,-29.9,97,0.558
699821d4e161b702e08a7575,41500122,1610612748,110.8,122.8,0.638,14.2,92.5,0.671
699821d4e161b702e08a7576,41500172,1610612746,85.3,106.3,0.506,23.2,94.5,0.52
699821d4e161b702e08a7577,41500102,1610612739,98.9,114.9,0.625,17.4,91.5,0.621
699821d4e161b702e08a7578,41500102,1610612765,116.3,95.7,0.462,-17.4,91.5,0.489
699821d4e161b702e08a7579,41500172,1610612757,108.5,86.1,0.368,-23.2,94.5,0.413
699821d4e161b702e08a757a,41500122,1610612766,125,106.7,0.433,-14.2,92.5,0.497
699821d4e161b702e08a757b,41500152,1610612759,72.3,99.7,0.538,28.7,93.5,0.6
699821d4e161b702e08a757c,41500132,1610612737,75.8,87.2,0.457,16.9,95.5,0.5
699821d4e161b702e08a757d,41500132,1610612738,92.7,72.5,0.347,-16.9,95.5,0.386
699821d4e161b702e08a757e,41500152,1610612763,101.1,74,0.337,-28.7,93.5,0.362
699821d4e161b702e08a757f,41500142,1610612744,109.3,117.7,0.543,9.3,97,0.588
699821d4e161b702e08a7580,41500112,1610612761,96.7,106.5,0.469,12.2,90,0.538
699821d4e161b702e08a7581,41500162,1610612742,90.3,92,0.457,3.1,92,0.47
699821d4e161b702e08a7582,41500162,1610612760,93.4,87.6,0.375,-3.1,92,0.42
699821d4e161b702e08a7583,41500112,1610612754,108.9,96.5,0.443,-12.2,90,0.523
699821d4e161b702e08a7584,41500142,1610612745,118.6,105.5,0.506,-9.3,97,0.567
699821d4e161b702e08a7585,41500151,1610612759,82.2,116.8,0.58,35.6,90,0.611
699821d4e161b702e08a7586,41500121,1610612748,107.1,142.6,0.629,37.6,85,0.653
699821d4e161b702e08a7587,41500171,1610612746,100,122.1,0.577,19.8,95.5,0.604
699821d4e161b702e08a7588,41500101,1610612739,117.4,117.5,0.511,5.8,86,0.545
699821d4e161b702e08a7589,41500101,1610612765,123.3,116,0.61,-5.8,86,0.631
699821d4e161b702e08a758a,41500171,1610612757,119.8,98.5,0.458,-19.8,95.5,0.503
699821d4e161b702e08a758b,41500121,1610612766,144.7,106.7,0.477,-37.6,85,0.56
699821d4e161b702e08a758c,41500151,1610612763,117.8,83.5,0.443,-35.6,90,0.453
699821d4e161b702e08a758d,41500161,1610612760,76.1,112.1,0.525,40,92.5,0.585
699821d4e161b702e08a758e,41500141,1610612744,74.3,99.5,0.484,24.8,105,0.512
699821d4e161b702e08a758f,41500111,1610612754,94.7,104.4,0.5,10.5,95,0.545
699821d4e161b702e08a7590,41500131,1610612737,101,101.6,0.436,2,99.5,0.503
699821d4e161b702e08a7591,41500131,1610612738,103,95.9,0.417,-2,99.5,0.458
699821d4e161b702e08a7592,41500111,1610612761,105.3,94,0.405,-10.5,95,0.47
699821d4e161b702e08a7593,41500141,1610612745,99,73.9,0.393,-24.8,105,0.412
699821d4e161b702e08a7594,41500161,1610612742,116.1,70.4,0.321,-40,92.5,0.367
699821d4e161b702e08a7595,11500108,1610612765,92.6,123,0.628,27.2,95,0.642
699821d4e161b702e08a7596,11500106,1610612738,63.1,76.9,0.38,14.8,103.5,0.385
699821d4e161b702e08a7597,11500109,1610612759,88.7,115.9,0.583,25.8,97,0.612
699821d4e161b702e08a7598,11500102,1610612753,83.5,93,0.44,11,91,0.47
699821d4e161b702e08a7599,11500104,1610612748,96.9,93.7,0.451,-3.1,96,0.523
699821d4e161b702e08a759a,11500105,1610612750,106.9,112.8,0.536,5.1,100.5,0.587
699821d4e161b702e08a759b,11500107,1610612761,89.1,97.2,0.397,10.9,92,0.452
699821d4e161b702e08a759c,11500103,1610612742,99,98.1,0.455,-1,104,0.515
699821d4e161b702e08a759d,11500103,1610612741,98.1,98.6,0.495,1,104,0.518
699821d4e161b702e08a759e,11500107,1610612764,100,85.6,0.424,-10.9,92,0.467
699821d4e161b702e08a759f,11500105,1610612749,112,104.2,0.481,-5.1,100.5,0.553
699821d4e161b702e08a75a0,11500104,1610612740,93.8,94.8,0.414,3.1,96,0.489
699821d4e161b702e08a75a1,11500102,1610612763,94.5,81.1,0.362,-11,91,0.428
699821d4e161b702e08a75a2,11500109,1610612745,114.4,88.8,0.434,-25.8,97,0.468
699821d4e161b702e08a75a3,11500106,1610612755,77.9,60.9,0.307,-14.8,103.5,0.351
699821d4e161b702e08a75a4,11500108,1610612737,119.8,88.3,0.456,-27.2,95,0.497
699821d4e161b702e08a75a5,11500099,1610612744,89,122.5,0.632,34.6,109.5,0.642
699821d4e161b702e08a75a6,11500098,1610612762,83.9,104.9,0.587,22.7,92.5,0.609
699821d4e161b702e08a75a7,11500097,1610612754,90.5,103.9,0.483,13.7,94.5,0.519
699821d4e161b702e08a75a8,11500100,1610612738,85,97.6,0.461,13,100.5,0.488
699821d4e161b702e08a75a9,11500101,1610612746,102.8,107.6,0.614,4.6,106.5,0.632
699821d4e161b702e08a75aa,11500101,1610612757,107.5,101.2,0.512,-4.6,106.5,0.557
699821d4e161b702e08a75ab,11500100,1610612752,98,85,0.43,-13,100.5,0.457
699821d4e161b702e08a75ac,11500097,1610612766,104.3,89.5,0.417,-13.7,94.5,0.443
699821d4e161b702e08a75ad,11500098,1610612743,106.5,81.8,0.419,-22.7,92.5,0.441
699821d4e161b702e08a75ae,11500099,1610612747,123.6,88.5,0.463,-34.6,109.5,0.518
699821d4e161b702e08a75af,11500094,1610612756,87,96,0.478,10.1,101,0.499
699821d4e161b702e08a75b0,11500096,1610612748,99.1,102.3,0.452,3.7,106.5,0.512
699821d4e161b702e08a75b1,11500095,1610612737,87.2,84,0.427,-2,94.5,0.453
699821d4e161b702e08a75b2,11500093,1610612766,93.1,98.9,0.448,5.9,100.5,0.543
699821d4e161b702e08a75b3,11500092,1610612740,97.3,94.3,0.432,-3.5,102.79,0.555
699821d4e161b702e08a75b4,11500092,1610612753,93.9,94.5,0.443,3.5,102.79,0.489
699821d4e161b702e08a75b5,11500093,1610612765,99,90.6,0.41,-5.9,100.5,0.462
699821d4e161b702e08a75b6,11500095,1610612763,85.3,82.2,0.36,2,94.5,0.415
699821d4e161b702e08a75b7,11500096,1610612764,102.8,99.4,0.465,-3.7,106.5,0.527
699821d4e161b702e08a75b8,11500094,1610612742,97.1,83.6,0.376,-10.1,101,0.439
699821d4e161b702e08a75b9,11500091,1610612746,88,117.2,0.604,32.4,108,0.644
699821d4e161b702e08a75ba,11500090,1610612756,89.4,110.5,0.596,19,95,0.618
699821d4e161b702e08a75bb,11500088,1610612749,87.1,103.2,0.562,18.9,100.5,0.584
699821d4e161b702e08a75bc,11500087,1610612741,100,108.4,0.526,8.4,94.5,0.579
699821d4e161b702e08a75bd,11500089,1610612760,105.2,112.6,0.646,11.3,97,0.647
699821d4e161b702e08a75be,11500089,1610612762,116.5,101.8,0.5,-11.3,97,0.553
699821d4e161b702e08a75bf,11500087,1610612754,108.4,99.9,0.419,-8.4,94.5,0.47
699821d4e161b702e08a75c0,11500088,1610612750,106,86.4,0.356,-18.9,100.5,0.474
699821d4e161b702e08a75c1,11500090,1610612759,108.3,89.1,0.46,-19,95,0.499
699821d4e161b702e08a75c2,11500091,1610612744,120.4,85.3,0.436,-32.4,108,0.488
699821d4e161b702e08a75c3,11500084,1610612745,98,114.5,0.562,19.6,102,0.59
699821d4e161b702e08a75c4,11500086,1610612747,104.1,104.1,0.482,2,98,0.537
699821d4e161b702e08a75c5,11500085,1610612738,107.1,108.4,0.575,6.1,98,0.607
699821d4e161b702e08a75c6,11500082,1610612766,90.5,98.9,0.481,8.4,95,0.516
699821d4e161b702e08a75c7,11500083,1610612739,97,104.4,0.467,7,99.5,0.517
699821d4e161b702e08a75c8,11500083,1610612742,104,98.1,0.48,-7,99.5,0.552
699821d4e161b702e08a75c9,11500082,1610612741,98.9,90,0.412,-8.4,95,0.45
699821d4e161b702e08a75ca,11500085,1610612751,113.3,102.7,0.538,-6.1,98,0.576
699821d4e161b702e08a75cb,11500086,1610612757,106.1,99.5,0.477,-2,98,0.517
699821d4e161b702e08a75cc,11500084,1610612740,117.6,94.7,0.456,-19.6,102,0.497
699821d4e161b702e08a75cd,11500077,1610612763,77.3,99.4,0.493,26.2,87.5,0.539
699821d4e161b702e08a75ce,11500079,1610612760,103.2,115.5,0.551,12.5,95.5,0.596
699821d4e161b702e08a75cf,11500078,1610612761,84.4,87.4,0.424,5.3,96.5,0.45
699821d4e161b702e08a75d0,11500075,1610612751,87.5,87.5,0.436,1,104,0.51
699821d4e161b702e08a75d1,11500076,1610612759,94.8,100.3,0.528,5.2,96.5,0.588
699821d4e161b702e08a75d2,11500080,1610612757,106.7,112,0.564,4.8,94.19,0.577
699821d4e161b702e08a75d3,11500081,1610612748,93.9,100,0.446,9.2,98,0.49
699821d4e161b702e08a75d4,11500081,1610612737,103.1,93.2,0.48,-9.2,98,0.543
699821d4e161b702e08a75d5,11500080,1610612762,111.5,105.2,0.475,-4.8,94.19,0.507
699821d4e161b702e08a75d6,11500076,1610612765,100,93.6,0.44,-5.2,96.5,0.493
699821d4e161b702e08a75d7,11500075,1610612755,88.5,86.3,0.418,-1,104,0.482
699821d4e161b702e08a75d8,11500078,1610612739,89.7,81.4,0.437,-5.3,96.5,0.468
699821d4e161b702e08a75d9,11500079,1610612743,115.6,102.3,0.482,-12.5,95.5,0.517
699821d4e161b702e08a75da,11500077,1610612750,103.4,76.1,0.406,-26.2,87.5,0.44
699821d4e161b702e08a75db,11500073,1610612747,97.2,115.9,0.516,19.2,103.16,0.564
699821d4e161b702e08a75dc,11500069,1610612753,79.3,98.5,0.527,17.4,92.5,0.546
699821d4e161b702e08a75dd,11500072,1610612748,97.1,103.6,0.581,4.9,103,0.587
699821d4e161b702e08a75de,11500074,1610612764,103.1,105.6,0.466,4.1,98,0.528
699821d4e161b702e08a75df,11500071,1610612758,93.3,103.9,0.482,7.6,105.5,0.535
699821d4e161b702e08a75e0,11500070,1610612752,100,94.7,0.483,-4.1,97,0.499
699821d4e161b702e08a75e1,11500070,1610612766,95.9,99.4,0.488,4.1,97,0.518
699821d4e161b702e08a75e2,11500071,1610612740,100.9,95.3,0.481,-7.6,105.5,0.539
699821d4e161b702e08a75e3,11500074,1610612749,107.1,99.7,0.489,-4.1,98,0.508
699821d4e161b702e08a75e4,11500072,1610612745,101.9,93.2,0.434,-4.9,103,0.462
699821d4e161b702e08a75e5,11500069,12325,96.8,75.4,0.372,-17.4,92.5,0.421
699821d4e161b702e08a75e6,11500073,1610612744,116.4,99.5,0.46,-19.2,103.16,0.497
699821d4e161b702e08a75e7,11500066,1610612743,82.7,106.9,0.458,25.5,98,0.529
699821d4e161b702e08a75e8,11500065,1610612763,82.1,94.1,0.457,15.8,95.5,0.506
699821d4e161b702e08a75e9,11500064,1610612764,104.4,110.6,0.616,7,113.5,0.649
699821d4e161b702e08a75ea,11500068,1610612737,83.2,90.5,0.423,6,101.5,0.481
699821d4e161b702e08a75eb,11500067,1610612752,94.1,101.7,0.43,5.9,101,0.466
699821d4e161b702e08a75ec,11500067,1610612738,100,90.3,0.446,-5.9,101,0.494
699821d4e161b702e08a75ed,11500068,1610612742,89.2,80.4,0.418,-6,101.5,0.454
699821d4e161b702e08a75ee,11500064,1610612755,111.4,103,0.524,-7,113.5,0.575
699821d4e161b702e08a75ef,11500065,1610612760,97.9,81.3,0.411,-15.8,95.5,0.449
699821d4e161b702e08a75f0,11500066,1610612756,108.2,81,0.389,-25.5,98,0.44
699821d4e161b702e08a75f1,11500062,1610612754,84.2,107.1,0.487,20.7,101.5,0.564
699821d4e161b702e08a75f2,11500063,1610612744,94.4,112.3,0.599,20.6,107,0.63
699821d4e161b702e08a75f3,11500063,1610612745,115,94.6,0.401,-20.6,107,0.464
699821d4e161b702e08a75f4,11500062,1610612739,104.9,83,0.493,-20.7,101.5,0.51
699821d4e161b702e08a75f5,11500061,1610612766,69.6,105.4,0.538,41.2,102,0.594
699821d4e161b702e08a75f6,11500057,1610612765,101.1,122.3,0.601,22.8,91,0.646
699821d4e161b702e08a75f7,11500060,1610612737,83.5,96.4,0.481,12.7,103.5,0.551
699821d4e161b702e08a75f8,11500059,1610612738,107.1,107.2,0.547,4.1,98,0.576
699821d4e161b702e08a75f9,11500058,1610612750,100,102.7,0.581,4.7,86,0.621
699821d4e161b702e08a75fa,11500058,1610612761,104.7,96.1,0.522,-4.7,86,0.554
699821d4e161b702e08a75fb,11500059,1610612751,111.2,100.3,0.443,-4.1,98,0.522
699821d4e161b702e08a75fc,11500060,1610612759,96.2,82,0.354,-12.7,103.5,0.439
699821d4e161b702e08a75fd,11500057,1610612741,123.9,101.6,0.449,-22.8,91,0.476
699821d4e161b702e08a75fe,11500061,1610612746,110.8,68.5,0.385,-41.2,102,0.405
699821d4e161b702e08a75ff,11500051,1610612749,100,109.5,0.517,10,100.5,0.564
699821d4e161b702e08a7600,11500056,1610612743,98.1,103.6,0.544,10.5,105,0.559
699821d4e161b702e08a7601,11500055,1610612758,106.4,112.8,0.525,6.2,94.5,0.564
699821d4e161b702e08a7602,11500053,1610612760,85.4,94.8,0.523,10.7,103.5,0.529
699821d4e161b702e08a7603,11500052,1610612754,101,104.2,0.5,5.3,95.5,0.543
699821d4e161b702e08a7604,11500054,1610612745,103.2,105.6,0.535,4.8,113.21,0.559
699821d4e161b702e08a7605,11500050,1610612753,87.6,88.6,0.402,3.7,94.64,0.452
699821d4e161b702e08a7606,11500050,1610612748,91.3,86,0.418,-3.7,94.64,0.451
699821d4e161b702e08a7607,11500054,1610612756,108,98.1,0.52,-4.8,113.21,0.558
699821d4e161b702e08a7608,11500052,1610612765,106.3,97.3,0.433,-5.3,95.5,0.487
699821d4e161b702e08a7609,11500053,1610612742,96.2,83.3,0.413,-10.7,103.5,0.47
699821d4e161b702e08a760a,11500055,1610612747,112.6,105,0.488,-6.2,94.5,0.536
699821d4e161b702e08a760b,11500056,1610612744,108.6,96.5,0.443,-10.5,105,0.497
699821d4e161b702e08a760c,11500051,1610612739,110,99.6,0.429,-10,100.5,0.524
699821d4e161b702e08a760d,11500047,1610612752,82.2,86,0.462,6.4,106.5,0.515
699821d4e161b702e08a760e,11500046,1610612757,81.8,88.5,0.436,6.2,99.5,0.492
699821d4e161b702e08a760f,11500044,1610612763,88,100.2,0.551,12,91.5,0.585
699821d4e161b702e08a7610,11500045,1610612740,116.2,121.4,0.546,8.1,99,0.595
699821d4e161b702e08a7611,11500049,1610612748,96.9,98.2,0.413,3.1,97,0.491
699821d4e161b702e08a7612,11500048,1610612750,114.3,106.4,0.5,-7.1,98,0.549
699821d4e161b702e08a7613,11500048,1610612761,107.1,109.3,0.526,7.1,98,0.587
699821d4e161b702e08a7614,11500049,1610612759,100,96.4,0.447,-3.1,97,0.492
699821d4e161b702e08a7615,11500045,1610612741,124.2,113.7,0.533,-8.1,99,0.569
699821d4e161b702e08a7616,11500044,1610612739,100,88.2,0.454,-12,91.5,0.527
699821d4e161b702e08a7617,11500046,1610612762,88,81,0.344,-6.2,99.5,0.426
699821d4e161b702e08a7618,11500047,1610612755,88.7,84.4,0.407,-6.4,106.5,0.452
699821d4e161b702e08a7619,11500043,1610612747,86.5,128,0.627,43.4,96.5,0.667
699821d4e161b702e08a761a,11500041,1610612764,99,130.9,0.649,35,100.5,0.674
699821d4e161b702e08a761b,11500040,1610612766,91.3,102.6,0.512,12.7,102.5,0.556
699821d4e161b702e08a761c,11500042,1610612753,120.2,121.3,0.585,5.3,98.5,0.618
699821d4e161b702e08a761d,11500042,1610612745,125.5,118,0.564,-5.3,98.5,0.584
699821d4e161b702e08a761e,11500040,1610612746,103.9,92.5,0.488,-12.7,102.5,0.513
699821d4e161b702e08a761f,11500041,12328,134,98.8,0.5,-35,100.5,0.52
699821d4e161b702e08a7620,11500043,93,129.9,85,0.424,-43.4,96.5,0.448
699821d4e161b702e08a7621,11500039,1610612765,91.7,119.5,0.579,29,96.5,0.616
699821d4e161b702e08a7622,11500038,1610612758,92.8,98.5,0.454,5.1,96.5,0.514
699821d4e161b702e08a7623,11500037,1610612741,106.1,115.2,0.588,6.8,100,0.613
699821d4e161b702e08a7624,11500036,1610612755,94.1,94.9,0.458,2,101,0.504
699821d4e161b702e08a7625,11500036,1610612751,96,92.1,0.408,-2,101,0.51
699821d4e161b702e08a7626,11500037,1610612750,112.9,105.9,0.474,-6.8,100,0.558
699821d4e161b702e08a7627,11500038,1610612757,97.9,90.5,0.488,-5.1,96.5,0.503
699821d4e161b702e08a7628,11500039,1610612749,120.6,88.9,0.454,-29,96.5,0.506
699821d4e161b702e08a7629,11500034,1610612760,85.3,112.2,0.559,30.4,95.5,0.61
699821d4e161b702e08a762a,11500035,1610612756,89.5,103.6,0.484,18,94.5,0.508
699821d4e161b702e08a762b,11500032,1610612737,90.3,102.1,0.52,10.7,102.5,0.573
699821d4e161b702e08a762c,11500031,1610612752,100,112.7,0.548,10.6,104,0.605
699821d4e161b702e08a762d,11500031,1610612764,110.6,97.1,0.457,-10.6,104,0.499
699821d4e161b702e08a762e,11500032,1610612740,101,88,0.423,-10.7,102.5,0.476
699821d4e161b702e08a762f,11500035,1610612762,107.4,87.8,0.433,-18,94.5,0.484
699821d4e161b702e08a7630,11500034,12321,115.6,82.3,0.42,-30.4,95.5,0.438
699821d4e161b702e08a7631,11500025,1610612743,94,110.5,0.518,18,100,0.569
699821d4e161b702e08a7632,11500030,1610612738,88.1,100.6,0.469,13.8,109,0.512
699821d4e161b702e08a7633,11500026,1610612757,95.3,105.5,0.511,15,106.5,0.568
699821d4e161b702e08a7634,11500024,1610612763,86.6,97.6,0.5,14.4,96.5,0.561
699821d4e161b702e08a7635,11500029,1610612751,84.7,93.1,0.5,9.2,98.5,0.541
699821d4e161b702e08a7636,11500027,1610612758,92,95.4,0.487,3,100,0.542
699821d4e161b702e08a7637,11500033,1610612754,98.9,101,0.456,4.3,93.5,0.516
699821d4e161b702e08a7638,11500028,1610612761,111.5,117.7,0.553,7.8,87.5,0.589
699821d4e161b702e08a7639,11500023,1610612739,111.7,106.7,0.58,-3.1,104,0.614
699821d4e161b702e08a763a,11500023,1610612755,108.6,109.5,0.518,3.1,104,0.569
699821d4e161b702e08a763b,11500028,1610612747,119.3,110.4,0.507,-7.8,87.5,0.552
699821d4e161b702e08a763c,11500033,1610612753,103.2,98.4,0.494,-4.3,93.5,0.503
699821d4e161b702e08a763d,11500027,1610612759,95,92.1,0.488,-3,100,0.517
699821d4e161b702e08a763e,11500029,1610612765,93.9,84,0.452,-9.2,98.5,0.472
699821d4e161b702e08a763f,11500024,93,101,84.4,0.419,-14.4,96.5,0.464
699821d4e161b702e08a7640,11500026,1610612744,110.3,93.6,0.457,-15,106.5,0.526
699821d4e161b702e08a7641,11500030,12315,101.8,85.2,0.435,-13.8,109,0.487
699821d4e161b702e08a7642,11500025,1610612741,112,89.7,0.392,-18,100,0.444
699821d4e161b702e08a7643,11500021,1610612752,85.3,104.5,0.538,20,95,0.57
699821d4e161b702e08a7644,11500019,1610612745,85.4,109,0.495,27,96.5,0.524
699821d4e161b702e08a7645,11500018,1610612760,103.1,121.3,0.617,21.4,97,0.631
699821d4e161b702e08a7646,11500010,1610612762,107.5,108.6,0.562,3.9,95.55,0.599
699821d4e161b702e08a7647,11500017,1610612737,97,100.8,0.487,1,99.5,0.556
699821d4e161b702e08a7648,11500020,1610612756,93.3,93.3,0.448,3.8,105,0.484
699821d4e161b702e08a7649,11500022,1610612753,104.3,102.5,0.526,2.1,93.5,0.578
699821d4e161b702e08a764a,11500022,1610612748,106.4,101.3,0.5,-2.1,93.5,0.572
699821d4e161b702e08a764b,11500020,1610612758,97.1,92.2,0.464,-3.8,105,0.514
699821d4e161b702e08a764c,11500017,1610612739,98,95.4,0.506,-1,99.5,0.536
699821d4e161b702e08a764d,11500010,1610612747,111.4,105.3,0.476,-3.9,95.55,0.552
699821d4e161b702e08a764e,11500018,1610612750,124.5,100.2,0.469,-21.4,97,0.528
699821d4e161b702e08a764f,11500019,1610612742,112.4,85.3,0.401,-27,96.5,0.45
699821d4e161b702e08a7650,11500021,12328,105.3,83.9,0.438,-20,95,0.462
699821d4e161b702e08a7651,11500016,1610612738,92.9,123.1,0.61,33.7,98,0.654
699821d4e161b702e08a7652,11500011,1610612764,87.2,116.6,0.578,31.2,109,0.61
699821d4e161b702e08a7653,11500015,1610612743,85.1,93.8,0.471,9.9,101,0.514
699821d4e161b702e08a7654,11500012,1610612741,96,97.5,0.399,10.1,99,0.454
699821d4e161b702e08a7655,11500014,1610612754,114.3,120.5,0.506,1.9,98.5,0.573
699821d4e161b702e08a7656,11500013,1610612745,90.2,87.6,0.39,-2.9,102,0.447
699821d4e161b702e08a7657,11500013,1610612763,87.3,87,0.435,2.9,102,0.512
699821d4e161b702e08a7658,11500014,1610612765,116.2,111,0.569,-1.9,98.5,0.609
699821d4e161b702e08a7659,11500012,1610612749,106.1,93.5,0.474,-10.1,99,0.524
699821d4e161b702e08a765a,11500015,1610612742,95,85.3,0.448,-9.9,101,0.473
699821d4e161b702e08a765b,11500011,1610612755,118.3,88,0.506,-31.2,109,0.528
699821d4e161b702e08a765c,11500016,94,126.5,89.2,0.5,-33.7,98,0.505
699821d4e161b702e08a765d,11500009,1610612744,93.5,101.5,0.55,7.5,93.5,0.59
699821d4e161b702e08a765e,11500007,1610612758,93.8,97,0.5,3.6,101.43,0.527
699821d4e161b702e08a765f,11500008,12321,105.5,108.7,0.559,6.7,90.5,0.602
699821d4e161b702e08a7660,11500008,1610612751,112.2,105.1,0.475,-6.7,90.5,0.514
699821d4e161b702e08a7661,11500007,1610612757,97.3,95.4,0.475,-3.6,101.43,0.495
699821d4e161b702e08a7662,11500009,1610612761,101.1,89.6,0.4,-7.5,93.5,0.457
699821d4e161b702e08a7663,11500004,1610612762,74,90.8,0.384,17.9,97,0.478
699821d4e161b702e08a7664,11500005,1610612761,73.7,92.2,0.438,19.3,99.5,0.523
699821d4e161b702e08a7665,11500006,1610612766,80.2,93.1,0.432,13.5,96,0.513
699821d4e161b702e08a7666,11500006,1610612748,93.8,81.2,0.389,-13.5,96,0.429
699821d4e161b702e08a7667,11500005,1610612746,93,73.1,0.415,-19.3,99.5,0.457
699821d4e161b702e08a7668,11500004,1610612747,91.8,72.3,0.322,-17.9,97,0.358
699821d4e161b702e08a7669,11500002,1610612766,104.2,110,0.533,6.3,96,0.586
699821d4e161b702e08a766a,11500003,1610612754,102.8,97.5,0.467,-4.7,107,0.497
699821d4e161b702e08a766b,11500003,1610612740,98.1,98.8,0.413,4.7,107,0.461
699821d4e161b702e08a766c,11500002,1610612753,110.4,101.7,0.472,-6.3,96,0.514
699821d4e161b702e08a766d,11500001,1610612746,92.3,95.9,0.456,7.7,103.5,0.503
699821d4e161b702e08a766e,11500001,1610612743,100,90.7,0.466,-7.7,103.5,0.501
699821d4e161b702e08a766f,41600405,1610612744,122.4,126.1,0.589,6.6,99,0.63
699821d4e161b702e08a7670,41600405,1610612739,129,118.7,0.597,-6.6,99,0.611
699821d4e161b702e08a7671,41600404,1610612739,120.8,136.1,0.667,23.4,95.5,0.681
699821d4e161b702e08a7672,41600404,1610612744,144.2,117.4,0.511,-23.4,95.5,0.564
699821d4e161b702e08a7673,41600403,1610612744,113,113.9,0.578,6.2,99.5,0.631
699821d4e161b702e08a7674,41600403,1610612739,119.2,109.7,0.511,-6.2,99.5,0.559
699821d4e161b702e08a7675,41600402,1610612744,104.6,120.5,0.618,17.6,108,0.663
699821d4e161b702e08a7676,41600402,1610612739,122.2,105.3,0.49,-17.6,108,0.521
699821d4e161b702e08a7677,41600401,1610612744,90.1,109.7,0.481,20.7,101.5,0.5
699821d4e161b702e08a7678,41600401,1610612739,110.8,89.2,0.413,-20.7,101.5,0.469
699821d4e161b702e08a7679,41600305,1610612739,104.1,134.2,0.676,33.7,98,0.706
699821d4e161b702e08a767a,41600305,1610612738,137.8,99.9,0.494,-33.7,98,0.531
699821d4e161b702e08a767b,41600304,1610612739,107.6,121.1,0.662,14.1,92,0.687
699821d4e161b702e08a767c,41600304,1610612738,121.7,106.7,0.506,-14.1,92,0.564
699821d4e161b702e08a767d,41600314,1610612744,106.5,118.3,0.64,13,108,0.665
699821d4e161b702e08a767e,41600314,1610612759,119.4,106.4,0.459,-13,108,0.513
699821d4e161b702e08a767f,41600303,1610612739,120.7,118.9,0.571,-4.5,92.5,0.629
699821d4e161b702e08a7680,41600303,1610612738,116.1,117.7,0.56,4.5,92.5,0.576
699821d4e161b702e08a7681,41600313,1610612744,103.8,113.6,0.613,10.4,104.5,0.64
699821d4e161b702e08a7682,41600313,1610612759,114.3,102.9,0.5,-10.4,104.5,0.519
699821d4e161b702e08a7683,41600302,1610612739,87.8,132.5,0.676,44.9,98,0.683
699821d4e161b702e08a7684,41600302,1610612738,132.7,83,0.419,-44.9,98,0.464
699821d4e161b702e08a7685,41600301,1610612739,111.8,126.6,0.549,12.6,93.5,0.607
699821d4e161b702e08a7686,41600301,1610612738,124.5,107.3,0.534,-12.6,93.5,0.542
699821d4e161b702e08a7687,41600312,1610612744,98,126.7,0.663,34,102.5,0.698
699821d4e161b702e08a7688,41600312,1610612759,132,94.1,0.41,-34,102.5,0.458
699821d4e161b702e08a7689,41600207,1610612738,110.5,122.3,0.601,11.8,94.5,0.639
699821d4e161b702e08a768a,41600207,1610612764,122.3,107.4,0.513,-11.8,94.5,0.566
699821d4e161b702e08a768b,41600311,1610612744,114.4,115.9,0.549,0.9,97.5,0.591
699821d4e161b702e08a768c,41600311,1610612759,115.3,109.6,0.518,-0.9,97.5,0.576
699821d4e161b702e08a768d,41600206,1610612738,101.1,100.1,0.475,-3.2,92,0.523
699821d4e161b702e08a768e,41600206,1610612764,97.8,95.6,0.459,3.2,92,0.483
699821d4e161b702e08a768f,41600236,1610612759,79.8,119.1,0.557,41.5,94,0.56
699821d4e161b702e08a7690,41600236,1610612745,121.3,81.5,0.37,-41.5,94,0.426
699821d4e161b702e08a7691,41600205,1610612738,104.1,123.9,0.621,22.7,97,0.639
699821d4e161b702e08a7692,41600205,1610612764,126.8,100.2,0.423,-22.7,97,0.487
699821d4e161b702e08a7693,41600235,1610612759,109.2,106.7,0.461,1.9,89.21,0.486
699821d4e161b702e08a7694,41600235,1610612745,111.1,104.7,0.535,-1.9,89.21,0.562
699821d4e161b702e08a7695,41600224,1610612744,95,119.9,0.577,26,100,0.631
699821d4e161b702e08a7696,41600224,1610612762,121,93.8,0.416,-26,100,0.469
699821d4e161b702e08a7697,41600204,1610612764,101,116.5,0.577,18.8,101,0.631
699821d4e161b702e08a7698,41600234,1610612745,108.3,123.3,0.626,19.2,97,0.629
699821d4e161b702e08a7699,41600214,1610612739,110.9,114.7,0.573,6.3,92.5,0.612
699821d4e161b702e08a769a,41600214,1610612761,117.2,106.7,0.529,-6.3,92.5,0.557
699821d4e161b702e08a769b,41600234,1610612759,127.6,104.1,0.534,-19.2,97,0.537
699821d4e161b702e08a769c,41600204,1610612738,119.8,101.4,0.532,-18.8,101,0.569
699821d4e161b702e08a769d,41600223,1610612744,97.8,109.5,0.494,10.7,93.5,0.542
699821d4e161b702e08a769e,41600223,1610612762,108.5,94.8,0.435,-10.7,93.5,0.495
699821d4e161b702e08a769f,41600213,1610612739,98.9,119.4,0.599,20.8,95.5,0.651
699821d4e161b702e08a76a0,41600233,1610612759,95.8,99.2,0.506,11.5,96,0.543
699821d4e161b702e08a76a1,41600233,1610612745,107.3,94.9,0.432,-11.5,96,0.48
699821d4e161b702e08a76a2,41600213,1610612761,119.8,94.5,0.448,-20.8,95.5,0.497
699821d4e161b702e08a76a3,41600203,1610612764,91.8,116,0.511,29.1,96.5,0.563
699821d4e161b702e08a76a4,41600222,1610612744,101,113,0.576,11.8,102.5,0.613
699821d4e161b702e08a76a5,41600222,1610612762,112.7,101.2,0.524,-11.8,102.5,0.56
699821d4e161b702e08a76a6,41600203,1610612738,120.8,89.4,0.416,-29.1,96.5,0.486
699821d4e161b702e08a76a7,41600232,1610612759,106.7,136.1,0.59,29.3,89.5,0.624
699821d4e161b702e08a76a8,41600212,1610612739,105.1,125.1,0.667,21.2,98.5,0.695
699821d4e161b702e08a76a9,41600212,1610612761,126.3,99.7,0.494,-21.2,98.5,0.524
699821d4e161b702e08a76aa,41600232,1610612745,136,104.8,0.512,-29.3,89.5,0.536
699821d4e161b702e08a76ab,41600221,1610612744,102.2,113.7,0.53,13,92,0.581
699821d4e161b702e08a76ac,41600202,1610612738,110.2,120.6,0.585,10.4,97.36,0.626
699821d4e161b702e08a76ad,41600202,1610612764,120.6,104.7,0.515,-10.4,97.36,0.547
699821d4e161b702e08a76ae,41600221,1610612762,115.2,100.8,0.518,-13,92,0.538
699821d4e161b702e08a76af,41600231,1610612745,93.4,117.9,0.586,27.8,105,0.637
699821d4e161b702e08a76b0,41600211,1610612739,105,112.9,0.541,9.9,100.5,0.593
699821d4e161b702e08a76b1,41600211,1610612761,114.9,103.1,0.494,-9.9,100.5,0.537
699821d4e161b702e08a76b2,41600231,1610612759,121.2,95.3,0.423,-27.8,105,0.496
699821d4e161b702e08a76b3,41600177,1610612762,100,114.1,0.544,13,91.5,0.583
699821d4e161b702e08a76b4,41600201,1610612738,119.4,128.7,0.617,12.9,93,0.637
699821d4e161b702e08a76b5,41600201,1610612764,132.3,113.6,0.563,-12.9,93,0.574
699821d4e161b702e08a76b6,41600177,1610612746,113,97.4,0.475,-13,91.5,0.498
699821d4e161b702e08a76b7,41600106,1610612738,89.2,115.5,0.588,23.7,93,0.597
699821d4e161b702e08a76b8,41600136,1610612764,104.2,117.3,0.603,15.6,95.5,0.646
699821d4e161b702e08a76b9,41600176,1610612762,110.1,102.7,0.455,-7.9,90,0.503
699821d4e161b702e08a76ba,41600176,1610612746,102.2,106,0.553,7.9,90,0.567
699821d4e161b702e08a76bb,41600136,1610612737,119.8,101.7,0.532,-15.6,95.5,0.573
699821d4e161b702e08a76bc,41600106,1610612741,112.9,89.7,0.42,-23.7,93,0.469
699821d4e161b702e08a76bd,41600156,1610612759,114.3,122.6,0.526,8.3,84,0.585
699821d4e161b702e08a76be,41600126,1610612761,104.7,109.4,0.521,3.5,85,0.574
699821d4e161b702e08a76bf,41600126,1610612749,108.2,98.5,0.473,-3.5,85,0.51
699821d4e161b702e08a76c0,41600156,1610612763,122.6,112.2,0.535,-8.3,84,0.589
699821d4e161b702e08a76c1,41600135,1610612764,106.5,112.1,0.494,3.1,93.5,0.549
699821d4e161b702e08a76c2,41600105,1610612738,103.2,112.4,0.483,10.5,94.5,0.55
699821d4e161b702e08a76c3,41600105,1610612741,113.7,104.9,0.561,-10.5,94.5,0.595
699821d4e161b702e08a76c4,41600135,1610612737,109.6,96.8,0.457,-3.1,93.5,0.484
699821d4e161b702e08a76c5,41600165,1610612745,100,101.8,0.439,6.1,99,0.529
699821d4e161b702e08a76c6,41600175,1610612762,98.9,101,0.512,5.4,92.5,0.545
699821d4e161b702e08a76c7,41600155,1610612759,127.2,132.3,0.613,12.6,82,0.647
699821d4e161b702e08a76c8,41600155,1610612763,139.8,123.1,0.576,-12.6,82,0.631
699821d4e161b702e08a76c9,41600175,1610612746,104.3,99.2,0.493,-5.4,92.5,0.563
699821d4e161b702e08a76ca,41600165,1610612760,106.1,99.2,0.44,-6.1,99,0.477
699821d4e161b702e08a76cb,41600144,1610612744,102,125.6,0.634,24.8,101,0.654
699821d4e161b702e08a76cc,41600125,1610612761,101.1,123.6,0.662,27.2,92,0.716
699821d4e161b702e08a76cd,41600134,1610612737,102,109.9,0.511,10.1,99,0.55
699821d4e161b702e08a76ce,41600134,1610612764,112.1,99.9,0.488,-10.1,99,0.531
699821d4e161b702e08a76cf,41600125,1610612749,128.3,100.6,0.582,-27.2,92,0.593
699821d4e161b702e08a76d0,41600144,1610612757,126.7,101.2,0.465,-24.8,101,0.527
699821d4e161b702e08a76d1,41600174,1610612762,107.7,117.7,0.608,7.7,91,0.631
699821d4e161b702e08a76d2,41600104,1610612738,106.7,111,0.524,8.8,89.5,0.567
699821d4e161b702e08a76d3,41600114,1610612739,106.3,106.1,0.461,3,96.5,0.52
699821d4e161b702e08a76d4,41600164,1610612760,109.7,102.8,0.535,-3.9,103,0.55
699821d4e161b702e08a76d5,41600164,1610612745,105.8,106.1,0.5,3.9,103,0.568
699821d4e161b702e08a76d6,41600114,1610612754,109.3,100.5,0.523,-3,96.5,0.534
699821d4e161b702e08a76d7,41600104,1610612741,115.6,104.9,0.454,-8.8,89.5,0.525
699821d4e161b702e08a76d8,41600174,1610612746,115.4,108,0.513,-7.7,91,0.558
699821d4e161b702e08a76d9,41600133,1610612737,93.3,111.5,0.545,18.2,104.5,0.563
699821d4e161b702e08a76da,41600124,1610612761,80,90.2,0.444,9.7,96,0.497
699821d4e161b702e08a76db,41600143,1610612744,109.7,110.8,0.505,5.8,103,0.559
699821d4e161b702e08a76dc,41600154,1610612763,103.8,102.3,0.537,1.9,94.19,0.594
699821d4e161b702e08a76dd,41600154,1610612759,105.8,101.4,0.469,-1.9,94.19,0.517
699821d4e161b702e08a76de,41600143,1610612757,115.5,105.7,0.506,-5.8,103,0.555
699821d4e161b702e08a76df,41600124,1610612749,89.7,78.4,0.401,-9.7,96,0.427
699821d4e161b702e08a76e0,41600133,1610612764,111.5,90.9,0.455,-18.2,104.5,0.501
699821d4e161b702e08a76e1,41600103,1610612738,93.5,109.4,0.576,18.3,93,0.584
699821d4e161b702e08a76e2,41600163,1610612760,115.3,120.9,0.608,3.3,97.5,0.617
699821d4e161b702e08a76e3,41600173,1610612746,119.1,125.4,0.593,5.6,89,0.62
699821d4e161b702e08a76e4,41600173,1610612762,124.7,118.1,0.623,-5.6,89,0.648
699821d4e161b702e08a76e5,41600163,1610612745,118.6,110.2,0.518,-3.3,97.5,0.579
699821d4e161b702e08a76e6,41600103,1610612741,111.8,92.9,0.429,-18.3,93,0.48
699821d4e161b702e08a76e7,41600123,1610612749,85.6,112.6,0.608,30,90,0.631
699821d4e161b702e08a76e8,41600153,1610612763,111.9,123.8,0.565,13.1,84,0.612
699821d4e161b702e08a76e9,41600113,1610612739,121.3,118.8,0.569,5.3,94,0.594
699821d4e161b702e08a76ea,41600113,1610612754,126.6,113.5,0.484,-5.3,94,0.536
699821d4e161b702e08a76eb,41600153,1610612759,125,111.5,0.542,-13.1,84,0.557
699821d4e161b702e08a76ec,41600123,1610612761,115.6,84.4,0.38,-30,90,0.457
699821d4e161b702e08a76ed,41600142,1610612744,79.4,102.3,0.495,27.4,102.5,0.542
699821d4e161b702e08a76ee,41600132,1610612764,102,108.4,0.494,7,99.5,0.542
699821d4e161b702e08a76ef,41600162,1610612745,112.1,112.4,0.558,5.2,98.5,0.61
699821d4e161b702e08a76f0,41600162,1610612760,117.3,111.8,0.448,-5.2,98.5,0.508
699821d4e161b702e08a76f1,41600132,1610612737,109,97.4,0.43,-7,99.5,0.528
699821d4e161b702e08a76f2,41600142,1610612757,106.8,76.2,0.372,-27.4,102.5,0.412
699821d4e161b702e08a76f3,41600102,1610612741,102.1,116.6,0.562,14.7,95,0.583
699821d4e161b702e08a76f4,41600172,1610612746,102.2,109.4,0.56,7.8,89.5,0.566
699821d4e161b702e08a76f5,41600122,1610612761,108.7,111.6,0.571,7.8,91.5,0.602
699821d4e161b702e08a76f6,41600122,1610612749,116.5,104.9,0.477,-7.8,91.5,0.524
699821d4e161b702e08a76f7,41600172,1610612762,110,100.4,0.529,-7.8,89.5,0.571
699821d4e161b702e08a76f8,41600102,1610612738,116.8,101.7,0.524,-14.7,95,0.537
699821d4e161b702e08a76f9,41600152,1610612759,95.3,111.5,0.533,17.6,85.5,0.639
699821d4e161b702e08a76fa,41600112,1610612739,112.1,119.2,0.638,7.3,98.5,0.679
699821d4e161b702e08a76fb,41600112,1610612754,119.4,112,0.56,-7.3,98.5,0.59
699821d4e161b702e08a76fc,41600152,1610612763,112.9,91.5,0.421,-17.6,85.5,0.463
699821d4e161b702e08a76fd,41600161,1610612745,88.8,118.7,0.549,31.6,98,0.576
699821d4e161b702e08a76fe,41600141,1610612744,109,120.6,0.599,9.6,101,0.648
699821d4e161b702e08a76ff,41600131,1610612764,107,109.1,0.49,7,100,0.53
699821d4e161b702e08a7700,41600101,1610612741,107.4,105.9,0.473,4.2,95,0.524
699821d4e161b702e08a7701,41600101,1610612738,111.6,103.7,0.512,-4.2,95,0.54
699821d4e161b702e08a7702,41600131,1610612737,114,103.7,0.481,-7,100,0.562
699821d4e161b702e08a7703,41600141,1610612757,118.6,102.2,0.489,-9.6,101,0.531
699821d4e161b702e08a7704,41600161,1610612760,120.4,87.8,0.426,-31.6,98,0.477
699821d4e161b702e08a7705,41600151,1610612759,94.3,124.7,0.605,33.3,87,0.638
699821d4e161b702e08a7706,41600121,1610612749,94.3,110.7,0.5,17.2,87.5,0.529
699821d4e161b702e08a7707,41600111,1610612739,118.7,119.9,0.609,2.4,90.5,0.606
699821d4e161b702e08a7708,41600171,1610612762,104.4,102.8,0.532,2.2,91,0.555
699821d4e161b702e08a7709,41600171,1610612746,106.6,99.5,0.494,-2.2,91,0.537
699821d4e161b702e08a770a,41600111,1610612754,121.1,118.9,0.562,-2.4,90.5,0.601
699821d4e161b702e08a770b,41600121,1610612761,111.5,89.7,0.393,-17.2,87.5,0.464
699821d4e161b702e08a770c,41600151,1610612763,127.6,93.7,0.437,-33.3,87,0.474
699821d4e161b702e08a770d,11600097,1610612750,73.3,106.3,0.542,33.6,101.5,0.576
699821d4e161b702e08a770e,11600098,1610612743,80.6,106.4,0.553,26.8,93.5,0.602
699821d4e161b702e08a770f,11600096,1610612764,85.4,122.3,0.659,37.3,96.5,0.659
699821d4e161b702e08a7710,11600101,1610612759,98,109.1,0.551,13.7,101.5,0.591
699821d4e161b702e08a7711,11600102,1610612744,94.1,106.2,0.528,9.8,102.5,0.559
699821d4e161b702e08a7712,11600099,1610612756,85.5,90,0.421,2.8,110.5,0.467
699821d4e161b702e08a7713,11600100,1610612748,108.7,103.2,0.541,-2.9,104,0.582
699821d4e161b702e08a7714,11600100,1610612755,105.8,103.7,0.483,2.9,104,0.538
699821d4e161b702e08a7715,11600099,1610612747,88.3,84.9,0.431,-2.8,110.5,0.471
699821d4e161b702e08a7716,11600102,1610612757,103.9,90.7,0.461,-9.8,102.5,0.491
699821d4e161b702e08a7717,11600101,1610612745,111.8,97.4,0.452,-13.7,101.5,0.482
699821d4e161b702e08a7718,11600096,1610612761,122.7,86.3,0.378,-37.3,96.5,0.441
699821d4e161b702e08a7719,11600098,1610612742,107.4,78.8,0.411,-26.8,93.5,0.44
699821d4e161b702e08a771a,11600097,1610612766,106.9,72.7,0.335,-33.6,101.5,0.403
699821d4e161b702e08a771b,11600094,1610612737,81.8,94.4,0.518,15.2,99.5,0.535
699821d4e161b702e08a771c,11600092,1610612766,91.7,97.4,0.463,7.3,96.5,0.519
699821d4e161b702e08a771d,11600093,1610612753,100,98.7,0.47,2.7,100.53,0.511
699821d4e161b702e08a771e,11600095,1610612752,100,101.5,0.528,6.4,110,0.572
699821d4e161b702e08a771f,11600095,1610612751,106.4,100.4,0.561,-6.4,110,0.6
699821d4e161b702e08a7720,11600093,1610612740,102.7,96.5,0.479,-2.7,100.53,0.519
699821d4e161b702e08a7721,11600092,1610612748,99,88.2,0.43,-7.3,96.5,0.464
699821d4e161b702e08a7722,11600094,1610612741,97,79.3,0.326,-15.2,99.5,0.385
699821d4e161b702e08a7723,11600089,1610612752,92.3,115.4,0.522,24,104,0.561
699821d4e161b702e08a7724,11600086,1610612750,92.2,95.2,0.433,5,103,0.543
699821d4e161b702e08a7725,11600088,1610612744,103.7,112.8,0.538,10.2,108,0.597
699821d4e161b702e08a7726,11600091,1610612745,92.9,110,0.5,15.3,98,0.539
699821d4e161b702e08a7727,11600090,1610612761,96.8,103.9,0.483,11.6,95,0.525
699821d4e161b702e08a7728,11600085,1610612749,102,107.2,0.532,9,100.5,0.593
699821d4e161b702e08a7729,11600087,1610612762,96.7,92.2,0.417,-4.4,91,0.477
699821d4e161b702e08a772a,11600087,1610612757,92.3,97.2,0.526,4.4,91,0.54
699821d4e161b702e08a772b,11600085,1610612754,111,103.2,0.467,-9,100.5,0.516
699821d4e161b702e08a772c,11600090,1610612765,108.4,96,0.487,-11.6,95,0.536
699821d4e161b702e08a772d,11600091,1610612742,108.2,92.3,0.416,-15.3,98,0.486
699821d4e161b702e08a772e,11600088,1610612747,113.9,98.2,0.533,-10.2,108,0.544
699821d4e161b702e08a772f,11600086,1610612763,97.1,90.1,0.458,-5,103,0.493
699821d4e161b702e08a7730,11600089,1610612738,116.3,91.4,0.458,-24,104,0.505
699821d4e161b702e08a7731,11600084,1610612748,81.1,111.6,0.571,30.4,95.5,0.602
699821d4e161b702e08a7732,11600081,1610612760,87.9,93.6,0.468,9.1,99.5,0.487
699821d4e161b702e08a7733,11600083,1610612737,87.3,93.7,0.453,7.8,101.5,0.493
699821d4e161b702e08a7734,11600080,1610612764,87.5,90.9,0.451,5.7,103.5,0.502
699821d4e161b702e08a7735,11600082,1610612746,91.8,96,0.532,3.1,97,0.562
699821d4e161b702e08a7736,11600082,1610612758,94.8,89.1,0.451,-3.1,97,0.5
699821d4e161b702e08a7737,11600080,1610612739,93.2,85.3,0.488,-5.7,103.5,0.496
699821d4e161b702e08a7738,11600083,1610612740,95,85.7,0.429,-7.8,101.5,0.474
699821d4e161b702e08a7739,11600081,1610612743,97,82.7,0.37,-9.1,99.5,0.413
699821d4e161b702e08a773a,11600084,1610612753,111.5,76.6,0.349,-30.4,95.5,0.412
699821d4e161b702e08a773b,11600079,1610612765,86.7,114.7,0.572,25.4,90.5,0.608
699821d4e161b702e08a773c,11600077,1610612762,79.6,102.4,0.578,25.5,98.5,0.594
699821d4e161b702e08a773d,11600078,1610612738,91.7,108.3,0.558,20.5,107.5,0.608
699821d4e161b702e08a773e,11600076,1610612741,100.9,95.6,0.463,-4.6,97.36,0.506
699821d4e161b702e08a773f,11600076,1610612766,96.3,98.1,0.374,4.6,97.36,0.461
699821d4e161b702e08a7740,11600078,1610612751,112.1,91.2,0.477,-20.5,107.5,0.507
699821d4e161b702e08a7741,11600077,1610612746,105.1,78.9,0.419,-25.5,98.5,0.471
699821d4e161b702e08a7742,11600079,1610612749,112.1,84.3,0.395,-25.4,90.5,0.441
699821d4e161b702e08a7743,11600074,1610612760,92.2,104.3,0.539,16.6,102.5,0.569
699821d4e161b702e08a7744,11600075,1610612743,101,112.1,0.524,9.4,96,0.549
699821d4e161b702e08a7745,11600073,1610612737,102.1,107.3,0.466,7.3,96,0.526
699821d4e161b702e08a7746,11600073,1610612753,109.4,98.4,0.5,-7.3,96,0.507
699821d4e161b702e08a7747,11600075,1610612757,110.4,99.6,0.483,-9.4,96,0.503
699821d4e161b702e08a7748,11600074,1610612750,108.7,91,0.459,-16.6,102.5,0.499
699821d4e161b702e08a7749,11600066,1610612765,80,104.9,0.526,20,96,0.548
699821d4e161b702e08a774a,11600072,1610612741,93.5,117.3,0.551,22.8,92,0.606
699821d4e161b702e08a774b,11600070,1610612738,109.2,120.9,0.678,11,98.5,0.673
699821d4e161b702e08a774c,11600069,1610612758,112.3,116.2,0.664,4.7,106,0.715
699821d4e161b702e08a774d,11600068,1610612744,109.2,115.8,0.605,3.9,98.5,0.618
699821d4e161b702e08a774e,11600071,1610612750,99,104.5,0.513,5.2,97,0.569
699821d4e161b702e08a774f,11600067,1610612763,100.8,106,0.495,9,101.79,0.543
699821d4e161b702e08a7750,11600067,1610612745,109.8,99,0.46,-9,101.79,0.533
699821d4e161b702e08a7751,11600071,1610612748,104.1,98.3,0.488,-5.2,97,0.518
699821d4e161b702e08a7752,11600068,1610612747,113.1,104.4,0.482,-3.9,98.5,0.543
699821d4e161b702e08a7753,11600069,1610612764,117,109.3,0.526,-4.7,106,0.567
699821d4e161b702e08a7754,11600070,1610612752,120.2,104.4,0.516,-11,98.5,0.538
699821d4e161b702e08a7755,11600072,1610612749,116.3,90.2,0.481,-22.8,92,0.504
699821d4e161b702e08a7756,11600066,1610612755,100,76.6,0.39,-20,96,0.468
699821d4e161b702e08a7757,11600060,1610612761,120.7,138.3,0.675,17.9,87.5,0.676
699821d4e161b702e08a7758,11600062,1610612741,106.9,113.7,0.566,11.1,100.5,0.591
699821d4e161b702e08a7759,11600061,1610612753,103.9,109.3,0.582,6.8,102.5,0.624
699821d4e161b702e08a775a,11600064,1610612756,102.9,103.9,0.473,5.9,103.5,0.525
699821d4e161b702e08a775b,11600063,1610612744,109.4,109.8,0.546,0.9,105.96,0.573
699821d4e161b702e08a775c,11600065,1610612748,100,105.6,0.546,8,100,0.561
699821d4e161b702e08a775d,11600065,1610612759,108,100,0.476,-8,100,0.532
699821d4e161b702e08a775e,11600063,1610612743,110.3,108.4,0.519,-0.9,105.96,0.542
699821d4e161b702e08a775f,11600064,1610612742,108.7,100.6,0.473,-5.9,103.5,0.518
699821d4e161b702e08a7760,11600061,1610612754,110.7,102.9,0.506,-6.8,102.5,0.535
699821d4e161b702e08a7761,11600062,1610612739,118,104.2,0.5,-11.1,100.5,0.553
699821d4e161b702e08a7762,11600060,12330,138.6,116,0.563,-17.9,87.5,0.607
699821d4e161b702e08a7763,11600053,1610612764,78.2,99.4,0.472,19.8,101.5,0.492
699821d4e161b702e08a7764,11600059,1610612761,94.9,121.7,0.647,25.3,99,0.685
699821d4e161b702e08a7765,11600054,1610612763,93.1,103.4,0.458,15.8,101,0.537
699821d4e161b702e08a7766,11600058,1610612758,108.3,120.4,0.673,13.8,95.5,0.696
699821d4e161b702e08a7767,11600056,1610612765,96.9,96.6,0.45,3.1,98,0.524
699821d4e161b702e08a7768,11600055,1610612738,91.5,95.2,0.464,2.8,106,0.51
699821d4e161b702e08a7769,11600057,1610612746,104.9,106.4,0.477,3.1,102,0.537
699821d4e161b702e08a776a,11600057,1610612757,107.9,103.1,0.544,-3.1,102,0.588
699821d4e161b702e08a776b,11600055,1610612751,94.3,90.4,0.442,-2.8,106,0.493
699821d4e161b702e08a776c,11600056,1610612737,100,94.9,0.5,-3.1,98,0.522
699821d4e161b702e08a776d,11600058,1610612747,122.1,107,0.547,-13.8,95.5,0.564
699821d4e161b702e08a776e,11600054,1610612760,108.9,93.5,0.53,-15.8,101,0.584
699821d4e161b702e08a776f,11600059,1610612739,120.2,91.7,0.468,-25.3,99,0.531
699821d4e161b702e08a7770,11600053,1610612755,98,78.4,0.355,-19.8,101.5,0.445
699821d4e161b702e08a7771,11600048,1610612754,86.5,104.6,0.483,18.8,96,0.523
699821d4e161b702e08a7772,11600050,1610612750,85.4,100.3,0.47,16.5,103,0.532
699821d4e161b702e08a7773,11600049,1610612759,90.8,95.2,0.453,7.1,97.5,0.506
699821d4e161b702e08a7774,11600052,1610612745,104,112.3,0.484,10.9,100.5,0.54
699821d4e161b702e08a7775,11600051,1610612756,103.8,99.7,0.474,1.9,105.5,0.559
699821d4e161b702e08a7776,11600051,1610612762,105.7,101.6,0.454,-1.9,105.5,0.554
699821d4e161b702e08a7777,11600052,1610612740,114.9,99,0.482,-10.9,100.5,0.541
699821d4e161b702e08a7778,11600049,1610612753,97.9,90.6,0.438,-7.1,97.5,0.493
699821d4e161b702e08a7779,11600050,1610612743,101.9,86.6,0.432,-16.5,103,0.508
699821d4e161b702e08a777a,11600048,1610612749,105.2,83.3,0.367,-18.8,96,0.429
699821d4e161b702e08a777b,11600044,1610612763,85,110.6,0.556,26,108,0.58
699821d4e161b702e08a777c,11600045,1610612748,98,113.7,0.565,18.3,103,0.585
699821d4e161b702e08a777d,11600046,1610612742,104.8,111.1,0.517,5.9,103.5,0.572
699821d4e161b702e08a777e,11600047,1610612757,99.1,101.2,0.511,4.7,96,0.546
699821d4e161b702e08a777f,11600047,1610612747,103.8,97.7,0.474,-4.7,96,0.498
699821d4e161b702e08a7780,11600046,1610612760,110.7,104.2,0.479,-5.9,103.5,0.511
699821d4e161b702e08a7781,11600045,1610612751,116.3,96.3,0.476,-18.3,103,0.533
699821d4e161b702e08a7782,11600044,1610612755,111,84.6,0.42,-26,108,0.476
699821d4e161b702e08a7783,11600043,1610612758,92.3,130.4,0.734,36.3,104.5,0.754
699821d4e161b702e08a7784,11600038,1610612766,84.3,97.8,0.506,12.7,101.5,0.538
699821d4e161b702e08a7785,11600041,1610612759,87.1,90.1,0.456,5.4,93,0.492
699821d4e161b702e08a7786,11600040,1610612737,91.2,93.7,0.47,4.9,102.5,0.512
699821d4e161b702e08a7787,11600042,1610612762,98.9,103.3,0.514,2.1,95,0.565
699821d4e161b702e08a7788,11600039,1610612752,91.7,93.9,0.488,4.1,95,0.512
699821d4e161b702e08a7789,11600039,1610612764,95.7,91.2,0.457,-4.1,95,0.492
699821d4e161b702e08a778a,11600042,1610612746,101.1,97.4,0.467,-2.1,95,0.525
699821d4e161b702e08a778b,11600040,1610612739,96.1,90.8,0.449,-4.9,102.5,0.514
699821d4e161b702e08a778c,11600041,1610612765,92.5,82.9,0.43,-5.4,93,0.442
699821d4e161b702e08a778d,11600038,1610612750,97,83.9,0.384,-12.7,101.5,0.42
699821d4e161b702e08a778e,11600043,93,128.6,89,0.461,-36.3,104.5,0.49
699821d4e161b702e08a778f,11600036,1610612747,111.7,120.4,0.617,6.4,104,0.646
699821d4e161b702e08a7790,11600037,1610612740,113.9,107.6,0.512,-6.5,108.5,0.575
699821d4e161b702e08a7791,11600037,1610612745,107.3,113.3,0.562,6.5,108.5,0.594
699821d4e161b702e08a7792,11600036,1610612743,118.1,107.7,0.512,-6.4,104,0.565
699821d4e161b702e08a7793,11600031,1610612752,98,115.9,0.607,18,100,0.616
699821d4e161b702e08a7794,11600034,1610612749,78.7,91.4,0.449,13.9,94.5,0.499
699821d4e161b702e08a7795,11600029,1610612738,86,100,0.494,18,100,0.536
699821d4e161b702e08a7796,11600032,1610612750,96.2,100.8,0.449,6.7,105,0.513
699821d4e161b702e08a7797,11600030,1610612741,101,116.9,0.579,15.4,104,0.64
699821d4e161b702e08a7798,11600035,1610612759,92.9,100.7,0.5,11.2,98,0.558
699821d4e161b702e08a7799,11600033,1610612739,106.1,104.1,0.506,4.1,98.5,0.552
699821d4e161b702e08a779a,11600033,1610612755,110.2,102.5,0.427,-4.1,98.5,0.503
699821d4e161b702e08a779b,11600035,1610612737,104.1,93.4,0.451,-11.2,98,0.508
699821d4e161b702e08a779c,11600030,1610612754,116.3,101.8,0.549,-15.4,104,0.57
699821d4e161b702e08a779d,11600032,1610612748,102.8,94.6,0.513,-6.7,105,0.539
699821d4e161b702e08a779e,11600029,1610612766,104,84.1,0.389,-18,100,0.456
699821d4e161b702e08a779f,11600034,1610612742,92.6,77.4,0.372,-13.9,94.5,0.4
699821d4e161b702e08a77a0,11600031,1610612751,116,97.5,0.447,-18,100,0.524
699821d4e161b702e08a77a1,11600028,1610612743,87.4,89.2,0.385,3.6,111,0.462
699821d4e161b702e08a77a2,11600027,1610612757,102.8,108.3,0.449,2.7,108,0.542
699821d4e161b702e08a77a3,11600027,1610612756,105.5,100,0.495,-2.7,108,0.509
699821d4e161b702e08a77a4,11600028,1610612747,91,85.3,0.447,-3.6,111,0.468
699821d4e161b702e08a77a5,11600023,1610612737,86.5,104.9,0.517,21.9,96,0.541
699821d4e161b702e08a77a6,11600026,1610612744,93.2,102.5,0.55,7.8,103.5,0.615
699821d4e161b702e08a77a7,11600024,1610612751,94,102.5,0.538,7,100,0.57
699821d4e161b702e08a77a8,11600021,1610612764,104.4,107.6,0.505,4.3,94.76,0.543
699821d4e161b702e08a77a9,11600025,1610612738,90.2,102.5,0.534,15.7,101.5,0.555
699821d4e161b702e08a77aa,11600022,1610612754,98.2,104.4,0.532,7.3,109.5,0.558
699821d4e161b702e08a77ab,11600022,1610612741,105.5,93.5,0.461,-7.3,109.5,0.522
699821d4e161b702e08a77ac,11600025,1610612766,105.9,89.3,0.46,-15.7,101.5,0.489
699821d4e161b702e08a77ad,11600021,1610612755,108.7,102.5,0.537,-4.3,94.76,0.571
699821d4e161b702e08a77ae,11600024,1610612765,101,91.6,0.466,-7,100,0.492
699821d4e161b702e08a77af,11600026,1610612758,101,92.5,0.494,-7.8,103.5,0.523
699821d4e161b702e08a77b0,11600023,1610612763,108.3,86.9,0.39,-21.9,96,0.43
699821d4e161b702e08a77b1,11600018,1610612762,97.1,100.8,0.527,4.9,102,0.577
699821d4e161b702e08a77b2,11600017,1610612739,102,116.6,0.614,15,100,0.641
699821d4e161b702e08a77b3,11600019,1610612746,98,105.2,0.587,7.1,99.5,0.643
699821d4e161b702e08a77b4,11600020,1610612760,95.7,94.4,0.546,3.2,93,0.602
699821d4e161b702e08a77b5,11600020,12304,98.9,92.9,0.529,-3.2,93,0.565
699821d4e161b702e08a77b6,11600019,1610612761,105.1,100.4,0.481,-7.1,99.5,0.541
699821d4e161b702e08a77b7,11600017,1610612753,117,100.6,0.513,-15,100,0.564
699821d4e161b702e08a77b8,11600018,1610612756,102,95.1,0.414,-4.9,102,0.454
699821d4e161b702e08a77b9,11600016,1610612744,73.5,117.5,0.618,44.1,102,0.673
699821d4e161b702e08a77ba,11600015,1610612747,83.2,102.1,0.514,17.8,101.5,0.554
699821d4e161b702e08a77bb,11600014,1610612745,98.1,119.9,0.659,23.4,106,0.696
699821d4e161b702e08a77bc,11600012,1610612748,97.9,110.9,0.622,11.3,97,0.626
699821d4e161b702e08a77bd,11600013,1610612754,92.3,106.1,0.486,16.3,104,0.507
699821d4e161b702e08a77be,11600011,1610612755,88.1,90.3,0.487,3.9,100.5,0.535
699821d4e161b702e08a77bf,11600011,1610612738,92,86.2,0.444,-3.9,100.5,0.467
699821d4e161b702e08a77c0,11600013,1610612740,108.7,94.2,0.461,-16.3,104,0.528
699821d4e161b702e08a77c1,11600012,1610612764,109.3,95.8,0.438,-11.3,97,0.479
699821d4e161b702e08a77c2,11600014,1610612752,121.5,96.3,0.464,-23.4,106,0.496
699821d4e161b702e08a77c3,11600015,1610612758,101,80.3,0.391,-17.8,101.5,0.458
699821d4e161b702e08a77c4,11600016,1610612746,117.6,69.8,0.364,-44.1,102,0.424
699821d4e161b702e08a77c5,11600007,1610612756,79.6,86.1,0.399,4.6,108,0.502
699821d4e161b702e08a77c6,11600006,1610612763,98,105,0.507,4,99.5,0.572
699821d4e161b702e08a77c7,11600008,1610612757,92.7,101,0.565,9.4,96,0.583
699821d4e161b702e08a77c8,11600004,1610612743,108.2,108.7,0.507,0.9,98.5,0.566
699821d4e161b702e08a77c9,11600009,1610612742,91.7,97.5,0.494,5.3,97,0.503
699821d4e161b702e08a77ca,11600010,12315,122.3,127.2,0.704,6.8,100.53,0.72
699821d4e161b702e08a77cb,11600005,1610612741,94.9,92.9,0.493,-2,98,0.523
699821d4e161b702e08a77cc,11600005,1610612749,92.9,96.4,0.438,2,98,0.492
699821d4e161b702e08a77cd,11600010,1610612760,129.1,120.1,0.605,-6.8,100.53,0.628
699821d4e161b702e08a77ce,11600009,1610612766,96.9,91.5,0.395,-5.3,97,0.472
699821d4e161b702e08a77cf,11600004,1610612761,109.1,105.1,0.472,-0.9,98.5,0.52
699821d4e161b702e08a77d0,11600008,1610612762,102.1,93.5,0.459,-9.4,96,0.516
699821d4e161b702e08a77d1,11600006,1610612753,102,95.1,0.555,-4,99.5,0.577
699821d4e161b702e08a77d2,11600007,1610612759,84.3,79.6,0.469,-4.6,108,0.494
699821d4e161b702e08a77d3,11600003,1610612745,90.4,128.2,0.596,38,103,0.611
699821d4e161b702e08a77d4,11600003,12329,128.4,85,0.447,-38,103,0.492
699821d4e161b702e08a77d5,11600002,1610612740,110.9,121.9,0.646,13.9,92.5,0.658
699821d4e161b702e08a77d6,11600001,1610612761,88.6,90.9,0.465,2.9,105.5,0.491
699821d4e161b702e08a77d7,11600001,1610612744,91.5,86.5,0.464,-2.9,105.5,0.492
699821d4e161b702e08a77d8,11600002,1610612742,124.7,110.9,0.5,-13.9,92.5,0.537
699821d4e161b702e08a77d9,41700404,1610612744,94.4,116.1,0.535,24.2,90.5,0.58
699821d4e161b702e08a77da,41700404,1610612739,118.7,92.4,0.391,-24.2,90.5,0.434
699821d4e161b702e08a77db,41700403,1610612744,107.4,116.6,0.574,9.7,94.5,0.615
699821d4e161b702e08a77dc,41700403,1610612739,117,103.6,0.484,-9.7,94.5,0.513
699821d4e161b702e08a77dd,41700402,1610612744,106.2,126.8,0.665,23.6,95.5,0.669
699821d4e161b702e08a77de,41700402,1610612739,129.8,106.8,0.461,-23.6,95.5,0.508
699821d4e161b702e08a77df,41700401,1610612744,112.9,120.6,0.583,12.4,90.57,0.628
699821d4e161b702e08a77e0,41700401,1610612739,125.3,112.1,0.495,-12.4,90.57,0.524
699821d4e161b702e08a77e1,41700317,1610612744,101.1,109.6,0.588,9.9,91,0.586
699821d4e161b702e08a77e2,41700317,1610612745,111,97.2,0.439,-9.9,91,0.461
699821d4e161b702e08a77e3,41700307,1610612739,91.9,98.9,0.523,8.1,86.5,0.565
699821d4e161b702e08a77e4,41700307,1610612738,100,89.4,0.382,-8.1,86.5,0.423
699821d4e161b702e08a77e5,41700316,1610612744,92.5,121.9,0.586,27.3,94.5,0.603
699821d4e161b702e08a77e6,41700316,1610612745,119.8,87.3,0.5,-27.3,94.5,0.509
699821d4e161b702e08a77e7,41700306,1610612739,111.2,117.6,0.523,8.5,90,0.564
699821d4e161b702e08a77e8,41700306,1610612738,119.8,107.8,0.595,-8.5,90,0.598
699821d4e161b702e08a77e9,41700315,1610612744,104.3,97.8,0.514,-6.3,95,0.572
699821d4e161b702e08a77ea,41700315,1610612745,97.9,102,0.455,6.3,95,0.532
699821d4e161b702e08a77eb,41700305,1610612738,88.3,97.8,0.441,13.8,94,0.505
699821d4e161b702e08a77ec,41700305,1610612739,102.1,88,0.48,-13.8,94,0.504
699821d4e161b702e08a77ed,41700314,1610612745,97.9,101.2,0.468,4.3,93.5,0.534
699821d4e161b702e08a77ee,41700314,1610612744,102.2,96.7,0.444,-4.3,93.5,0.483
699821d4e161b702e08a77ef,41700304,1610612739,104.1,107,0.556,6.9,99,0.592
699821d4e161b702e08a77f0,41700304,1610612738,111,102.8,0.465,-6.9,99,0.519
699821d4e161b702e08a77f1,41700313,1610612744,86.7,130,0.592,41.8,98,0.631
699821d4e161b702e08a77f2,41700313,1610612745,128.6,87.9,0.463,-41.8,98,0.49
699821d4e161b702e08a77f3,41700303,1610612739,91.5,120.6,0.599,29.3,95,0.65
699821d4e161b702e08a77f4,41700303,1610612738,120.8,90.2,0.432,-29.3,95,0.498
699821d4e161b702e08a77f5,41700312,1610612745,106.1,122.3,0.602,17.2,101,0.636
699821d4e161b702e08a77f6,41700312,1610612744,123.3,104.3,0.512,-17.2,101,0.554
699821d4e161b702e08a77f7,41700302,1610612738,98.9,111.7,0.489,13.7,95,0.531
699821d4e161b702e08a77f8,41700302,1610612739,112.6,99.5,0.525,-13.7,95,0.537
699821d4e161b702e08a77f9,41700311,1610612744,103.9,122.7,0.606,12.7,102,0.654
699821d4e161b702e08a77fa,41700311,1610612745,116.7,102.7,0.535,-12.7,102,0.562
699821d4e161b702e08a77fb,41700301,1610612738,89.2,114,0.577,26.9,93,0.602
699821d4e161b702e08a77fc,41700301,1610612739,116.1,86.6,0.384,-26.9,93,0.438
699821d4e161b702e08a77fd,41700215,1610612755,112.9,111.3,0.537,-4.1,102,0.586
699821d4e161b702e08a77fe,41700215,1610612738,108.7,112.8,0.488,4.1,102,0.553
699821d4e161b702e08a77ff,41700225,1610612745,110.9,118.5,0.59,10.9,92,0.619
699821d4e161b702e08a7800,41700235,1610612744,97.2,106.3,0.52,9.4,106.5,0.542
699821d4e161b702e08a7801,41700235,1610612740,106.6,99,0.523,-9.4,106.5,0.547
699821d4e161b702e08a7802,41700225,1610612762,121.7,111.8,0.531,-10.9,92,0.565
699821d4e161b702e08a7803,41700204,1610612739,100,130.9,0.667,36.2,93.5,0.69
699821d4e161b702e08a7804,41700214,1610612755,95.8,103.6,0.441,12.6,95.5,0.488
699821d4e161b702e08a7805,41700214,1610612738,108.4,96.4,0.487,-12.6,95.5,0.532
699821d4e161b702e08a7806,41700204,1610612761,136.2,99.9,0.481,-36.2,93.5,0.522
699821d4e161b702e08a7807,41700234,1610612744,85.2,108.3,0.542,25.1,107.5,0.573
699821d4e161b702e08a7808,41700224,1610612745,90.6,100.5,0.477,11.4,97,0.524
699821d4e161b702e08a7809,41700224,1610612762,102,86.3,0.428,-11.4,97,0.474
699821d4e161b702e08a780a,41700234,1610612740,110.3,83.5,0.386,-25.1,107.5,0.455
699821d4e161b702e08a780b,41700203,1610612739,114.4,109.4,0.538,2.2,90,0.583
699821d4e161b702e08a780c,41700213,1610612738,94.2,99.8,0.505,3.8,93.74,0.52
699821d4e161b702e08a780d,41700213,1610612755,98.1,91.7,0.438,-3.8,93.74,0.467
699821d4e161b702e08a780e,41700203,1610612761,116.7,113.2,0.553,-2.2,90,0.599
699821d4e161b702e08a780f,41700223,1610612745,92.9,112.1,0.552,20.1,99.5,0.596
699821d4e161b702e08a7810,41700233,1610612740,98,112,0.573,16.4,103,0.587
699821d4e161b702e08a7811,41700233,1610612744,114.4,94.8,0.429,-16.4,103,0.483
699821d4e161b702e08a7812,41700223,1610612762,113,90.6,0.482,-20.1,99.5,0.508
699821d4e161b702e08a7813,41700202,1610612739,120.9,138.9,0.661,19.8,91,0.68
699821d4e161b702e08a7814,41700212,1610612738,110.8,111.8,0.543,2.9,94,0.583
699821d4e161b702e08a7815,41700212,1610612755,113.7,109.4,0.505,-2.9,94,0.525
699821d4e161b702e08a7816,41700202,1610612761,140.7,119.8,0.617,-19.8,91,0.641
699821d4e161b702e08a7817,41700222,1610612762,102.9,109.4,0.608,8.7,104.5,0.617
699821d4e161b702e08a7818,41700222,1610612745,111.5,104,0.453,-8.7,104.5,0.505
699821d4e161b702e08a7819,41700232,1610612744,105.5,108.2,0.544,5.6,109.5,0.588
699821d4e161b702e08a781a,41700201,1610612761,114.1,108.1,0.478,0.1,89.21,0.535
699821d4e161b702e08a781b,41700201,1610612739,114.3,108.4,0.48,-0.1,89.21,0.508
699821d4e161b702e08a781c,41700232,1610612740,111,102.7,0.519,-5.6,109.5,0.532
699821d4e161b702e08a781d,41700211,1610612738,106.3,119,0.582,15.6,95.5,0.627
699821d4e161b702e08a781e,41700211,1610612755,121.9,101.6,0.452,-15.6,95.5,0.513
699821d4e161b702e08a781f,41700137,1610612739,113.5,118.5,0.5,4.5,89,0.573
699821d4e161b702e08a7820,41700221,1610612745,99,110.5,0.555,12.1,98,0.594
699821d4e161b702e08a7821,41700221,1610612762,111.1,98.3,0.546,-12.1,98,0.56
699821d4e161b702e08a7822,41700137,1610612754,118,110.3,0.513,-4.5,89,0.558
699821d4e161b702e08a7823,41700231,1610612744,94.4,116,0.544,19.5,107.5,0.585
699821d4e161b702e08a7824,41700117,1610612738,103.2,115.2,0.589,14.7,94,0.601
699821d4e161b702e08a7825,41700117,1610612749,117.9,102.2,0.534,-14.7,94,0.586
699821d4e161b702e08a7826,41700231,1610612740,113.9,95.4,0.479,-19.5,107.5,0.501
699821d4e161b702e08a7827,41700136,1610612754,96.7,132.7,0.649,37.8,90,0.649
699821d4e161b702e08a7828,41700106,1610612761,103.4,114.1,0.483,10,89.5,0.519
699821d4e161b702e08a7829,41700176,1610612762,101.1,102,0.512,6.8,89.5,0.521
699821d4e161b702e08a782a,41700176,1610612760,107.9,94.1,0.452,-6.8,89.5,0.461
699821d4e161b702e08a782b,41700106,1610612764,113.3,100.8,0.456,-10,89.5,0.521
699821d4e161b702e08a782c,41700136,1610612739,134.4,92.5,0.494,-37.8,90,0.506
699821d4e161b702e08a782d,41700116,1610612749,95.6,109.9,0.56,13.4,89.5,0.576
699821d4e161b702e08a782e,41700116,1610612738,109,93.1,0.432,-13.4,89.5,0.481
699821d4e161b702e08a782f,41700145,1610612745,114.3,130.7,0.614,18.3,91.5,0.633
699821d4e161b702e08a7830,41700105,1610612761,100,109.8,0.53,8,99,0.573
699821d4e161b702e08a7831,41700175,1610612760,99,105.4,0.489,9.1,99.5,0.537
699821d4e161b702e08a7832,41700135,1610612754,106.5,102.3,0.521,0.2,90.5,0.573
699821d4e161b702e08a7833,41700135,1610612739,106.7,107.8,0.48,-0.2,90.5,0.564
699821d4e161b702e08a7834,41700175,1610612762,108.1,99.6,0.488,-9.1,99.5,0.535
699821d4e161b702e08a7835,41700105,1610612764,108,94.5,0.439,-8,99,0.492
699821d4e161b702e08a7836,41700145,1610612750,132.6,113.3,0.563,-18.3,91.5,0.592
699821d4e161b702e08a7837,41700125,1610612755,91.9,101.1,0.463,11.1,100,0.537
699821d4e161b702e08a7838,41700115,1610612738,91.6,95.8,0.493,6.3,94.5,0.554
699821d4e161b702e08a7839,41700155,1610612744,94.8,103.1,0.476,8.3,96,0.527
699821d4e161b702e08a783a,41700155,1610612759,103.1,95.1,0.413,-8.3,96,0.476
699821d4e161b702e08a783b,41700115,1610612749,97.9,87.2,0.42,-6.3,94.5,0.454
699821d4e161b702e08a783c,41700125,1610612748,103,90.4,0.443,-11.1,100,0.466
699821d4e161b702e08a783d,41700144,1610612745,101,118.5,0.522,18,99.5,0.575
699821d4e161b702e08a783e,41700174,1610612762,94.1,107.7,0.516,16.7,102,0.549
699821d4e161b702e08a783f,41700174,1610612760,110.8,93,0.423,-16.7,102,0.494
699821d4e161b702e08a7840,41700144,1610612750,119,98.9,0.512,-18,99.5,0.531
699821d4e161b702e08a7841,41700154,1610612759,100,114,0.549,12,91,0.576
699821d4e161b702e08a7842,41700114,1610612749,112.1,113.6,0.589,2.2,91,0.622
699821d4e161b702e08a7843,41700104,1610612764,98,103.3,0.5,8,100,0.537
699821d4e161b702e08a7844,41700134,1610612739,107.5,112.5,0.526,3.1,93.5,0.581
699821d4e161b702e08a7845,41700134,1610612754,110.6,103.4,0.495,-3.1,93.5,0.506
699821d4e161b702e08a7846,41700104,1610612761,106,96.8,0.475,-8,100,0.531
699821d4e161b702e08a7847,41700114,1610612738,114.3,112.1,0.471,-2.2,91,0.52
699821d4e161b702e08a7848,41700154,1610612744,112,98.4,0.417,-12,91,0.462
699821d4e161b702e08a7849,41700143,1610612750,111.7,122.6,0.583,14.3,95,0.607
699821d4e161b702e08a784a,41700173,1610612762,105.2,117.5,0.606,12.2,97.5,0.626
699821d4e161b702e08a784b,41700164,1610612740,120.6,128.2,0.635,6.6,102.5,0.688
699821d4e161b702e08a784c,41700124,1610612755,93.6,96.9,0.47,4.6,108.5,0.533
699821d4e161b702e08a784d,41700124,1610612748,98.1,91.9,0.473,-4.6,108.5,0.486
699821d4e161b702e08a784e,41700164,1610612757,127.2,120.5,0.579,-6.6,102.5,0.603
699821d4e161b702e08a784f,41700173,1610612760,117.3,104.8,0.564,-12.2,97.5,0.591
699821d4e161b702e08a7850,41700143,1610612745,126,110.5,0.549,-14.3,95,0.571
699821d4e161b702e08a7851,41700113,1610612749,104.5,132.4,0.671,28.8,87.5,0.678
699821d4e161b702e08a7852,41700103,1610612764,105.1,122.2,0.612,19.4,98,0.65
699821d4e161b702e08a7853,41700133,1610612754,97.8,97,0.521,4.4,91,0.562
699821d4e161b702e08a7854,41700133,1610612739,102.2,97.8,0.506,-4.4,91,0.535
699821d4e161b702e08a7855,41700103,1610612761,124.5,101.6,0.524,-19.4,98,0.57
699821d4e161b702e08a7856,41700113,1610612738,133.3,98.6,0.45,-28.8,87.5,0.498
699821d4e161b702e08a7857,41700153,1610612744,103.2,114.7,0.573,13.8,94,0.612
699821d4e161b702e08a7858,41700163,1610612740,100,116.3,0.592,15.5,102.5,0.624
699821d4e161b702e08a7859,41700123,1610612755,110.2,123.9,0.617,20.4,98,0.658
699821d4e161b702e08a785a,41700123,1610612748,130.6,109.8,0.562,-20.4,98,0.611
699821d4e161b702e08a785b,41700163,1610612757,115.5,98.1,0.519,-15.5,102.5,0.56
699821d4e161b702e08a785c,41700153,1610612759,117,99.2,0.466,-13.8,94,0.506
699821d4e161b702e08a785d,41700142,1610612745,87.2,99.8,0.448,19,95,0.485
699821d4e161b702e08a785e,41700172,1610612762,95,102.5,0.47,7,100,0.518
699821d4e161b702e08a785f,41700132,1610612754,109.9,101.8,0.564,-5.6,92,0.582
699821d4e161b702e08a7860,41700132,1610612739,104.3,109.1,0.582,5.6,92,0.605
699821d4e161b702e08a7861,41700172,1610612760,102,94.1,0.461,-7,100,0.485
699821d4e161b702e08a7862,41700142,1610612750,106.3,85.2,0.419,-19,95,0.459
699821d4e161b702e08a7863,41700112,1610612738,114,125.1,0.606,13.7,93.5,0.613
699821d4e161b702e08a7864,41700162,1610612740,105.2,115.2,0.583,9.3,97,0.601
699821d4e161b702e08a7865,41700102,1610612761,115.5,122,0.592,9.5,103.5,0.64
699821d4e161b702e08a7866,41700102,1610612764,125,115.2,0.547,-9.5,103.5,0.605
699821d4e161b702e08a7867,41700162,1610612757,114.4,103.7,0.516,-9.3,97,0.535
699821d4e161b702e08a7868,41700112,1610612749,127.7,114.6,0.643,-13.7,93.5,0.627
699821d4e161b702e08a7869,41700152,1610612744,105.2,121.1,0.622,16.9,95.5,0.668
699821d4e161b702e08a786a,41700122,1610612748,102,113.9,0.543,9.9,101,0.593
699821d4e161b702e08a786b,41700122,1610612755,111.9,99.3,0.453,-9.9,101,0.487
699821d4e161b702e08a786c,41700152,1610612759,122.1,102.9,0.435,-16.9,95.5,0.514
699821d4e161b702e08a786d,41700131,1610612754,85.1,105.4,0.525,19.1,94,0.544
699821d4e161b702e08a786e,41700171,1610612760,104.9,112.5,0.565,8.9,102.5,0.61
699821d4e161b702e08a786f,41700111,1610612738,99.1,102.8,0.473,6.5,97.36,0.534
699821d4e161b702e08a7870,41700141,1610612750,110.6,106,0.488,-4.3,94.5,0.547
699821d4e161b702e08a7871,41700141,1610612745,106.3,108.2,0.53,4.3,94.5,0.558
699821d4e161b702e08a7872,41700111,1610612749,105.6,98.6,0.53,-6.5,97.36,0.572
699821d4e161b702e08a7873,41700171,1610612762,113.7,107.1,0.534,-8.9,102.5,0.564
699821d4e161b702e08a7874,41700131,1610612739,104.3,84.4,0.436,-19.1,94,0.461
699821d4e161b702e08a7875,41700151,1610612744,95.8,118.1,0.605,20.7,96.5,0.623
699821d4e161b702e08a7876,41700121,1610612755,102,127.8,0.568,26.7,101,0.603
699821d4e161b702e08a7877,41700161,1610612740,96,98.6,0.523,2,99,0.537
699821d4e161b702e08a7878,41700101,1610612761,108.2,116.6,0.636,7,98.5,0.664
699821d4e161b702e08a7879,41700101,1610612764,115.2,104,0.523,-7,98.5,0.564
699821d4e161b702e08a787a,41700161,1610612757,98,94.7,0.439,-2,99,0.46
699821d4e161b702e08a787b,41700121,1610612748,128.7,103.4,0.532,-26.7,101,0.568
699821d4e161b702e08a787c,41700151,1610612759,116.5,91.5,0.456,-20.7,96.5,0.508
699821d4e161b702e08a787d,11700074,1610612757,82.7,133.2,0.647,47.6,98.5,0.687
699821d4e161b702e08a787e,11700071,1610612763,93.5,134.3,0.635,35.6,109,0.698
699821d4e161b702e08a787f,11700073,1610612756,85.3,109.2,0.523,19.3,109,0.573
699821d4e161b702e08a7880,11700068,1610612755,84.1,105.8,0.544,21.2,113,0.587
699821d4e161b702e08a7881,11700070,1610612761,93.7,116.4,0.617,17.9,111.5,0.635
699821d4e161b702e08a7882,11700072,1610612759,96,107.9,0.571,8.9,101,0.587
699821d4e161b702e08a7883,11700075,1610612764,102,109.5,0.59,6.9,101,0.615
699821d4e161b702e08a7884,11700078,1610612747,86,99,0.54,5.8,121,0.566
699821d4e161b702e08a7885,11700077,1610612744,107.1,121.3,0.546,9.9,99.5,0.555
699821d4e161b702e08a7886,11700076,1610612749,99,110.5,0.57,4.8,103.5,0.609
699821d4e161b702e08a7887,11700067,1610612766,96,106.6,0.594,13.9,100.5,0.609
699821d4e161b702e08a7888,11700069,1610612739,100,108.9,0.556,4.6,107,0.609
699821d4e161b702e08a7889,11700069,1610612753,104.6,104,0.54,-4.6,107,0.553
699821d4e161b702e08a788a,11700067,1610612742,109.9,94.6,0.482,-13.9,100.5,0.519
699821d4e161b702e08a788b,11700076,1610612765,103.9,105.1,0.467,-4.8,103.5,0.505
699821d4e161b702e08a788c,11700077,1610612758,117,111,0.541,-9.9,99.5,0.573
699821d4e161b702e08a788d,11700078,1610612746,91.7,91,0.488,-5.8,121,0.529
699821d4e161b702e08a788e,11700075,1610612752,108.9,102.3,0.524,-6.9,101,0.556
699821d4e161b702e08a788f,11700072,1610612745,105,100.1,0.472,-8.9,101,0.506
699821d4e161b702e08a7890,11700070,1610612741,111.6,95.3,0.577,-17.9,111.5,0.59
699821d4e161b702e08a7891,11700068,1610612748,105.3,85.7,0.42,-21.2,113,0.476
699821d4e161b702e08a7892,11700073,15017,104.6,90.3,0.424,-19.3,109,0.439
699821d4e161b702e08a7893,11700071,1610612740,129.1,93.3,0.494,-35.6,109,0.536
699821d4e161b702e08a7894,11700074,93,130.3,81.6,0.408,-47.6,98.5,0.439
699821d4e161b702e08a7895,11700066,1610612746,83.7,102.8,0.593,15.4,104.5,0.611
699821d4e161b702e08a7896,11700065,1610612742,92.2,111.4,0.608,14.8,101.5,0.621
699821d4e161b702e08a7897,11700065,1610612737,106.9,91.2,0.444,-14.8,101.5,0.5
699821d4e161b702e08a7898,11700066,1610612758,99,82.9,0.481,-15.4,104.5,0.512
699821d4e161b702e08a7899,11700062,1610612755,95.8,120.3,0.583,17.9,118,0.636
699821d4e161b702e08a789a,11700064,1610612745,84,95,0.475,10.4,106.5,0.547
699821d4e161b702e08a789b,11700060,1610612738,100,110.7,0.6,10.2,99,0.61
699821d4e161b702e08a789c,11700061,1610612757,92.9,103.5,0.479,8.9,111.5,0.527
699821d4e161b702e08a789d,11700063,1610612764,109.3,111.8,0.54,-2.9,107.5,0.576
699821d4e161b702e08a789e,11700063,1610612748,106.5,113.2,0.584,2.9,107.5,0.601
699821d4e161b702e08a789f,11700061,1610612756,101.8,96.7,0.439,-8.9,111.5,0.488
699821d4e161b702e08a78a0,11700060,1610612766,110.2,100.6,0.494,-10.2,99,0.519
699821d4e161b702e08a78a1,11700064,1610612763,94.4,82.7,0.418,-10.4,106.5,0.48
699821d4e161b702e08a78a2,11700062,1610612751,113.7,98.4,0.517,-17.9,118,0.549
699821d4e161b702e08a78a3,11700054,1610612761,94.9,117.2,0.601,23.4,98.5,0.644
699821d4e161b702e08a78a4,11700055,1610612754,82.4,102.6,0.533,17.6,108,0.585
699821d4e161b702e08a78a5,11700059,1610612741,89.5,106.4,0.517,12.4,105.5,0.554
699821d4e161b702e08a78a6,11700056,1610612760,80.4,91.8,0.511,10.2,106.5,0.508
699821d4e161b702e08a78a7,11700058,1610612762,90,100.7,0.506,3.8,111,0.569
699821d4e161b702e08a78a8,11700057,1610612753,96.1,98.7,0.473,3,103,0.518
699821d4e161b702e08a78a9,11700057,1610612759,99,97.3,0.507,-3,103,0.565
699821d4e161b702e08a78aa,11700058,1610612747,93.8,94,0.481,-3.8,111,0.53
699821d4e161b702e08a78ab,11700056,1610612743,90.6,84,0.406,-10.2,106.5,0.446
699821d4e161b702e08a78ac,11700059,1610612739,101.9,87.1,0.488,-12.4,105.5,0.511
699821d4e161b702e08a78ad,11700055,93,100,84.5,0.507,-17.6,108,0.54
699821d4e161b702e08a78ae,11700054,1610612765,118.4,95.5,0.47,-23.4,98.5,0.514
699821d4e161b702e08a78af,11700053,1610612757,83.8,98.5,0.48,13.2,99.5,0.536
699821d4e161b702e08a78b0,11700049,1610612745,92.2,115.6,0.689,21.4,103,0.703
699821d4e161b702e08a78b1,11700048,1610612738,85.7,101.4,0.466,15.2,112,0.531
699821d4e161b702e08a78b2,11700047,1610612762,90.3,111.6,0.588,15,113.5,0.609
699821d4e161b702e08a78b3,11700051,1610612748,99.1,106.1,0.562,1.9,107.5,0.581
699821d4e161b702e08a78b4,11700050,1610612737,79.3,93.5,0.519,10,111.5,0.568
699821d4e161b702e08a78b5,11700052,1610612742,93.2,98,0.5,3.9,102.5,0.515
699821d4e161b702e08a78b6,11700046,1610612765,104.3,115.7,0.552,9.5,93.5,0.566
699821d4e161b702e08a78b7,11700046,1610612754,113.8,104,0.58,-9.5,93.5,0.604
699821d4e161b702e08a78b8,11700052,1610612753,97.1,91.2,0.511,-3.9,102.5,0.52
699821d4e161b702e08a78b9,11700050,1610612763,89.3,84.2,0.457,-10,111.5,0.481
699821d4e161b702e08a78ba,11700051,1610612766,100.9,101.6,0.478,-1.9,107.5,0.513
699821d4e161b702e08a78bb,11700047,1610612756,105.3,92.7,0.529,-15,113.5,0.593
699821d4e161b702e08a78bc,11700048,1610612755,100.9,86.7,0.482,-15.2,112,0.496
699821d4e161b702e08a78bd,11700049,1610612752,113.6,95.6,0.5,-21.4,103,0.52
699821d4e161b702e08a78be,11700053,1610612758,97,86.3,0.439,-13.2,99.5,0.471
699821d4e161b702e08a78bf,11700045,1610612751,76.9,113.7,0.583,30.5,108.5,0.61
699821d4e161b702e08a78c0,11700038,1610612757,94.6,123.3,0.606,23.9,112.5,0.659
699821d4e161b702e08a78c1,11700043,1610612747,71.1,79.3,0.457,6.2,97,0.49
699821d4e161b702e08a78c2,11700042,1610612740,87.2,99.3,0.463,12.8,108.5,0.553
699821d4e161b702e08a78c3,11700044,1610612744,99.1,127.9,0.718,25.5,112.5,0.74
699821d4e161b702e08a78c4,11700041,1610612759,94.3,118.5,0.671,20.8,106,0.702
699821d4e161b702e08a78c5,11700039,1610612760,88.5,90.9,0.384,0.1,96.5,0.45
699821d4e161b702e08a78c6,11700040,1610612739,95.3,90.9,0.513,-6.6,106.5,0.544
699821d4e161b702e08a78c7,11700040,1610612764,88.7,93.1,0.488,6.6,106.5,0.528
699821d4e161b702e08a78c8,11700039,15016,88.7,91.8,0.414,-0.1,96.5,0.464
699821d4e161b702e08a78c9,11700041,1610612743,115.1,94.8,0.449,-20.8,106,0.498
699821d4e161b702e08a78ca,11700044,1610612750,124.6,98.8,0.541,-25.5,112.5,0.616
699821d4e161b702e08a78cb,11700042,1610612741,100,91.3,0.431,-12.8,108.5,0.485
699821d4e161b702e08a78cc,11700043,1610612758,77.3,73.4,0.356,-6.2,97,0.396
699821d4e161b702e08a78cd,11700038,1610612746,118.6,97.6,0.477,-23.9,112.5,0.527
699821d4e161b702e08a78ce,11700045,1610612752,107.3,76.5,0.402,-30.5,108.5,0.448
699821d4e161b702e08a78cf,11700037,1610612753,87.4,92.6,0.494,3.8,102.5,0.52
699821d4e161b702e08a78d0,11700037,1610612748,91.2,86,0.415,-3.8,102.5,0.461
699821d4e161b702e08a78d1,11700036,1610612759,96.9,122.7,0.645,23.3,95,0.652
699821d4e161b702e08a78d2,11700031,1610612765,87,114.9,0.549,22,100,0.563
699821d4e161b702e08a78d3,11700033,1610612760,84.3,97.9,0.561,9.3,108.5,0.585
699821d4e161b702e08a78d4,11700030,1610612764,97.1,102.5,0.523,2.9,103.5,0.556
699821d4e161b702e08a78d5,11700035,1610612754,98.1,104,0.524,1.9,105,0.559
699821d4e161b702e08a78d6,11700032,1610612741,97.1,111.2,0.62,12.5,104,0.63
699821d4e161b702e08a78d7,11700034,1610612762,94.4,105.5,0.464,9.3,107.5,0.508
699821d4e161b702e08a78d8,11700029,1610612738,94.4,101.4,0.459,6.5,108.5,0.507
699821d4e161b702e08a78d9,11700029,1610612755,100.9,94.8,0.554,-6.5,108.5,0.545
699821d4e161b702e08a78da,11700034,1610612756,103.7,98.3,0.52,-9.3,107.5,0.582
699821d4e161b702e08a78db,11700032,1610612749,109.6,100.4,0.526,-12.5,104,0.557
699821d4e161b702e08a78dc,11700035,1610612739,100,98.4,0.511,-1.9,105,0.528
699821d4e161b702e08a78dd,11700030,1610612752,100,93.4,0.519,-2.9,103.5,0.574
699821d4e161b702e08a78de,11700033,1610612740,93.6,88.8,0.451,-9.3,108.5,0.487
699821d4e161b702e08a78df,11700031,1610612737,109,88.2,0.447,-22,100,0.475
699821d4e161b702e08a78e0,11700036,1610612758,120.2,96.5,0.476,-23.3,95,0.514
699821d4e161b702e08a78e1,11700026,1610612745,73.9,135.4,0.725,54.7,111.5,0.725
699821d4e161b702e08a78e2,11700025,1610612753,85.6,110.9,0.54,23.2,103.5,0.566
699821d4e161b702e08a78e3,11700028,1610612751,78.6,98.1,0.505,16.1,112.5,0.535
699821d4e161b702e08a78e4,11700024,1610612750,93.1,110.2,0.489,15.7,102,0.551
699821d4e161b702e08a78e5,11700027,1610612757,93.5,103,0.506,4.6,108,0.547
699821d4e161b702e08a78e6,11700027,1610612761,98.1,95.7,0.487,-4.6,108,0.564
699821d4e161b702e08a78e7,11700024,1610612744,108.8,93.1,0.513,-15.7,102,0.522
699821d4e161b702e08a78e8,11700028,1610612748,94.7,78.9,0.395,-16.1,112.5,0.438
699821d4e161b702e08a78e9,11700025,1610612742,108.7,86.4,0.396,-23.2,103.5,0.436
699821d4e161b702e08a78ea,11700026,12329,128.6,75.4,0.493,-54.7,111.5,0.508
699821d4e161b702e08a78eb,11700021,1610612762,75,114.8,0.653,38.6,103.5,0.673
699821d4e161b702e08a78ec,11700023,1610612742,66.4,108.9,0.61,42.9,107.5,0.626
699821d4e161b702e08a78ed,11700015,1610612746,80,95.9,0.521,12.5,105.5,0.582
699821d4e161b702e08a78ee,11700018,1610612737,87.7,102.4,0.556,14.1,106.5,0.59
699821d4e161b702e08a78ef,11700017,1610612763,81.7,100.5,0.495,16.6,110.5,0.527
699821d4e161b702e08a78f0,11700022,1610612743,97.2,114.6,0.611,14.7,108,0.626
699821d4e161b702e08a78f1,11700020,1610612754,81.9,98.2,0.484,19.1,104,0.51
699821d4e161b702e08a78f2,11700019,1610612766,94.5,101.4,0.489,5.5,109.5,0.537
699821d4e161b702e08a78f3,11700019,1610612765,100,97.7,0.518,-5.5,109.5,0.551
699821d4e161b702e08a78f4,11700020,1610612749,101,84.7,0.444,-19.1,104,0.492
699821d4e161b702e08a78f5,11700022,1610612747,111.9,102.4,0.545,-14.7,108,0.562
699821d4e161b702e08a78f6,11700017,1610612755,98.2,81.4,0.41,-16.6,110.5,0.457
699821d4e161b702e08a78f7,11700018,1610612739,101.9,87.8,0.455,-14.1,106.5,0.485
699821d4e161b702e08a78f8,11700015,1610612761,92.5,79.5,0.419,-12.5,105.5,0.439
699821d4e161b702e08a78f9,11700023,1610612741,109.3,69.4,0.389,-42.9,107.5,0.397
699821d4e161b702e08a78fa,11700021,93,113.6,74.1,0.355,-38.6,103.5,0.381
699821d4e161b702e08a78fb,11700014,1610612756,99.1,102.6,0.512,2.7,112.5,0.575
699821d4e161b702e08a78fc,11700013,1610612745,95.1,107.3,0.577,6.9,102,0.605
699821d4e161b702e08a78fd,11700016,1610612751,93,104.2,0.529,7.8,114.5,0.579
699821d4e161b702e08a78fe,11700012,1610612741,102,114.4,0.602,9.2,108.18,0.617
699821d4e161b702e08a78ff,11700012,1610612740,111.2,107.2,0.535,-9.2,108.18,0.593
699821d4e161b702e08a7900,11700016,1610612752,100.9,95,0.436,-7.8,114.5,0.497
699821d4e161b702e08a7901,11700013,1610612760,102,97.4,0.474,-6.9,102,0.541
699821d4e161b702e08a7902,11700014,1610612757,101.8,99.8,0.452,-2.7,112.5,0.476
699821d4e161b702e08a7903,11700007,1610612762,82.2,112.9,0.63,23.7,101.5,0.623
699821d4e161b702e08a7904,11700005,1610612764,92.8,123,0.65,24.7,105.46,0.665
699821d4e161b702e08a7905,11700008,1610612738,82.8,98.2,0.478,12.1,99,0.486
699821d4e161b702e08a7906,11700011,1610612747,98.3,98.3,0.506,-3.6,114,0.558
699821d4e161b702e08a7907,11700010,1610612758,100,107.5,0.56,9.3,96.5,0.585
699821d4e161b702e08a7908,11700009,1610612749,102.9,103.7,0.553,-1,102.5,0.576
699821d4e161b702e08a7909,11700006,1610612763,79.2,87.6,0.422,7.5,106,0.455
699821d4e161b702e08a790a,11700006,1610612753,86.8,81.1,0.392,-7.5,106,0.426
699821d4e161b702e08a790b,11700009,1610612742,102,104,0.548,1,102.5,0.559
699821d4e161b702e08a790c,11700010,1610612759,99.8,104.4,0.47,-6.5,107.22,0.525
699821d4e161b702e08a790d,11700011,1610612743,94.7,102.4,0.541,3.6,114,0.575
699821d4e161b702e08a790e,11700008,1610612766,94.9,80,0.413,-12.1,99,0.453
699821d4e161b702e08a790f,11700005,15018,117.5,94.7,0.387,-24.7,105.46,0.484
699821d4e161b702e08a7910,11700007,15015,105.9,81.8,0.42,-23.7,101.5,0.469
699821d4e161b702e08a7911,11700004,1610612748,84.9,94.3,0.547,6.5,105.5,0.553
699821d4e161b702e08a7912,11700003,1610612761,98.3,111.4,0.571,5.2,116.32,0.629
699821d4e161b702e08a7913,11700003,1610612746,103.4,99.7,0.506,-5.2,116.32,0.592
699821d4e161b702e08a7914,11700004,1610612737,91.4,85,0.391,-6.5,105.5,0.455
699821d4e161b702e08a7915,11700002,1610612750,88.4,99.6,0.449,8,112,0.517
699821d4e161b702e08a7916,11700001,1610612743,94.4,102.9,0.525,5.6,108,0.563
699821d4e161b702e08a7917,11700001,1610612744,100,99.5,0.432,-5.6,108,0.483
699821d4e161b702e08a7918,11700002,1610612747,96.4,93.9,0.468,-8,112,0.498
699821d4e161b702e08a7919,41800406,1610612761,113.4,119,0.555,5.3,96.5,0.602
699821d4e161b702e08a791a,41800406,1610612744,118.8,110.9,0.556,-5.3,96.5,0.59
699821d4e161b702e08a791b,41800405,1610612744,110.5,108,0.585,3.5,94,0.601
699821d4e161b702e08a791c,41800405,1610612761,114,108.4,0.494,-3.5,94,0.542
699821d4e161b702e08a791d,41800404,1610612761,96.8,104.4,0.477,14.9,94.5,0.544
699821d4e161b702e08a791e,41800404,1610612744,111.7,93.6,0.5,-14.9,94.5,0.527
699821d4e161b702e08a791f,41800403,1610612761,110.1,120.3,0.628,14.1,99,0.674
699821d4e161b702e08a7920,41800403,1610612744,124.2,102.6,0.462,-14.1,99,0.523
699821d4e161b702e08a7921,41800402,1610612744,103,106.7,0.543,6,100.5,0.592
699821d4e161b702e08a7922,41800402,1610612761,109,98.6,0.431,-6,100.5,0.493
699821d4e161b702e08a7923,41800401,1610612761,112.4,125.4,0.591,9.3,97,0.648
699821d4e161b702e08a7924,41800401,1610612744,121.6,109.4,0.513,-9.3,97,0.595
699821d4e161b702e08a7925,41800306,1610612761,108,112.8,0.568,6.9,87,0.598
699821d4e161b702e08a7926,41800306,1610612749,114.9,107.3,0.48,-6.9,87,0.53
699821d4e161b702e08a7927,41800305,1610612749,110.5,104.3,0.512,-6.3,95,0.539
699821d4e161b702e08a7928,41800305,1610612761,104.2,112.1,0.476,6.3,95,0.538
699821d4e161b702e08a7929,41800304,1610612761,106.3,120.1,0.552,18.8,96,0.607
699821d4e161b702e08a792a,41800304,1610612749,125,104.7,0.531,-18.8,96,0.558
699821d4e161b702e08a792b,41800314,1610612744,110.4,110.8,0.525,0.8,96.45,0.554
699821d4e161b702e08a792c,41800314,1610612757,111.2,106.9,0.561,-0.8,96.45,0.571
699821d4e161b702e08a792d,41800303,1610612761,93.3,96.4,0.475,5,99.31,0.52
699821d4e161b702e08a792e,41800303,1610612749,98.3,90.7,0.441,-5,99.31,0.481
699821d4e161b702e08a792f,41800313,1610612744,101,108.8,0.536,9,99,0.584
699821d4e161b702e08a7930,41800313,1610612757,110,98.5,0.465,-9,99,0.497
699821d4e161b702e08a7931,41800302,1610612749,101,120.9,0.538,20.4,102.5,0.582
699821d4e161b702e08a7932,41800302,1610612761,121.4,97.2,0.483,-20.4,102.5,0.526
699821d4e161b702e08a7933,41800312,1610612744,113.3,116.5,0.567,1.9,98.5,0.607
699821d4e161b702e08a7934,41800312,1610612757,115.2,114.5,0.547,-1.9,98.5,0.591
699821d4e161b702e08a7935,41800301,1610612749,98,105,0.457,8.9,101.5,0.515
699821d4e161b702e08a7936,41800301,1610612761,106.9,95.4,0.451,-8.9,101.5,0.496
699821d4e161b702e08a7937,41800311,1610612744,96.9,122.2,0.601,20.3,98,0.631
699821d4e161b702e08a7938,41800311,1610612757,117.2,92.5,0.404,-20.3,98,0.486
699821d4e161b702e08a7939,41800237,1610612757,102.1,104.6,0.43,3.1,94.5,0.483
699821d4e161b702e08a793a,41800217,1610612755,101.1,99.8,0.5,0,90,0.575
699821d4e161b702e08a793b,41800217,1610612761,101.1,100.7,0.421,0,90,0.472
699821d4e161b702e08a793c,41800237,1610612743,105.3,97.8,0.382,-3.1,94.5,0.452
699821d4e161b702e08a793d,41800226,1610612744,115.3,115.6,0.588,6.3,97.5,0.62
699821d4e161b702e08a793e,41800226,1610612745,121.6,111.4,0.567,-6.3,97.5,0.586
699821d4e161b702e08a793f,41800216,1610612755,103.1,109.3,0.517,11.2,98,0.558
699821d4e161b702e08a7940,41800236,1610612757,117.4,118.8,0.545,10.6,92.5,0.582
699821d4e161b702e08a7941,41800236,1610612743,128,118.6,0.453,-10.6,92.5,0.54
699821d4e161b702e08a7942,41800216,1610612761,114.3,104.4,0.488,-11.2,98,0.539
699821d4e161b702e08a7943,41800205,1610612749,83.5,106.7,0.527,23.9,108.5,0.559
699821d4e161b702e08a7944,41800225,1610612744,103.1,108.4,0.535,6.3,95.5,0.56
699821d4e161b702e08a7945,41800225,1610612745,109.5,100.4,0.494,-6.3,95.5,0.553
699821d4e161b702e08a7946,41800205,1610612738,107.4,82.8,0.349,-23.9,108.5,0.421
699821d4e161b702e08a7947,41800235,1610612743,100,123.2,0.539,25.3,98.5,0.604
699821d4e161b702e08a7948,41800215,1610612761,89.9,120.7,0.585,36.4,99,0.648
699821d4e161b702e08a7949,41800215,1610612755,126.3,87.4,0.456,-36.4,99,0.507
699821d4e161b702e08a794a,41800235,1610612757,125.3,94,0.418,-25.3,98.5,0.441
699821d4e161b702e08a794b,41800204,1610612749,97.1,105.6,0.48,12.6,103.5,0.509
699821d4e161b702e08a794c,41800224,1610612744,115.5,104.7,0.511,-6.4,98,0.539
699821d4e161b702e08a794d,41800224,1610612745,109.1,111.4,0.534,6.4,98,0.562
699821d4e161b702e08a794e,41800204,1610612738,109.7,96,0.428,-12.6,103.5,0.489
699821d4e161b702e08a794f,41800234,1610612743,119.1,119.2,0.495,4.3,94,0.556
699821d4e161b702e08a7950,41800214,1610612761,102.1,108.1,0.526,6.5,93.5,0.578
699821d4e161b702e08a7951,41800214,1610612755,108.6,101.1,0.476,-6.5,93.5,0.516
699821d4e161b702e08a7952,41800234,1610612757,123.4,116.3,0.549,-4.3,94,0.594
699821d4e161b702e08a7953,41800223,1610612745,118.6,121.8,0.581,2.5,93.28,0.603
699821d4e161b702e08a7954,41800223,1610612744,121.2,111.3,0.516,-2.5,93.28,0.561
699821d4e161b702e08a7955,41800203,1610612749,108.4,115.1,0.596,6.5,107,0.622
699821d4e161b702e08a7956,41800233,1610612743,112.9,109.8,0.517,-3.3,87.88,0.536
699821d4e161b702e08a7957,41800233,1610612757,109.6,110.8,0.468,3.3,87.88,0.513
699821d4e161b702e08a7958,41800203,1610612738,115,108.3,0.531,-6.5,107,0.61
699821d4e161b702e08a7959,41800213,1610612755,100,118.2,0.571,22.1,95,0.616
699821d4e161b702e08a795a,41800213,1610612761,122.1,100.9,0.464,-22.1,95,0.51
699821d4e161b702e08a795b,41800232,1610612757,95.7,99.2,0.476,6.4,94.5,0.517
699821d4e161b702e08a795c,41800232,1610612743,102.1,94.3,0.378,-6.4,94.5,0.411
699821d4e161b702e08a795d,41800202,1610612749,98.1,118.7,0.557,21.3,103.5,0.605
699821d4e161b702e08a795e,41800222,1610612744,114.7,120.3,0.522,5.1,95.5,0.566
699821d4e161b702e08a795f,41800222,1610612745,119.8,113.5,0.578,-5.1,95.5,0.619
699821d4e161b702e08a7960,41800202,1610612738,119.4,98.2,0.453,-21.3,103.5,0.521
699821d4e161b702e08a7961,41800212,1610612755,93.7,95.5,0.461,5.3,95,0.538
699821d4e161b702e08a7962,41800231,1610612743,113,120.2,0.58,8,100,0.639
699821d4e161b702e08a7963,41800231,1610612757,121,113.1,0.589,-8,100,0.622
699821d4e161b702e08a7964,41800212,1610612761,98.9,88.5,0.422,-5.3,95,0.461
699821d4e161b702e08a7965,41800201,1610612738,89.1,111.4,0.615,22.9,100.5,0.619
699821d4e161b702e08a7966,41800221,1610612744,102,105.2,0.553,5.2,97.5,0.599
699821d4e161b702e08a7967,41800221,1610612745,107.2,100.2,0.514,-5.2,97.5,0.576
699821d4e161b702e08a7968,41800201,1610612749,112,86.9,0.421,-22.9,100.5,0.452
699821d4e161b702e08a7969,41800211,1610612761,97.9,110.7,0.576,12.3,97.5,0.603
699821d4e161b702e08a796a,41800157,1610612743,94.5,98.8,0.409,5.5,90.5,0.459
699821d4e161b702e08a796b,41800157,1610612759,100,93.7,0.4,-5.5,90.5,0.458
699821d4e161b702e08a796c,41800211,1610612755,110.2,93.8,0.455,-12.3,97.5,0.484
699821d4e161b702e08a796d,41800146,1610612744,106.8,122.1,0.584,17.2,103.5,0.628
699821d4e161b702e08a796e,41800146,1610612746,124,102.5,0.453,-17.2,103.5,0.508
699821d4e161b702e08a796f,41800156,1610612759,114.4,134.1,0.631,18.9,90,0.656
699821d4e161b702e08a7970,41800156,1610612743,133.3,107,0.49,-18.9,90,0.508
699821d4e161b702e08a7971,41800175,1610612745,93.9,101.3,0.525,7.1,99,0.551
699821d4e161b702e08a7972,41800145,1610612746,124.7,127.2,0.618,6.9,97.5,0.669
699821d4e161b702e08a7973,41800145,1610612744,131.6,122.6,0.526,-6.9,97.5,0.572
699821d4e161b702e08a7974,41800175,1610612762,101,89.1,0.42,-7.1,99,0.454
699821d4e161b702e08a7975,41800155,1610612743,97.8,115.1,0.59,18.3,92.5,0.622
699821d4e161b702e08a7976,41800115,1610612761,95,114.7,0.571,20,100.5,0.61
699821d4e161b702e08a7977,41800125,1610612755,90.9,108,0.58,19,110.5,0.587
699821d4e161b702e08a7978,41800165,1610612757,116.2,114.4,0.536,1.8,99.5,0.556
699821d4e161b702e08a7979,41800165,1610612760,118,113.2,0.616,-1.8,99.5,0.621
699821d4e161b702e08a797a,41800125,1610612751,109.9,90.9,0.435,-19,110.5,0.481
699821d4e161b702e08a797b,41800115,1610612753,115,94.5,0.44,-20,100.5,0.497
699821d4e161b702e08a797c,41800155,1610612759,116.1,95.1,0.45,-18.3,92.5,0.466
699821d4e161b702e08a797d,41800104,1610612749,101,119.8,0.608,23.5,102.5,0.654
699821d4e161b702e08a797e,41800174,1610612762,96.8,110.9,0.494,17,94,0.549
699821d4e161b702e08a797f,41800174,1610612745,113.8,94.2,0.462,-17,94,0.508
699821d4e161b702e08a7980,41800104,1610612765,124.5,97.9,0.475,-23.5,102.5,0.494
699821d4e161b702e08a7981,41800114,1610612761,92.4,119,0.607,23.9,92,0.645
699821d4e161b702e08a7982,41800164,1610612757,95.1,105.6,0.494,11.6,103.5,0.554
699821d4e161b702e08a7983,41800144,1610612744,107.1,113.7,0.539,8.2,98,0.58
699821d4e161b702e08a7984,41800134,1610612738,107.1,106.8,0.532,2.9,99.5,0.592
699821d4e161b702e08a7985,41800134,1610612754,110,104.6,0.466,-2.9,99.5,0.528
699821d4e161b702e08a7986,41800144,1610612746,115.3,104.9,0.506,-8.2,98,0.558
699821d4e161b702e08a7987,41800164,1610612760,106.7,92.7,0.46,-11.6,103.5,0.502
699821d4e161b702e08a7988,41800114,1610612753,116.3,87.9,0.463,-23.9,92,0.49
699821d4e161b702e08a7989,41800103,1610612749,105.1,119.5,0.57,16.3,98,0.616
699821d4e161b702e08a798a,41800124,1610612755,102.9,105.4,0.545,3.8,105,0.576
699821d4e161b702e08a798b,41800154,1610612743,107.3,121.2,0.534,15.9,95.5,0.588
699821d4e161b702e08a798c,41800173,1610612762,103,100.3,0.494,-1,100,0.539
699821d4e161b702e08a798d,41800173,1610612745,102,99.1,0.471,1,100,0.515
699821d4e161b702e08a798e,41800154,1610612759,123.2,111.9,0.5,-15.9,95.5,0.553
699821d4e161b702e08a798f,41800124,1610612751,106.7,102.2,0.467,-3.8,105,0.521
699821d4e161b702e08a7990,41800103,1610612765,121.4,102.4,0.443,-16.3,98,0.483
699821d4e161b702e08a7991,41800163,1610612760,110.2,118.6,0.578,11,98.5,0.637
699821d4e161b702e08a7992,41800113,1610612761,98.9,101.7,0.511,5.3,94,0.536
699821d4e161b702e08a7993,41800133,1610612738,102.1,109.8,0.562,9.7,93.5,0.573
699821d4e161b702e08a7994,41800133,1610612754,111.8,102,0.488,-9.7,93.5,0.527
699821d4e161b702e08a7995,41800113,1610612753,104.3,93.8,0.444,-5.3,94,0.516
699821d4e161b702e08a7996,41800163,1610612757,121.2,108.5,0.542,-11,98.5,0.577
699821d4e161b702e08a7997,41800143,1610612744,104,128.3,0.629,25.5,101.5,0.654
699821d4e161b702e08a7998,41800123,1610612755,106.5,118.7,0.537,13.7,108.5,0.599
699821d4e161b702e08a7999,41800153,1610612759,117.4,125.4,0.534,9.5,92.5,0.572
699821d4e161b702e08a799a,41800153,1610612743,126.9,118.1,0.611,-9.5,92.5,0.61
699821d4e161b702e08a799b,41800123,1610612751,120.2,100.5,0.448,-13.7,108.5,0.516
699821d4e161b702e08a799c,41800143,1610612746,129.4,99.1,0.41,-25.5,101.5,0.482
699821d4e161b702e08a799d,41800102,1610612749,99,115.1,0.583,19.8,100.5,0.605
699821d4e161b702e08a799e,41800172,1610612745,98,114.3,0.581,20,100,0.633
699821d4e161b702e08a799f,41800132,1610612738,96.8,104.3,0.542,8.5,94,0.563
699821d4e161b702e08a79a0,41800132,1610612754,105.3,97.4,0.525,-8.5,94,0.533
699821d4e161b702e08a79a1,41800172,1610612762,118,95.2,0.439,-20,100,0.463
699821d4e161b702e08a79a2,41800102,1610612765,118.8,94.8,0.434,-19.8,100.5,0.465
699821d4e161b702e08a79a3,41800112,1610612761,87.2,116.3,0.546,32.1,93.5,0.587
699821d4e161b702e08a79a4,41800162,1610612757,93.1,109.4,0.539,18.7,101.5,0.574
699821d4e161b702e08a79a5,41800152,1610612743,107.1,114.6,0.539,10.4,97.5,0.568
699821d4e161b702e08a79a6,41800152,1610612759,117.5,109.4,0.483,-10.4,97.5,0.541
699821d4e161b702e08a79a7,41800162,1610612760,111.8,92.8,0.436,-18.7,101.5,0.478
699821d4e161b702e08a79a8,41800112,1610612753,119.4,84.9,0.426,-32.1,93.5,0.448
699821d4e161b702e08a79a9,41800122,1610612755,117.1,132.9,0.607,22.3,104.5,0.647
699821d4e161b702e08a79aa,41800142,1610612744,125,119.3,0.607,-4.8,108.5,0.691
699821d4e161b702e08a79ab,41800142,1610612746,120.2,122,0.647,4.8,108.5,0.684
699821d4e161b702e08a79ac,41800122,1610612751,139.4,117.4,0.561,-22.3,104.5,0.598
699821d4e161b702e08a79ad,41800101,1610612749,82.7,117,0.572,34.8,103.5,0.596
699821d4e161b702e08a79ae,41800171,1610612745,89.1,117,0.584,34.1,100,0.608
699821d4e161b702e08a79af,41800131,1610612738,77.1,84.3,0.429,11.3,95.5,0.485
699821d4e161b702e08a79b0,41800161,1610612757,97.1,100.1,0.483,5.9,101.5,0.531
699821d4e161b702e08a79b1,41800161,1610612760,103,97.9,0.425,-5.9,101.5,0.48
699821d4e161b702e08a79b2,41800131,1610612754,88.4,76.1,0.369,-11.3,95.5,0.397
699821d4e161b702e08a79b3,41800171,1610612762,123.2,89.2,0.435,-34.1,100,0.506
699821d4e161b702e08a79b4,41800101,1610612765,117.5,82.9,0.424,-34.8,103.5,0.44
699821d4e161b702e08a79b5,41800141,1610612744,95.4,110.2,0.565,14.6,109.5,0.6
699821d4e161b702e08a79b6,41800121,1610612751,103,109.4,0.494,9.1,99,0.558
699821d4e161b702e08a79b7,41800151,1610612759,102.1,108.8,0.524,6.5,93.5,0.55
699821d4e161b702e08a79b8,41800111,1610612753,103.1,104.2,0.478,2,98.5,0.526
699821d4e161b702e08a79b9,41800111,1610612761,105.1,99.8,0.523,-2,98.5,0.536
699821d4e161b702e08a79ba,41800151,1610612743,108.6,100.5,0.455,-6.5,93.5,0.487
699821d4e161b702e08a79bb,41800121,1610612755,112.1,100.5,0.424,-9.1,99,0.488
699821d4e161b702e08a79bc,41800141,1610612746,110,89.9,0.458,-14.6,109.5,0.497
699821d4e161b702e08a79bd,11800070,1610612764,108.8,135.2,0.633,29.8,101.5,0.67
699821d4e161b702e08a79be,11800069,1610612759,80.2,99.4,0.458,18.8,101,0.517
699821d4e161b702e08a79bf,11800079,1610612747,95.5,112.2,0.593,13.7,109.5,0.64
699821d4e161b702e08a79c0,11800077,1610612749,103.4,123.5,0.661,18.8,117,0.676
699821d4e161b702e08a79c1,11800075,1610612765,108.9,122.8,0.622,20.1,100.5,0.638
699821d4e161b702e08a79c2,11800074,1610612743,89.4,96.2,0.482,5.7,103.5,0.516
699821d4e161b702e08a79c3,11800076,1610612745,102,122.1,0.547,17.8,101,0.605
699821d4e161b702e08a79c4,11800073,1610612748,99.1,104.3,0.535,6.2,113.5,0.577
699821d4e161b702e08a79c5,11800072,1610612751,108.1,113.5,0.601,7.2,98.5,0.631
699821d4e161b702e08a79c6,11800078,1610612757,113.9,111.6,0.54,1.8,101.5,0.591
699821d4e161b702e08a79c7,11800071,1610612766,110.3,115.1,0.639,5.8,106.5,0.677
699821d4e161b702e08a79c8,11800071,1610612742,116,108.8,0.531,-5.8,106.5,0.593
699821d4e161b702e08a79c9,11800078,1610612758,115.7,110,0.478,-1.8,101.5,0.55
699821d4e161b702e08a79ca,11800072,1610612752,115.3,107.1,0.506,-7.2,98.5,0.558
699821d4e161b702e08a79cb,11800073,1610612737,105.3,97.9,0.522,-6.2,113.5,0.562
699821d4e161b702e08a79cc,11800076,1610612763,119.8,100.9,0.6,-17.8,101,0.643
699821d4e161b702e08a79cd,11800074,1610612741,95.1,87.9,0.472,-5.7,103.5,0.49
699821d4e161b702e08a79ce,11800075,1610612739,129,106.7,0.506,-20.1,100.5,0.555
699821d4e161b702e08a79cf,11800077,1610612750,122.2,102.5,0.448,-18.8,117,0.531
699821d4e161b702e08a79d0,11800079,1610612744,109.2,97.3,0.455,-13.7,109.5,0.51
699821d4e161b702e08a79d1,11800069,1610612753,99,78.3,0.399,-18.8,101,0.42
699821d4e161b702e08a79d2,11800070,15018,138.6,109.2,0.529,-29.8,101.5,0.58
699821d4e161b702e08a79d3,11800067,1610612746,73.1,115.3,0.552,45,104.5,0.582
699821d4e161b702e08a79d4,11800068,1610612762,86.1,121.8,0.682,36.1,108,0.707
699821d4e161b702e08a79d5,11800066,1610612761,109.2,116.7,0.6,12.6,109.5,0.616
699821d4e161b702e08a79d6,11800066,1610612740,121.8,108.3,0.515,-12.6,109.5,0.541
699821d4e161b702e08a79d7,11800068,1610612758,122.2,80.7,0.36,-36.1,108,0.426
699821d4e161b702e08a79d8,11800067,93,118.1,71.3,0.333,-45,104.5,0.378
699821d4e161b702e08a79d9,11800064,1610612757,85.6,114.6,0.561,34,97,0.584
699821d4e161b702e08a79da,11800060,1610612761,81.3,103.1,0.545,23.2,112.5,0.593
699821d4e161b702e08a79db,11800065,1610612747,94.2,102.3,0.472,7.5,120.5,0.558
699821d4e161b702e08a79dc,11800059,1610612753,86,103.4,0.513,16,100,0.523
699821d4e161b702e08a79dd,11800063,1610612741,88.1,99.2,0.468,13.8,101.5,0.501
699821d4e161b702e08a79de,11800058,1610612764,95.1,101.6,0.53,6.9,101,0.558
699821d4e161b702e08a79df,11800062,1610612748,114.3,118.6,0.538,9.6,112.5,0.583
699821d4e161b702e08a79e0,11800061,1610612759,130,124.4,0.621,-3,100,0.654
699821d4e161b702e08a79e1,11800061,1610612737,127,130,0.667,3,100,0.684
699821d4e161b702e08a79e2,11800062,1610612740,123.9,113.8,0.667,-9.6,112.5,0.692
699821d4e161b702e08a79e3,11800058,1610612765,102,94.4,0.425,-6.9,101,0.486
699821d4e161b702e08a79e4,11800063,1610612754,102,86,0.433,-13.8,101.5,0.443
699821d4e161b702e08a79e5,11800059,1610612763,102,85.4,0.46,-16,100,0.508
699821d4e161b702e08a79e6,11800065,1610612744,101.7,92.7,0.484,-7.5,120.5,0.505
699821d4e161b702e08a79e7,11800060,1610612751,104.4,78.1,0.439,-23.2,112.5,0.492
699821d4e161b702e08a79e8,11800064,1610612756,119.6,85.6,0.434,-34,97,0.456
699821d4e161b702e08a79e9,11800055,1610612745,86.9,125.8,0.682,41.1,99.5,0.683
699821d4e161b702e08a79ea,11800057,1610612746,101,103.8,0.484,4.8,102.5,0.514
699821d4e161b702e08a79eb,11800056,1610612760,101.8,101.4,0.448,2.6,102.79,0.49
699821d4e161b702e08a79ec,11800056,1610612749,104.4,94.1,0.495,-2.6,102.79,0.536
699821d4e161b702e08a79ed,11800057,1610612743,105.8,97.3,0.461,-4.8,102.5,0.505
699821d4e161b702e08a79ee,11800055,12329,128,82.9,0.488,-41.1,99.5,0.496
699821d4e161b702e08a79ef,11800053,1610612758,94.3,123.6,0.597,29,106.5,0.618
699821d4e161b702e08a79f0,11800052,1610612764,91.6,102.6,0.516,12.2,106.5,0.549
699821d4e161b702e08a79f1,11800048,1610612766,93.7,98,0.505,4.5,111.5,0.528
699821d4e161b702e08a79f2,11800049,1610612754,103,111.6,0.551,8,99.5,0.581
699821d4e161b702e08a79f3,11800054,1610612756,112.4,116.5,0.598,9.5,96.5,0.626
699821d4e161b702e08a79f4,11800047,1610612742,104.7,102.8,0.562,1.8,107.5,0.594
699821d4e161b702e08a79f5,11800051,1610612748,84,84.8,0.475,-0.6,107,0.499
699821d4e161b702e08a79f6,11800050,1610612751,103.8,101.4,0.521,0.9,94.64,0.537
699821d4e161b702e08a79f7,11800050,1610612765,104.8,102.7,0.429,-0.9,94.64,0.453
699821d4e161b702e08a79f8,11800051,1610612753,83.3,82.1,0.417,0.6,107,0.452
699821d4e161b702e08a79f9,11800047,1610612755,106.5,101.6,0.544,-1.8,107.5,0.559
699821d4e161b702e08a79fa,11800054,1610612744,121.9,108.9,0.556,-9.5,96.5,0.598
699821d4e161b702e08a79fb,11800049,1610612739,111,100,0.511,-8,99.5,0.531
699821d4e161b702e08a79fc,11800048,1610612741,98.2,94.2,0.5,-4.5,111.5,0.545
699821d4e161b702e08a79fd,11800052,1610612752,103.8,90.8,0.481,-12.2,106.5,0.539
699821d4e161b702e08a79fe,11800053,93,123.4,88.6,0.494,-29,106.5,0.511
699821d4e161b702e08a79ff,11800043,1610612760,86.2,98.4,0.457,17.4,109,0.519
699821d4e161b702e08a7a00,11800045,1610612749,101.9,118.1,0.527,17.1,105,0.58
699821d4e161b702e08a7a01,11800044,1610612745,93.9,103.6,0.506,15.2,99,0.544
699821d4e161b702e08a7a02,11800046,1610612762,107.7,118.4,0.575,9.5,104.5,0.622
699821d4e161b702e08a7a03,11800046,1610612757,117.1,106.9,0.601,-9.5,104.5,0.638
699821d4e161b702e08a7a04,11800044,1610612759,109.1,90.8,0.404,-15.2,99,0.463
699821d4e161b702e08a7a05,11800045,1610612750,119,102.8,0.494,-17.1,105,0.529
699821d4e161b702e08a7a06,11800043,1610612737,103.7,84.6,0.456,-17.4,109,0.505
699821d4e161b702e08a7a07,11800042,1610612746,79.8,94.7,0.444,16.4,108,0.501
699821d4e161b702e08a7a08,11800041,1610612763,91.2,96.5,0.451,5.2,102.79,0.51
699821d4e161b702e08a7a09,11800040,1610612739,101,110.1,0.478,9.8,101.5,0.545
699821d4e161b702e08a7a0a,11800040,1610612738,110.8,97.6,0.433,-9.8,101.5,0.493
699821d4e161b702e08a7a0b,11800041,1610612754,96.5,85.5,0.417,-5.2,102.79,0.474
699821d4e161b702e08a7a0c,11800042,1610612747,96.3,79.3,0.401,-16.4,108,0.432
699821d4e161b702e08a7a0d,11800030,1610612761,82,120,0.568,36.8,100.5,0.625
699821d4e161b702e08a7a0e,11800029,1610612753,82,120.6,0.605,37,100,0.656
699821d4e161b702e08a7a0f,11800038,1610612757,95.9,116,0.5,21.5,97.5,0.586
699821d4e161b702e08a7a10,11800039,1610612744,90.4,117.2,0.577,26.9,104,0.603
699821d4e161b702e08a7a11,11800035,1610612759,93,118,0.598,24,100,0.635
699821d4e161b702e08a7a12,11800037,1610612762,85.3,108.8,0.577,24.9,116.5,0.6
699821d4e161b702e08a7a13,11800036,1610612743,94.6,99.5,0.541,8.6,93,0.568
699821d4e161b702e08a7a14,11800033,1610612763,96.5,104.8,0.524,9.7,113.5,0.591
699821d4e161b702e08a7a15,11800034,1610612760,95.3,107.2,0.495,9.3,107,0.531
699821d4e161b702e08a7a16,11800031,1610612764,105.6,111.1,0.581,6.5,108,0.618
699821d4e161b702e08a7a17,11800028,1610612755,106.5,109.3,0.571,4.6,107.5,0.601
699821d4e161b702e08a7a18,11800032,1610612752,84.7,88.4,0.39,5.9,117.5,0.438
699821d4e161b702e08a7a19,11800032,1610612740,90.6,83.2,0.447,-5.9,117.5,0.466
699821d4e161b702e08a7a1a,11800028,1610612742,111.1,104,0.524,-4.6,107.5,0.556
699821d4e161b702e08a7a1b,11800031,1610612748,112,105.7,0.538,-6.5,108,0.607
699821d4e161b702e08a7a1c,11800034,1610612750,104.6,92.4,0.442,-9.3,107,0.514
699821d4e161b702e08a7a1d,11800033,1610612737,106.2,97.3,0.536,-9.7,113.5,0.561
699821d4e161b702e08a7a1e,11800036,104,103.2,87.6,0.431,-8.6,93,0.481
699821d4e161b702e08a7a1f,11800037,15019,110.3,87.1,0.44,-24.9,116.5,0.487
699821d4e161b702e08a7a20,11800035,1610612765,117,93.1,0.404,-24,100,0.461
699821d4e161b702e08a7a21,11800039,1610612758,117.3,91,0.403,-26.9,104,0.438
699821d4e161b702e08a7a22,11800038,1610612756,117.3,92.3,0.453,-21.5,97.5,0.496
699821d4e161b702e08a7a23,11800029,12325,119,80.7,0.363,-37,100,0.434
699821d4e161b702e08a7a24,11800030,15016,118.8,81.2,0.368,-36.8,100.5,0.418
699821d4e161b702e08a7a25,11800027,1610612747,105.1,113.1,0.564,5.2,116.5,0.626
699821d4e161b702e08a7a26,11800026,1610612754,92.6,99.6,0.484,8.3,108.5,0.537
699821d4e161b702e08a7a27,11800026,1610612745,100.9,91.1,0.53,-8.3,108.5,0.551
699821d4e161b702e08a7a28,11800027,1610612758,110.3,104.8,0.52,-5.2,116.5,0.552
699821d4e161b702e08a7a29,11800022,1610612749,82.8,114.2,0.579,34.3,99,0.583
699821d4e161b702e08a7a2a,11800025,1610612746,91.8,115.2,0.601,24.5,110,0.646
699821d4e161b702e08a7a2b,11800024,1610612756,87.8,90.4,0.435,5.1,98,0.502
699821d4e161b702e08a7a2c,11800021,1610612752,97.1,97.2,0.5,4.8,105,0.563
699821d4e161b702e08a7a2d,11800023,1610612765,94.8,98.2,0.518,5.2,96.5,0.523
699821d4e161b702e08a7a2e,11800023,1610612760,100,94.5,0.421,-5.2,96.5,0.482
699821d4e161b702e08a7a2f,11800021,1610612751,101.9,93.3,0.432,-4.8,105,0.475
699821d4e161b702e08a7a30,11800024,15020,92.9,84.1,0.391,-5.1,98,0.433
699821d4e161b702e08a7a31,11800025,1610612750,116.4,90.9,0.383,-24.5,110,0.495
699821d4e161b702e08a7a32,11800022,1610612741,117.2,79.4,0.358,-34.3,99,0.382
699821d4e161b702e08a7a33,11800019,1610612762,81.8,94.3,0.512,12.8,110.5,0.551
699821d4e161b702e08a7a34,11800018,1610612745,107.5,120.1,0.635,15,107,0.682
699821d4e161b702e08a7a35,11800016,1610612766,106.6,113.7,0.59,9.6,105.5,0.64
699821d4e161b702e08a7a36,11800017,1610612738,104.1,96.1,0.457,-8.1,98.5,0.506
699821d4e161b702e08a7a37,11800020,1610612747,103.7,97.9,0.571,-3.7,110,0.601
699821d4e161b702e08a7a38,11800020,1610612743,100,101.3,0.548,3.7,110,0.573
699821d4e161b702e08a7a39,11800017,1610612739,96,100.3,0.463,8.1,98.5,0.527
699821d4e161b702e08a7a3a,11800016,1610612748,116.2,104.2,0.473,-9.6,105.5,0.516
699821d4e161b702e08a7a3b,11800018,1610612763,122.4,104.6,0.524,-15,107,0.575
699821d4e161b702e08a7a3c,11800019,1610612761,94.6,78.6,0.38,-12.8,110.5,0.422
699821d4e161b702e08a7a3d,11800014,1610612737,86.4,95.9,0.495,13.6,117,0.514
699821d4e161b702e08a7a3e,11800012,1610612755,111.8,116.7,0.556,4.7,102.5,0.62
699821d4e161b702e08a7a3f,11800015,1610612758,101,103.6,0.543,2.9,101.5,0.562
699821d4e161b702e08a7a40,11800013,1610612752,99.2,102.8,0.511,2.5,110.49,0.565
699821d4e161b702e08a7a41,11800013,1610612764,101.6,95.3,0.454,-2.5,110.49,0.522
699821d4e161b702e08a7a42,11800015,1610612756,103.9,100.8,0.466,-2.9,101.5,0.541
699821d4e161b702e08a7a43,11800012,1610612753,116.5,105.9,0.549,-4.7,102.5,0.566
699821d4e161b702e08a7a44,11800014,1610612740,100,84.5,0.404,-13.6,117,0.437
699821d4e161b702e08a7a45,11800011,1610612746,88.3,106.2,0.511,18.4,103,0.552
699821d4e161b702e08a7a46,11800010,1610612743,97.3,111.3,0.534,13.4,111,0.605
699821d4e161b702e08a7a47,11800009,1610612741,102.7,111.4,0.515,8.6,114,0.577
699821d4e161b702e08a7a48,11800007,1610612759,91.7,94.6,0.488,5.5,108,0.537
699821d4e161b702e08a7a49,11800008,1610612738,108.7,109.3,0.511,0.8,104,0.552
699821d4e161b702e08a7a4a,11800008,1610612766,109.5,104.8,0.55,-0.8,104,0.584
699821d4e161b702e08a7a4b,11800007,1610612748,97.2,91.8,0.421,-5.5,108,0.468
699821d4e161b702e08a7a4c,11800009,1610612740,111.3,100.6,0.521,-8.6,114,0.55
699821d4e161b702e08a7a4d,11800010,1610612747,110.7,95.2,0.506,-13.4,111,0.543
699821d4e161b702e08a7a4e,11800011,15015,106.8,87.3,0.5,-18.4,103,0.516
699821d4e161b702e08a7a4f,11800004,1610612742,68.5,126.3,0.62,57.6,92,0.638
699821d4e161b702e08a7a50,11800006,1610612762,69.2,120.1,0.625,54.6,104.5,0.618
699821d4e161b702e08a7a51,11800003,1610612761,98.1,113.6,0.488,15.9,106.5,0.584
699821d4e161b702e08a7a52,11800005,1610612744,103.6,101.2,0.538,-2.7,109.5,0.557
699821d4e161b702e08a7a53,11800005,1610612750,100.9,102.5,0.489,2.7,109.5,0.532
699821d4e161b702e08a7a54,11800003,1610612757,114,92.9,0.489,-15.9,106.5,0.525
699821d4e161b702e08a7a55,11800006,104,123.8,67.2,0.3,-54.6,104.5,0.363
699821d4e161b702e08a7a56,11800004,15021,126.1,69.5,0.282,-57.6,92,0.372
699821d4e161b702e08a7a57,11800001,1610612755,83.2,101,0.518,19.8,101,0.542
699821d4e161b702e08a7a58,11800002,1610612766,87.4,92.7,0.444,4.6,112,0.49
699821d4e161b702e08a7a59,11800002,1610612738,92,84.6,0.389,-4.6,112,0.427
699821d4e161b702e08a7a5a,11800001,15016,103,81.4,0.433,-19.8,101,0.476
699821d4e161b702e08a7a5b,41900406,1610612747,100,109.1,0.545,12.8,93.5,0.557
699821d4e161b702e08a7a5c,41900406,1610612748,112.8,98.2,0.506,-12.8,93.5,0.524
699821d4e161b702e08a7a5d,41900405,1610612748,114.9,114.8,0.542,4.5,93.5,0.599
699821d4e161b702e08a7a5e,41900405,1610612747,119.4,114.6,0.549,-4.5,93.5,0.592
699821d4e161b702e08a7a5f,41900404,1610612747,104.3,109.4,0.532,6.5,92,0.578
699821d4e161b702e08a7a60,41900404,1610612748,110.9,101.7,0.5,-6.5,92,0.555
699821d4e161b702e08a7a61,41900403,1610612748,104,114.9,0.588,12.2,99.5,0.638
699821d4e161b702e08a7a62,41900403,1610612747,116.2,103.2,0.519,-12.2,99.5,0.567
699821d4e161b702e08a7a63,41900402,1610612747,125.3,127.2,0.588,9.5,91.5,0.593
699821d4e161b702e08a7a64,41900402,1610612748,134.8,126.7,0.585,-9.5,91.5,0.663
699821d4e161b702e08a7a65,41900401,1610612747,101,117.3,0.542,17.3,97.5,0.605
699821d4e161b702e08a7a66,41900401,1610612748,118.4,99.8,0.489,-17.3,97.5,0.515
699821d4e161b702e08a7a67,41900306,1610612748,111.9,123.2,0.644,11.9,101,0.684
699821d4e161b702e08a7a68,41900306,1610612738,123.8,110.1,0.51,-11.9,101,0.535
699821d4e161b702e08a7a69,41900315,1610612747,107,118.5,0.604,11.2,99.5,0.652
699821d4e161b702e08a7a6a,41900315,1610612743,118.2,103.4,0.467,-11.2,99.5,0.527
699821d4e161b702e08a7a6b,41900305,1610612738,108,116.6,0.516,10.6,101,0.572
699821d4e161b702e08a7a6c,41900305,1610612748,118.6,102.1,0.494,-10.6,101,0.547
699821d4e161b702e08a7a6d,41900314,1610612747,120,120.8,0.538,5.3,90.5,0.597
699821d4e161b702e08a7a6e,41900314,1610612743,125.3,117.2,0.571,-5.3,90.5,0.62
699821d4e161b702e08a7a6f,41900304,1610612748,113.5,111,0.484,3.1,96,0.544
699821d4e161b702e08a7a70,41900304,1610612738,116.7,111,0.561,-3.1,96,0.597
699821d4e161b702e08a7a71,41900313,1610612743,109.3,117.8,0.623,7,97.5,0.665
699821d4e161b702e08a7a72,41900313,1610612747,116.3,101.3,0.554,-7,97.5,0.572
699821d4e161b702e08a7a73,41900312,1610612747,106.2,102.6,0.524,2.1,97,0.575
699821d4e161b702e08a7a74,41900312,1610612743,108.2,100.5,0.527,-2.1,97,0.582
699821d4e161b702e08a7a75,41900303,1610612738,106,114.5,0.535,11,100,0.596
699821d4e161b702e08a7a76,41900303,1610612748,117,105,0.459,-11,100,0.53
699821d4e161b702e08a7a77,41900311,1610612747,115.2,124.4,0.596,13.4,98.5,0.635
699821d4e161b702e08a7a78,41900311,1610612743,128.6,111.4,0.548,-13.4,98.5,0.598
699821d4e161b702e08a7a79,41900302,1610612748,107.4,110.2,0.522,5.3,94,0.551
699821d4e161b702e08a7a7a,41900302,1610612738,112.8,104.6,0.569,-5.3,94,0.612
699821d4e161b702e08a7a7b,41900237,1610612743,96.7,111.8,0.578,15.1,92.5,0.619
699821d4e161b702e08a7a7c,41900301,1610612748,115.2,113.2,0.565,3,89.66,0.601
699821d4e161b702e08a7a7d,41900301,1610612738,118.2,110.6,0.528,-3,89.66,0.581
699821d4e161b702e08a7a7e,41900237,1610612746,111.8,93.6,0.428,-15.1,92.5,0.459
699821d4e161b702e08a7a7f,41900236,1610612743,102.1,117,0.622,13.5,96,0.646
699821d4e161b702e08a7a80,41900236,1610612746,115.6,101.2,0.474,-13.5,96,0.545
699821d4e161b702e08a7a81,41900225,1610612747,96,118.1,0.655,23,100,0.686
699821d4e161b702e08a7a82,41900225,1610612745,119,93.6,0.444,-23,100,0.482
699821d4e161b702e08a7a83,41900217,1610612738,93.5,93.8,0.459,6.5,92.5,0.479
699821d4e161b702e08a7a84,41900235,1610612743,110.5,114.4,0.556,6.3,95,0.603
699821d4e161b702e08a7a85,41900235,1610612746,116.8,108.8,0.511,-6.3,95,0.55
699821d4e161b702e08a7a86,41900217,1610612761,100,92.2,0.467,-6.5,92.5,0.522
699821d4e161b702e08a7a87,41900224,1610612747,101,108.9,0.54,7.9,100,0.579
699821d4e161b702e08a7a88,41900224,1610612745,108.9,101.9,0.538,-7.9,100,0.609
699821d4e161b702e08a7a89,41900234,1610612746,93.4,101.9,0.468,9.8,92,0.521
699821d4e161b702e08a7a8a,41900216,1610612738,109.6,111,0.535,0.3,93.1,0.565
699821d4e161b702e08a7a8b,41900216,1610612761,109.9,106.8,0.53,-0.3,93.1,0.558
699821d4e161b702e08a7a8c,41900234,1610612743,103.2,93,0.463,-9.8,92,0.535
699821d4e161b702e08a7a8d,41900205,1610612748,94.9,102.4,0.555,10.2,98.5,0.616
699821d4e161b702e08a7a8e,41900223,1610612747,110.9,119,0.615,12.2,91.5,0.635
699821d4e161b702e08a7a8f,41900223,1610612745,123.1,111.9,0.543,-12.2,91.5,0.585
699821d4e161b702e08a7a90,41900205,1610612749,105.1,93.6,0.412,-10.2,98.5,0.459
699821d4e161b702e08a7a91,41900215,1610612738,92.7,113.4,0.565,22.9,96,0.624
699821d4e161b702e08a7a92,41900233,1610612746,107,112.5,0.62,4.9,100.5,0.654
699821d4e161b702e08a7a93,41900233,1610612743,111.9,104.5,0.527,-4.9,100.5,0.544
699821d4e161b702e08a7a94,41900215,1610612761,115.6,94,0.459,-22.9,96,0.491
699821d4e161b702e08a7a95,41900222,1610612747,112.4,119.5,0.639,10.8,96,0.643
699821d4e161b702e08a7a96,41900204,1610612749,109.5,112.7,0.549,6.2,93.74,0.58
699821d4e161b702e08a7a97,41900204,1610612748,115.7,105.7,0.539,-6.2,93.74,0.582
699821d4e161b702e08a7a98,41900222,1610612745,123.2,112.2,0.59,-10.8,96,0.618
699821d4e161b702e08a7a99,41900232,1610612743,106.3,114,0.533,8.3,95.5,0.558
699821d4e161b702e08a7a9a,41900214,1610612761,97.9,101.7,0.494,7.4,95,0.53
699821d4e161b702e08a7a9b,41900214,1610612738,105.3,98,0.487,-7.4,95,0.535
699821d4e161b702e08a7a9c,41900232,1610612746,114.6,102.3,0.46,-8.3,95.5,0.501
699821d4e161b702e08a7a9d,41900221,1610612745,99,106.8,0.568,15.3,98,0.603
699821d4e161b702e08a7a9e,41900203,1610612748,102,119.8,0.564,14.1,98.5,0.619
699821d4e161b702e08a7a9f,41900203,1610612749,116.2,100.8,0.483,-14.1,98.5,0.514
699821d4e161b702e08a7aa0,41900221,1610612747,114.3,98.6,0.488,-15.3,98,0.531
699821d4e161b702e08a7aa1,41900231,1610612746,98,123.1,0.631,24.5,98.5,0.656
699821d4e161b702e08a7aa2,41900213,1610612738,108.3,102.8,0.524,1.2,95,0.558
699821d4e161b702e08a7aa3,41900213,1610612761,109.6,101.9,0.54,-1.2,95,0.547
699821d4e161b702e08a7aa4,41900231,1610612743,122.4,99.1,0.476,-24.5,98.5,0.511
699821d4e161b702e08a7aa5,41900202,1610612748,115.2,118.3,0.562,3.2,98.5,0.61
699821d4e161b702e08a7aa6,41900177,1610612760,104,101.8,0.566,0.1,99,0.598
699821d4e161b702e08a7aa7,41900177,1610612745,104.1,106.8,0.494,-0.1,99,0.54
699821d4e161b702e08a7aa8,41900202,1610612749,118.4,115,0.476,-3.2,98.5,0.558
699821d4e161b702e08a7aa9,41900167,1610612743,87.6,87.2,0.422,3.3,88.5,0.451
699821d4e161b702e08a7aaa,41900212,1610612738,101,102,0.52,4.1,97.5,0.586
699821d4e161b702e08a7aab,41900212,1610612761,105.2,95.8,0.461,-4.1,97.5,0.503
699821d4e161b702e08a7aac,41900167,1610612762,90.9,87.1,0.43,-3.3,88.5,0.456
699821d4e161b702e08a7aad,41900201,1610612748,105.1,115.1,0.536,11.1,99,0.6
699821d4e161b702e08a7aae,41900176,1610612760,96.2,98.2,0.494,2.9,104.5,0.537
699821d4e161b702e08a7aaf,41900176,1610612745,99,93.2,0.542,-2.9,104.5,0.56
699821d4e161b702e08a7ab0,41900201,1610612749,116.2,105.6,0.6,-11.1,99,0.602
699821d4e161b702e08a7ab1,41900211,1610612738,90.4,101.6,0.572,15.3,105,0.607
699821d4e161b702e08a7ab2,41900156,1610612746,98,109.1,0.544,15.3,98.5,0.574
699821d4e161b702e08a7ab3,41900166,1610612743,115.1,130.1,0.676,11.5,93.5,0.722
699821d4e161b702e08a7ab4,41900166,1610612762,126.6,114.8,0.573,-11.5,93.5,0.607
699821d4e161b702e08a7ab5,41900156,1610612742,113.3,95.6,0.483,-15.3,98.5,0.498
699821d4e161b702e08a7ab6,41900211,1610612761,105.7,90.6,0.429,-15.3,105,0.486
699821d4e161b702e08a7ab7,41900175,1610612745,76.2,106.4,0.525,33.4,104.5,0.537
699821d4e161b702e08a7ab8,41900105,1610612749,98.1,109.4,0.545,14.3,105.5,0.591
699821d4e161b702e08a7ab9,41900145,1610612747,110.9,118.6,0.625,8.2,110,0.659
699821d4e161b702e08a7aba,41900145,1610612757,119.1,107.5,0.543,-8.2,110,0.584
699821d4e161b702e08a7abb,41900105,1610612753,112.4,97.9,0.473,-14.3,105.5,0.504
699821d4e161b702e08a7abc,41900175,1610612760,109.6,76.1,0.353,-33.4,104.5,0.392
699821d4e161b702e08a7abd,41900155,1610612746,105.7,144,0.762,42.4,104.5,0.778
699821d4e161b702e08a7abe,41900165,1610612743,112.6,120.6,0.6,9.2,95.5,0.636
699821d4e161b702e08a7abf,41900165,1610612762,121.9,111.4,0.603,-9.2,95.5,0.629
699821d4e161b702e08a7ac0,41900155,1610612742,148.1,105.2,0.518,-42.4,104.5,0.558
699821d4e161b702e08a7ac1,41900134,1610612748,91.6,105.1,0.484,11.5,95.5,0.509
699821d4e161b702e08a7ac2,41900144,1610612747,115,130.8,0.661,20,100,0.674
699821d4e161b702e08a7ac3,41900104,1610612749,103.9,116.1,0.588,13.6,102.5,0.604
699821d4e161b702e08a7ac4,41900174,1610612760,112.9,112.2,0.552,3,101,0.595
699821d4e161b702e08a7ac5,41900174,1610612745,115.8,112.4,0.577,-3,101,0.597
699821d4e161b702e08a7ac6,41900104,1610612753,117.5,99.3,0.517,-13.6,102.5,0.553
699821d4e161b702e08a7ac7,41900144,1610612757,135,112,0.517,-20,100,0.56
699821d4e161b702e08a7ac8,41900134,1610612754,103.1,91.7,0.5,-11.5,95.5,0.513
699821d4e161b702e08a7ac9,41900114,1610612761,111.9,136.8,0.663,25.7,109,0.678
699821d4e161b702e08a7aca,41900164,1610612762,136.6,138.9,0.671,0.7,93.5,0.726
699821d4e161b702e08a7acb,41900124,1610612738,111.6,110.3,0.537,5.4,94.5,0.58
699821d4e161b702e08a7acc,41900154,1610612742,120.9,116.8,0.563,0.7,100.08,0.589
699821d4e161b702e08a7acd,41900154,1610612746,121.6,118.7,0.536,-0.7,100.08,0.599
699821d4e161b702e08a7ace,41900124,1610612755,117,109.3,0.482,-5.4,94.5,0.547
699821d4e161b702e08a7acf,41900164,1610612743,137.2,134.1,0.575,-0.7,93.5,0.601
699821d4e161b702e08a7ad0,41900114,1610612751,137.6,106.5,0.495,-25.7,109,0.542
699821d4e161b702e08a7ad1,41900143,1610612747,104.9,112.7,0.564,7.8,103,0.598
699821d4e161b702e08a7ad2,41900173,1610612760,93,100.9,0.522,11.3,103.7,0.556
699821d4e161b702e08a7ad3,41900103,1610612749,101.9,114.7,0.665,14.4,104.5,0.676
699821d4e161b702e08a7ad4,41900133,1610612748,110.6,114.9,0.54,5.3,105.5,0.633
699821d4e161b702e08a7ad5,41900133,1610612754,115.9,111.3,0.56,-5.3,105.5,0.597
699821d4e161b702e08a7ad6,41900103,1610612753,116.3,103.7,0.565,-14.4,104.5,0.593
699821d4e161b702e08a7ad7,41900173,1610612745,104.4,93.8,0.495,-11.3,103.7,0.524
699821d4e161b702e08a7ad8,41900143,1610612757,112.6,100.6,0.474,-7.8,103,0.522
699821d4e161b702e08a7ad9,41900163,1610612762,93.5,132.7,0.619,38.4,93.5,0.65
699821d4e161b702e08a7ada,41900113,1610612761,90.2,112.7,0.604,25.6,101.5,0.61
699821d4e161b702e08a7adb,41900123,1610612738,93.1,94.8,0.46,7.9,101,0.523
699821d4e161b702e08a7adc,41900153,1610612746,122,128.9,0.6,6.7,100.5,0.638
699821d4e161b702e08a7add,41900153,1610612742,128.7,122.5,0.603,-6.7,100.5,0.625
699821d4e161b702e08a7ade,41900123,1610612755,101,91.3,0.342,-7.9,101,0.427
699821d4e161b702e08a7adf,41900113,1610612751,115.8,88.7,0.422,-25.6,101.5,0.461
699821d4e161b702e08a7ae0,41900163,1610612743,131.9,92.7,0.443,-38.4,93.5,0.469
699821d4e161b702e08a7ae1,41900142,1610612747,91.7,115.1,0.554,22.8,96.5,0.576
699821d4e161b702e08a7ae2,41900102,1610612749,91.4,104.7,0.556,15.3,104.5,0.578
699821d4e161b702e08a7ae3,41900132,1610612748,103.1,110.9,0.592,8.1,97.5,0.617
699821d4e161b702e08a7ae4,41900172,1610612745,104.3,116.9,0.522,13.8,94,0.561
699821d4e161b702e08a7ae5,41900172,1610612760,118.1,105,0.513,-13.8,94,0.561
699821d4e161b702e08a7ae6,41900132,1610612754,111.2,97.3,0.519,-8.1,97.5,0.557
699821d4e161b702e08a7ae7,41900102,1610612753,106.7,91.7,0.388,-15.3,104.5,0.468
699821d4e161b702e08a7ae8,41900142,1610612757,114.4,88.9,0.447,-22.8,96.5,0.478
699821d4e161b702e08a7ae9,41900162,1610612762,119.3,135.5,0.632,20,88.5,0.656
699821d4e161b702e08a7aea,41900152,1610612742,105.6,120.6,0.574,13.1,107.5,0.609
699821d4e161b702e08a7aeb,41900122,1610612738,105.2,133.7,0.622,29.5,95.5,0.648
699821d4e161b702e08a7aec,41900112,1610612761,99,103.7,0.489,5,100,0.524
699821d4e161b702e08a7aed,41900112,1610612751,104,92.6,0.471,-5,100,0.511
699821d4e161b702e08a7aee,41900122,1610612755,134.7,102.8,0.449,-29.5,95.5,0.53
699821d4e161b702e08a7aef,41900152,1610612746,118.7,106.4,0.5,-13.1,107.5,0.563
699821d4e161b702e08a7af0,41900162,1610612743,139.3,116.5,0.537,-20,88.5,0.576
699821d4e161b702e08a7af1,41900101,1610612753,104.8,112.6,0.584,9.3,106,0.627
699821d4e161b702e08a7af2,41900131,1610612748,109.8,118.9,0.574,10.4,93,0.614
699821d4e161b702e08a7af3,41900171,1610612745,109.1,122.6,0.596,19,97.5,0.632
699821d4e161b702e08a7af4,41900141,1610612757,91.2,95.7,0.475,5.9,102.5,0.535
699821d4e161b702e08a7af5,41900141,1610612747,97.1,89.7,0.376,-5.9,102.5,0.42
699821d4e161b702e08a7af6,41900171,1610612760,128.1,106.9,0.518,-19,97.5,0.568
699821d4e161b702e08a7af7,41900131,1610612754,120.2,107.8,0.539,-10.4,93,0.589
699821d4e161b702e08a7af8,41900101,1610612749,114,102.5,0.511,-9.3,106,0.538
699821d4e161b702e08a7af9,41900111,1610612761,107.8,130.7,0.6,24.8,101.5,0.673
699821d4e161b702e08a7afa,41900161,1610612743,117.9,126.3,0.632,8.2,96.45,0.656
699821d4e161b702e08a7afb,41900121,1610612738,111,117.9,0.478,6.2,92,0.537
699821d4e161b702e08a7afc,41900151,1610612746,105.8,112.6,0.542,6.6,104.5,0.568
699821d4e161b702e08a7afd,41900151,1610612742,112.4,102.3,0.549,-6.6,104.5,0.601
699821d4e161b702e08a7afe,41900121,1610612755,117.2,108.5,0.519,-6.2,92,0.56
699821d4e161b702e08a7aff,41900161,1610612762,126.2,116.7,0.557,-8.2,96.45,0.583
699821d4e161b702e08a7b00,41900111,1610612751,132.7,105.7,0.538,-24.8,101.5,0.555
699821d4e161b702e08a7b01,11900132,1610612745,99.1,118.6,0.588,21.1,113.5,0.649
699821d4e161b702e08a7b02,11900130,1610612759,102.8,108,0.521,5.5,108.5,0.566
699821d4e161b702e08a7b03,11900129,1610612756,95.5,102,0.527,9.9,111,0.581
699821d4e161b702e08a7b04,11900131,1610612760,114.3,123.9,0.629,9.3,105.5,0.644
699821d4e161b702e08a7b05,11900128,1610612763,100,113.7,0.568,15.3,110.5,0.601
699821d4e161b702e08a7b06,11900133,1610612742,100,101.7,0.461,2.6,104.15,0.508
699821d4e161b702e08a7b07,11900133,1610612755,102.6,98,0.417,-2.6,104.15,0.455
699821d4e161b702e08a7b08,11900128,1610612748,115.3,99,0.518,-15.3,110.5,0.561
699821d4e161b702e08a7b09,11900131,1610612757,123.6,110.4,0.587,-9.3,105.5,0.59
699821d4e161b702e08a7b0a,11900129,1610612761,105.4,94.5,0.55,-9.9,111,0.588
699821d4e161b702e08a7b0b,11900130,1610612754,108.3,103,0.5,-5.5,108.5,0.53
699821d4e161b702e08a7b0c,11900132,1610612738,120.2,98.6,0.534,-21.1,113.5,0.551
699821d4e161b702e08a7b0d,11900127,1610612740,94.5,113,0.549,20.3,108.5,0.592
699821d4e161b702e08a7b0e,11900124,1610612758,99,105.9,0.488,5.9,102,0.557
699821d4e161b702e08a7b0f,11900126,1610612743,111.8,107.8,0.618,-5,102.5,0.632
699821d4e161b702e08a7b10,11900123,1610612747,108.4,114.3,0.567,4.4,108,0.599
699821d4e161b702e08a7b11,11900125,1610612751,105.7,99.2,0.511,-5.7,106.5,0.515
699821d4e161b702e08a7b12,11900125,1610612762,100,103.6,0.524,5.7,106.5,0.565
699821d4e161b702e08a7b13,11900123,1610612764,112.8,105.8,0.517,-4.4,108,0.565
699821d4e161b702e08a7b14,11900126,1610612753,106.8,106.3,0.541,5,102.5,0.552
699821d4e161b702e08a7b15,11900124,1610612746,105,95.3,0.435,-5.9,102,0.495
699821d4e161b702e08a7b16,11900127,1610612749,114.8,94.7,0.457,-20.3,108.5,0.527
699821d4e161b702e08a7b17,11900119,1610612738,94.5,105.7,0.564,13.8,108.5,0.587
699821d4e161b702e08a7b18,11900122,1610612745,91.2,106.8,0.551,14.1,113.5,0.592
699821d4e161b702e08a7b19,11900118,1610612760,89,94.4,0.44,6.3,108,0.481
699821d4e161b702e08a7b1a,11900120,1610612754,104.7,109,0.526,5.6,106.5,0.566
699821d4e161b702e08a7b1b,11900121,1610612761,101,103.9,0.483,5.8,103,0.53
699821d4e161b702e08a7b1c,11900121,1610612757,106.8,101,0.459,-5.8,103,0.515
699821d4e161b702e08a7b1d,11900120,1610612742,110.3,104.3,0.517,-5.6,106.5,0.547
699821d4e161b702e08a7b1e,11900118,1610612755,95.3,88.2,0.463,-6.3,108,0.476
699821d4e161b702e08a7b1f,11900122,1610612763,105.3,91.4,0.432,-14.1,113.5,0.501
699821d4e161b702e08a7b20,11900119,1610612756,108.3,93.8,0.444,-13.8,108.5,0.501
699821d4e161b702e08a7b21,11900117,1610612740,97.2,111.3,0.596,13,107.5,0.627
699821d4e161b702e08a7b22,11900116,1610612746,97.1,98.6,0.56,3.9,103.5,0.556
699821d4e161b702e08a7b23,11900112,1610612747,109.8,115.7,0.632,8,101.5,0.677
699821d4e161b702e08a7b24,11900113,1610612749,107,113.8,0.61,8,114.5,0.661
699821d4e161b702e08a7b25,11900115,1610612751,106.3,108.5,0.505,3.5,112.5,0.557
699821d4e161b702e08a7b26,11900114,1610612762,96.1,99.6,0.531,2.9,102.5,0.565
699821d4e161b702e08a7b27,11900114,1610612748,99,92.7,0.477,-2.9,102.5,0.517
699821d4e161b702e08a7b28,11900115,1610612759,109.7,102.3,0.516,-3.5,112.5,0.57
699821d4e161b702e08a7b29,11900113,1610612758,114.9,103.9,0.485,-8,114.5,0.537
699821d4e161b702e08a7b2a,11900112,1610612753,117.8,105.3,0.379,-8,101.5,0.473
699821d4e161b702e08a7b2b,11900116,1610612764,101,93.6,0.396,-3.9,103.5,0.428
699821d4e161b702e08a7b2c,11900117,1610612743,110.2,93.7,0.455,-13,107.5,0.5
699821d4e161b702e08a7b2d,11900111,1610612761,92.2,102.9,0.549,11.1,108.6,0.592
699821d4e161b702e08a7b2e,11900109,1610612755,88.3,94.5,0.494,7.4,112.8,0.522
699821d4e161b702e08a7b2f,11900110,1610612760,93.3,108.5,0.592,14.4,108.6,0.617
699821d4e161b702e08a7b30,11900110,1610612738,107.7,94,0.475,-14.4,108.6,0.492
699821d4e161b702e08a7b31,11900109,1610612763,95.7,84.7,0.474,-7.4,112.8,0.488
699821d4e161b702e08a7b32,11900111,1610612745,103.3,89.9,0.468,-11.1,108.6,0.504
699821d4e161b702e08a7b33,11900105,1610612749,96.8,115.4,0.544,22.1,114,0.601
699821d4e161b702e08a7b34,11900108,1610612756,102.3,113.8,0.557,15.1,103.2,0.61
699821d4e161b702e08a7b35,11900106,1610612754,96.7,97.9,0.493,1.1,110.4,0.542
699821d4e161b702e08a7b36,11900107,1610612747,122.7,117.9,0.532,-4.5,105.6,0.576
699821d4e161b702e08a7b37,11900107,1610612742,118.2,120.4,0.635,4.5,105.6,0.645
699821d4e161b702e08a7b38,11900106,1610612757,97.8,90.9,0.444,-1.1,110.4,0.495
699821d4e161b702e08a7b39,11900108,1610612762,117.4,103.5,0.585,-15.1,103.2,0.611
699821d4e161b702e08a7b3a,11900105,1610612759,118.9,95.5,0.506,-22.1,114,0.539
699821d4e161b702e08a7b3b,11900103,1610612740,78.2,105.8,0.551,34.3,105,0.578
699821d4e161b702e08a7b3c,11900102,1610612743,92.1,98.5,0.524,5.7,108,0.591
699821d4e161b702e08a7b3d,11900104,1610612748,108.9,112.1,0.574,5.4,108.6,0.644
699821d4e161b702e08a7b3e,11900101,1610612746,107.1,113.3,0.545,9.3,101.4,0.58
699821d4e161b702e08a7b3f,11900101,1610612753,116.5,102.9,0.454,-9.3,101.4,0.515
699821d4e161b702e08a7b40,11900104,1610612758,114.3,106.4,0.598,-5.4,108.6,0.644
699821d4e161b702e08a7b41,11900102,1610612764,97.8,89.1,0.418,-5.7,108,0.445
699821d4e161b702e08a7b42,11900103,1610612751,112.5,75.3,0.408,-34.3,105,0.446
699821d4e161b702e08a7b43,11900079,1610612744,98.1,115.6,0.505,20,105,0.567
699821d4e161b702e08a7b44,11900075,1610612761,98.2,112.1,0.589,15.7,108.5,0.611
699821d4e161b702e08a7b45,11900074,1610612764,92.1,108.9,0.578,18.8,101,0.61
699821d4e161b702e08a7b46,11900078,1610612759,84.3,95.1,0.473,12.9,107.5,0.503
699821d4e161b702e08a7b47,11900076,1610612745,120.9,131.5,0.651,11.2,109.5,0.689
699821d4e161b702e08a7b48,11900077,1610612752,109.3,105.9,0.543,-2.9,108,0.56
699821d4e161b702e08a7b49,11900077,1610612740,106.4,108.8,0.589,2.9,108,0.594
699821d4e161b702e08a7b4a,11900076,1610612748,132.1,119.9,0.638,-11.2,109.5,0.652
699821d4e161b702e08a7b4b,11900078,1610612763,97.2,87.1,0.382,-12.9,107.5,0.436
699821d4e161b702e08a7b4c,11900074,1610612755,110.9,90,0.446,-18.8,101,0.483
699821d4e161b702e08a7b4d,11900075,1610612751,113.9,97,0.454,-15.7,108.5,0.485
699821d4e161b702e08a7b4e,11900079,1610612747,118.1,93.5,0.494,-20,105,0.541
699821d4e161b702e08a7b4f,11900071,1610612749,88.1,108.8,0.577,19.2,109.5,0.618
699821d4e161b702e08a7b50,11900073,1610612742,82.1,93.8,0.545,13.3,106.5,0.588
699821d4e161b702e08a7b51,11900070,1610612741,96.9,109.5,0.522,18.8,96,0.548
699821d4e161b702e08a7b52,11900069,1610612748,92.5,98.3,0.557,6.6,107,0.583
699821d4e161b702e08a7b53,11900072,1610612743,97.2,104.1,0.506,5.6,107,0.536
699821d4e161b702e08a7b54,11900072,1610612757,102.8,97.1,0.544,-5.6,107,0.577
699821d4e161b702e08a7b55,11900069,1610612753,99.1,91.7,0.476,-6.6,107,0.511
699821d4e161b702e08a7b56,11900070,1610612737,115.6,92.1,0.494,-18.8,96,0.495
699821d4e161b702e08a7b57,11900073,1610612746,95.3,79.9,0.409,-13.3,106.5,0.431
699821d4e161b702e08a7b58,11900071,1610612750,107.3,86.2,0.391,-19.2,109.5,0.443
699821d4e161b702e08a7b59,11900068,1610612747,92.1,123.1,0.689,31.5,101.5,0.697
699821d4e161b702e08a7b5a,11900064,1610612759,106.5,120,0.626,15.4,106,0.636
699821d4e161b702e08a7b5b,11900067,1610612758,96.5,107.9,0.577,14.2,113,0.603
699821d4e161b702e08a7b5c,11900066,1610612757,114.6,120.9,0.669,6.6,103.5,0.683
699821d4e161b702e08a7b5d,11900065,1610612763,108.2,111.6,0.521,3.5,110.5,0.574
699821d4e161b702e08a7b5e,11900063,1610612737,95,96.5,0.418,5,100.5,0.464
699821d4e161b702e08a7b5f,11900062,1610612766,112.6,107.7,0.569,-4.8,102.5,0.61
699821d4e161b702e08a7b60,11900062,1610612765,107.8,111.5,0.563,4.8,102.5,0.592
699821d4e161b702e08a7b61,11900063,1610612752,100,92.7,0.438,-5,100.5,0.503
699821d4e161b702e08a7b62,11900065,1610612760,111.7,106.4,0.545,-3.5,110.5,0.59
699821d4e161b702e08a7b63,11900066,1610612762,121.2,113.2,0.527,-6.6,103.5,0.566
699821d4e161b702e08a7b64,11900067,15016,110.7,96.6,0.489,-14.2,113,0.54
699821d4e161b702e08a7b65,11900064,1610612745,121.9,106.9,0.556,-15.4,106,0.578
699821d4e161b702e08a7b66,11900068,1610612744,123.5,87,0.406,-31.5,101.5,0.48
699821d4e161b702e08a7b67,11900059,1610612738,95,116.7,0.647,24.2,99.5,0.662
699821d4e161b702e08a7b68,11900061,1610612755,87.8,107.6,0.489,19.3,98.5,0.533
699821d4e161b702e08a7b69,11900060,1610612750,94.9,101.2,0.486,6.8,117,0.506
699821d4e161b702e08a7b6a,11900060,1610612754,101.7,93.3,0.466,-6.8,117,0.505
699821d4e161b702e08a7b6b,11900061,1610612765,107.1,80.2,0.358,-19.3,98.5,0.413
699821d4e161b702e08a7b6c,11900059,1610612739,119.2,93.2,0.5,-24.2,99.5,0.534
699821d4e161b702e08a7b6d,11900055,1610612742,65.4,96.3,0.494,32.7,108,0.534
699821d4e161b702e08a7b6e,11900053,1610612748,82.1,108.2,0.538,29,107,0.578
699821d4e161b702e08a7b6f,11900054,1610612766,86.8,105.6,0.569,19.4,113.5,0.596
699821d4e161b702e08a7b70,11900058,1610612747,91.6,93.6,0.468,5.6,107,0.541
699821d4e161b702e08a7b71,11900057,1610612758,109.5,112.5,0.53,11.2,105.5,0.568
699821d4e161b702e08a7b72,11900056,1610612743,101,100.6,0.525,2.9,102,0.58
699821d4e161b702e08a7b73,11900056,1610612756,103.9,97.9,0.453,-2.9,102,0.519
699821d4e161b702e08a7b74,11900057,1610612762,120.8,106.3,0.542,-11.2,105.5,0.592
699821d4e161b702e08a7b75,11900058,1610612744,97.2,89.8,0.41,-5.6,107,0.471
699821d4e161b702e08a7b76,11900054,1610612763,106.2,85.8,0.425,-19.4,113.5,0.47
699821d4e161b702e08a7b77,11900053,1610612737,111.1,79.7,0.462,-29,107,0.494
699821d4e161b702e08a7b78,11900055,1610612760,98.2,64.8,0.355,-32.7,108,0.376
699821d4e161b702e08a7b79,11900046,1610612738,69.2,112.7,0.583,45.3,103.5,0.592
699821d4e161b702e08a7b7a,11900049,1610612755,93.1,119.7,0.606,29.3,102,0.654
699821d4e161b702e08a7b7b,11900052,1610612750,97.1,128.3,0.687,26.5,105,0.703
699821d4e161b702e08a7b7c,11900047,1610612746,98,112.9,0.548,17.6,102,0.599
699821d4e161b702e08a7b7d,11900051,1610612749,100,105,0.575,3.6,109.5,0.635
699821d4e161b702e08a7b7e,11900050,1610612741,87.5,101.9,0.511,14.4,103.5,0.541
699821d4e161b702e08a7b7f,11900048,1610612740,103.6,108.7,0.556,9.2,109.5,0.596
699821d4e161b702e08a7b80,11900048,1610612759,112.8,102.4,0.519,-9.2,109.5,0.592
699821d4e161b702e08a7b81,11900050,1610612761,101.9,87,0.456,-14.4,103.5,0.486
699821d4e161b702e08a7b82,11900051,1610612764,103.6,98.7,0.54,-3.6,109.5,0.543
699821d4e161b702e08a7b83,11900047,15016,115.7,95.3,0.478,-17.6,102,0.516
699821d4e161b702e08a7b84,11900052,93,123.6,95.4,0.534,-26.5,105,0.538
699821d4e161b702e08a7b85,11900049,1610612753,122.3,90,0.437,-29.3,102,0.477
699821d4e161b702e08a7b86,11900046,1610612739,114.6,68,0.373,-45.3,103.5,0.414
699821d4e161b702e08a7b87,11900044,1610612751,78.6,89.3,0.549,14.3,98,0.569
699821d4e161b702e08a7b88,11900045,1610612756,109.3,122.9,0.644,14.8,108,0.684
699821d4e161b702e08a7b89,11900045,1610612757,124.1,109.4,0.601,-14.8,108,0.622
699821d4e161b702e08a7b8a,11900044,1610612747,92.9,73.8,0.365,-14.3,98,0.395
699821d4e161b702e08a7b8b,11900039,1610612738,75,94.1,0.484,23,101,0.509
699821d4e161b702e08a7b8c,11900038,1610612754,79.1,90.4,0.512,16.4,110,0.551
699821d4e161b702e08a7b8d,11900040,1610612755,82.9,95.5,0.512,13.3,104.5,0.539
699821d4e161b702e08a7b8e,11900037,1610612765,100,100.3,0.506,1.9,106,0.553
699821d4e161b702e08a7b8f,11900041,1610612764,92.5,103.5,0.556,16,106.5,0.58
699821d4e161b702e08a7b90,11900043,1610612749,100,107.7,0.601,6.3,111,0.624
699821d4e161b702e08a7b91,11900042,1610612762,123.1,121.4,0.705,-2.1,104.5,0.709
699821d4e161b702e08a7b92,11900042,1610612740,121,121,0.592,2.1,104.5,0.642
699821d4e161b702e08a7b93,11900043,1610612742,106.3,94.8,0.479,-6.3,111,0.514
699821d4e161b702e08a7b94,11900041,1610612752,108.5,92.5,0.451,-16,106.5,0.515
699821d4e161b702e08a7b95,11900037,1610612739,101.9,99.5,0.5,-1.9,106,0.544
699821d4e161b702e08a7b96,11900040,1610612766,96.2,82.5,0.4,-13.3,104.5,0.476
699821d4e161b702e08a7b97,11900038,1610612741,95.5,78.9,0.403,-16.4,110,0.425
699821d4e161b702e08a7b98,11900039,1610612753,98,72.5,0.349,-23,101,0.397
699821d4e161b702e08a7b99,11900033,1610612757,75.6,110.9,0.512,37.5,91,0.549
699821d4e161b702e08a7b9a,11900032,1610612760,85.7,114,0.545,27.7,97.5,0.57
699821d4e161b702e08a7b9b,11900036,1610612743,84.3,99.8,0.546,16.6,109,0.577
699821d4e161b702e08a7b9c,11900035,1610612744,103.4,121.3,0.626,17.8,118.5,0.669
699821d4e161b702e08a7b9d,11900034,1610612758,77.2,92.1,0.472,15.7,113.5,0.52
699821d4e161b702e08a7b9e,11900030,1610612745,94.1,97.5,0.474,7.7,117,0.526
699821d4e161b702e08a7b9f,11900031,1610612751,100.9,102.9,0.575,1.8,110.5,0.614
699821d4e161b702e08a7ba0,11900031,1610612747,102.7,98.1,0.489,-1.8,110.5,0.528
699821d4e161b702e08a7ba1,11900030,1610612761,101.7,91.2,0.451,-7.7,117,0.51
699821d4e161b702e08a7ba2,11900034,1610612756,92.9,75.2,0.349,-15.7,113.5,0.436
699821d4e161b702e08a7ba3,11900035,1610612750,121.2,101.7,0.472,-17.8,118.5,0.517
699821d4e161b702e08a7ba4,11900036,1610612746,100.9,83.4,0.488,-16.6,109,0.505
699821d4e161b702e08a7ba5,11900032,15020,113.4,85.9,0.463,-27.7,97.5,0.484
699821d4e161b702e08a7ba6,11900033,93,113,70.4,0.352,-37.5,91,0.388
699821d4e161b702e08a7ba7,11900025,1610612764,98,140.1,0.663,39,100,0.694
699821d4e161b702e08a7ba8,11900029,1610612749,86.8,116.8,0.653,30.9,113.5,0.666
699821d4e161b702e08a7ba9,11900027,1610612748,92.2,101.9,0.569,13.7,102,0.594
699821d4e161b702e08a7baa,11900028,1610612740,110.6,111.8,0.625,0.8,113.5,0.644
699821d4e161b702e08a7bab,11900024,1610612765,113.6,118.3,0.618,5.6,103.5,0.634
699821d4e161b702e08a7bac,11900026,1610612753,83.8,91.5,0.435,7.7,105.5,0.485
699821d4e161b702e08a7bad,11900026,1610612737,91.5,81.2,0.406,-7.7,105.5,0.477
699821d4e161b702e08a7bae,11900024,1610612742,119.2,110.7,0.551,-5.6,103.5,0.611
699821d4e161b702e08a7baf,11900028,1610612741,111.4,106.4,0.538,-0.8,113.5,0.561
699821d4e161b702e08a7bb0,11900027,1610612766,105.9,91.9,0.459,-13.7,102,0.499
699821d4e161b702e08a7bb1,11900029,1610612762,117.7,86.9,0.407,-30.9,113.5,0.49
699821d4e161b702e08a7bb2,11900025,15018,137,99.9,0.549,-39,100,0.604
699821d4e161b702e08a7bb3,11900018,1610612755,84.3,136.8,0.615,56.9,102,0.641
699821d4e161b702e08a7bb4,11900020,1610612763,89.5,99.3,0.517,12.4,105.5,0.552
699821d4e161b702e08a7bb5,11900019,1610612748,85.6,100.7,0.506,17.3,104,0.545
699821d4e161b702e08a7bb6,11900021,1610612760,102,114,0.623,15.9,101.5,0.644
699821d4e161b702e08a7bb7,11900017,1610612761,112.2,115.8,0.573,4.3,115,0.634
699821d4e161b702e08a7bb8,11900023,1610612743,85.5,94.2,0.5,10,110,0.544
699821d4e161b702e08a7bb9,11900022,1610612756,93,96.3,0.54,4.4,114,0.571
699821d4e161b702e08a7bba,11900022,1610612750,97.4,88.2,0.462,-4.4,114,0.514
699821d4e161b702e08a7bbb,11900023,1610612757,95.5,83.2,0.374,-10,110,0.444
699821d4e161b702e08a7bbc,11900017,1610612745,116.5,109.5,0.573,-4.3,115,0.593
699821d4e161b702e08a7bbd,11900021,1610612742,117.8,98.4,0.431,-15.9,101.5,0.483
699821d4e161b702e08a7bbe,11900019,1610612759,102.9,86,0.425,-17.3,104,0.487
699821d4e161b702e08a7bbf,11900020,15020,101.9,85.8,0.467,-12.4,105.5,0.482
699821d4e161b702e08a7bc0,11900018,15018,141.2,81.7,0.442,-56.9,102,0.493
699821d4e161b702e08a7bc1,11900012,1610612739,89,118.2,0.59,29.8,100.5,0.622
699821d4e161b702e08a7bc2,11900013,1610612753,84.3,105.9,0.53,20.3,109,0.545
699821d4e161b702e08a7bc3,11900015,1610612740,93.2,112,0.54,21.5,116.5,0.585
699821d4e161b702e08a7bc4,11900016,1610612749,100.9,108,0.574,8,111.5,0.616
699821d4e161b702e08a7bc5,11900014,1610612752,94.3,97.8,0.5,6.7,104,0.523
699821d4e161b702e08a7bc6,11900014,1610612764,101,91.2,0.412,-6.7,104,0.46
699821d4e161b702e08a7bc7,11900016,1610612741,108.9,100.3,0.439,-8,111.5,0.488
699821d4e161b702e08a7bc8,11900015,1610612737,114.7,92.7,0.54,-21.5,116.5,0.559
699821d4e161b702e08a7bc9,11900013,1610612765,104.5,80.6,0.391,-20.3,109,0.438
699821d4e161b702e08a7bca,11900012,12330,118.8,86.4,0.5,-29.8,100.5,0.53
699821d4e161b702e08a7bcb,11900011,1610612746,77,109.8,0.575,35.4,113,0.579
699821d4e161b702e08a7bcc,11900009,1610612763,88.9,123.3,0.603,36.6,98.5,0.616
699821d4e161b702e08a7bcd,11900010,1610612738,99.1,96.8,0.517,1.9,106.5,0.548
699821d4e161b702e08a7bce,11900010,1610612766,100.9,96.7,0.522,-1.9,106.5,0.549
699821d4e161b702e08a7bcf,11900009,93,125.5,87.5,0.446,-36.6,98.5,0.491
699821d4e161b702e08a7bd0,11900011,12329,112.4,78.7,0.446,-35.4,113,0.527
699821d4e161b702e08a7bd1,11900008,1610612762,75,118.1,0.614,47,108.5,0.618
699821d4e161b702e08a7bd2,11900007,1610612753,87.3,117.7,0.593,35.3,102,0.606
699821d4e161b702e08a7bd3,11900005,1610612754,97.2,116.2,0.601,20.9,109.5,0.638
699821d4e161b702e08a7bd4,11900006,1610612747,93.5,111.6,0.525,19.3,108.5,0.548
699821d4e161b702e08a7bd5,11900006,1610612744,112.8,94.9,0.455,-19.3,108.5,0.503
699821d4e161b702e08a7bd6,11900005,1610612758,118.2,92.1,0.451,-20.9,109.5,0.53
699821d4e161b702e08a7bd7,11900007,1610612759,122.5,84.1,0.435,-35.3,102,0.474
699821d4e161b702e08a7bd8,11900008,15019,122,73.7,0.416,-47,108.5,0.432
699821d4e161b702e08a7bd9,11900004,1610612751,86.4,137.8,0.688,47.9,102.5,0.682
699821d4e161b702e08a7bda,11900002,1610612745,87.3,96,0.438,10.9,110.5,0.516
699821d4e161b702e08a7bdb,11900003,1610612754,111,111.4,0.57,2.8,105.96,0.614
699821d4e161b702e08a7bdc,11900003,1610612758,113.8,108.4,0.579,-2.8,105.96,0.625
699821d4e161b702e08a7bdd,11900002,1610612746,98.2,85.4,0.436,-10.9,110.5,0.473
699821d4e161b702e08a7bde,11900004,12332,134.3,84.3,0.478,-47.9,102.5,0.481
699821d4e161b702e08a7bdf,11900001,1610612745,68.9,131.6,0.601,64.4,104,0.623
699821d4e161b702e08a7be0,11900001,12329,133.3,66.8,0.37,-64.4,104,0.397
699821d4e161b702e08a7be1,42000406,1610612749,96.1,102.2,0.488,5.9,102.5,0.554
699821d4e161b702e08a7be2,42000406,1610612756,101.9,94.8,0.477,-5.9,102.5,0.519
699821d4e161b702e08a7be3,42000405,1610612756,135.2,128.2,0.626,-5.8,91.5,0.648
699821d4e161b702e08a7be4,42000405,1610612749,129.3,128.8,0.655,5.8,91.5,0.651
699821d4e161b702e08a7be5,42000404,1610612749,106.2,111.5,0.438,6.2,97,0.497
699821d4e161b702e08a7be6,42000404,1610612756,112.4,104.7,0.558,-6.2,97,0.596
699821d4e161b702e08a7be7,42000403,1610612749,103.1,123.2,0.556,20.6,97,0.591
699821d4e161b702e08a7be8,42000403,1610612756,123.7,101,0.536,-20.6,97,0.555
699821d4e161b702e08a7be9,42000402,1610612756,114.9,122.7,0.602,9.3,94.5,0.627
699821d4e161b702e08a7bea,42000402,1610612749,124.2,114.7,0.5,-9.3,94.5,0.524
699821d4e161b702e08a7beb,42000401,1610612756,104,115.2,0.528,11.7,101.5,0.593
699821d4e161b702e08a7bec,42000401,1610612749,115.7,105,0.545,-11.7,101.5,0.552
699821d4e161b702e08a7bed,42000306,1610612749,105.9,116.6,0.556,12.1,100.5,0.601
699821d4e161b702e08a7bee,42000306,1610612737,118,101.8,0.478,-12.1,100.5,0.524
699821d4e161b702e08a7bef,42000305,1610612749,117.9,121.8,0.553,10.2,95.5,0.58
699821d4e161b702e08a7bf0,42000305,1610612737,128.1,112.7,0.539,-10.2,95.5,0.569
699821d4e161b702e08a7bf1,42000316,1610612756,110.8,131.5,0.654,27.5,93.5,0.658
699821d4e161b702e08a7bf2,42000316,1610612746,138.3,107.2,0.494,-27.5,93.5,0.553
699821d4e161b702e08a7bf3,42000304,1610612737,94.6,116.1,0.582,22.4,93.5,0.606
699821d4e161b702e08a7bf4,42000304,1610612749,117,92.3,0.44,-22.4,93.5,0.476
699821d4e161b702e08a7bf5,42000315,1610612746,105.2,117.6,0.607,14.4,97,0.64
699821d4e161b702e08a7bf6,42000315,1610612756,119.6,102.2,0.506,-14.4,97,0.55
699821d4e161b702e08a7bf7,42000303,1610612749,109.7,119.9,0.574,11.8,93,0.581
699821d4e161b702e08a7bf8,42000303,1610612737,121.5,108.5,0.554,-11.8,93,0.56
699821d4e161b702e08a7bf9,42000314,1610612756,86,91.1,0.384,5.3,92.5,0.441
699821d4e161b702e08a7bfa,42000314,1610612746,91.3,85,0.355,-5.3,92.5,0.412
699821d4e161b702e08a7bfb,42000302,1610612749,90.1,121.3,0.599,34.9,100.5,0.607
699821d4e161b702e08a7bfc,42000302,1610612737,125,88.8,0.47,-34.9,100.5,0.508
699821d4e161b702e08a7bfd,42000313,1610612746,96.8,112.1,0.524,15.9,94.5,0.573
699821d4e161b702e08a7bfe,42000313,1610612756,112.8,96.1,0.444,-15.9,94.5,0.481
699821d4e161b702e08a7bff,42000301,1610612749,114.9,108.5,0.5,-5.1,102,0.522
699821d4e161b702e08a7c00,42000301,1610612737,109.7,112.6,0.537,5.1,102,0.568
699821d4e161b702e08a7c01,42000312,1610612756,110.8,113.1,0.537,3.5,92,0.578
699821d4e161b702e08a7c02,42000312,1610612746,114.3,110.1,0.531,-3.5,92,0.569
699821d4e161b702e08a7c03,42000311,1610612756,121.3,129.1,0.624,5,94.5,0.645
699821d4e161b702e08a7c04,42000207,1610612737,98,104,0.488,5,99,0.542
699821d4e161b702e08a7c05,42000207,1610612755,103,95,0.481,-5,99,0.527
699821d4e161b702e08a7c06,42000311,1610612746,126.3,120.7,0.568,-5,94.5,0.597
699821d4e161b702e08a7c07,42000217,1610612751,119.8,114.4,0.536,-2.9,86.49,0.584
699821d4e161b702e08a7c08,42000217,1610612749,116.8,118.3,0.515,2.9,86.49,0.536
699821d4e161b702e08a7c09,42000226,1610612746,128,144.8,0.682,14.4,92.5,0.708
699821d4e161b702e08a7c0a,42000206,1610612755,99,103.9,0.473,5,100,0.504
699821d4e161b702e08a7c0b,42000206,1610612737,104,92.9,0.467,-5,100,0.483
699821d4e161b702e08a7c0c,42000226,1610612762,142.4,126.1,0.61,-14.4,92.5,0.631
699821d4e161b702e08a7c0d,42000216,1610612749,95.7,110.3,0.494,16.1,93,0.551
699821d4e161b702e08a7c0e,42000216,1610612751,111.8,94.5,0.5,-16.1,93,0.511
699821d4e161b702e08a7c0f,42000225,1610612746,115.6,122.7,0.613,9.6,95.5,0.654
699821d4e161b702e08a7c10,42000205,1610612755,111.2,105.2,0.553,-4.2,98.5,0.578
699821d4e161b702e08a7c11,42000205,1610612737,107.1,110.9,0.512,4.2,98.5,0.56
699821d4e161b702e08a7c12,42000225,1610612762,125.3,112.3,0.575,-9.6,95.5,0.604
699821d4e161b702e08a7c13,42000215,1610612751,112.5,118.8,0.597,6.3,96,0.648
699821d4e161b702e08a7c14,42000215,1610612749,118.8,109.7,0.572,-6.3,96,0.597
699821d4e161b702e08a7c15,42000224,1610612746,109.5,124.6,0.565,17.4,94,0.63
699821d4e161b702e08a7c16,42000204,1610612755,104,101.8,0.5,-2,98.5,0.531
699821d4e161b702e08a7c17,42000204,1610612737,102,100.7,0.426,2,98.5,0.467
699821d4e161b702e08a7c18,42000224,1610612762,126.9,113.7,0.539,-17.4,94,0.588
699821d4e161b702e08a7c19,42000234,1610612756,111.3,117.2,0.565,5.5,106.5,0.634
699821d4e161b702e08a7c1a,42000214,1610612749,93.2,100.2,0.534,11.7,102.5,0.553
699821d4e161b702e08a7c1b,42000214,1610612751,104.9,91.5,0.494,-11.7,102.5,0.528
699821d4e161b702e08a7c1c,42000234,1610612743,116.8,109,0.531,-5.5,106.5,0.55
699821d4e161b702e08a7c1d,42000223,1610612746,111.6,138.9,0.669,28.8,94.5,0.687
699821d4e161b702e08a7c1e,42000223,1610612762,140.4,107.6,0.542,-28.8,94.5,0.579
699821d4e161b702e08a7c1f,42000233,1610612756,106.3,118.6,0.605,14.6,96,0.646
699821d4e161b702e08a7c20,42000203,1610612755,114.4,130.7,0.646,16.5,97,0.66
699821d4e161b702e08a7c21,42000203,1610612737,130.9,115.5,0.512,-16.5,97,0.578
699821d4e161b702e08a7c22,42000233,1610612743,120.8,104,0.484,-14.6,96,0.5
699821d4e161b702e08a7c23,42000213,1610612749,85.6,84,0.411,4,96.5,0.437
699821d4e161b702e08a7c24,42000222,1610612762,114.4,117.9,0.684,3.7,98,0.686
699821d4e161b702e08a7c25,42000222,1610612746,118.2,110.9,0.535,-3.7,98,0.583
699821d4e161b702e08a7c26,42000213,1610612751,89.6,84.2,0.404,-4,96.5,0.426
699821d4e161b702e08a7c27,42000232,1610612756,100,122.4,0.574,23,99,0.606
699821d4e161b702e08a7c28,42000232,1610612743,123,99.2,0.478,-23,99,0.496
699821d4e161b702e08a7c29,42000202,1610612755,104.1,118.4,0.598,17.6,97.5,0.61
699821d4e161b702e08a7c2a,42000221,1610612746,120.4,114.1,0.518,-3.2,93,0.57
699821d4e161b702e08a7c2b,42000221,1610612762,117.2,114.9,0.5,3.2,93,0.547
699821d4e161b702e08a7c2c,42000202,1610612737,121.6,105.2,0.524,-17.6,97.5,0.561
699821d4e161b702e08a7c2d,42000212,1610612751,90.5,128.8,0.633,42.5,94.5,0.644
699821d4e161b702e08a7c2e,42000231,1610612756,112.9,126,0.618,15.5,94,0.65
699821d4e161b702e08a7c2f,42000231,1610612743,128.4,109.8,0.543,-15.5,94,0.555
699821d4e161b702e08a7c30,42000212,1610612749,133,92.5,0.488,-42.5,94.5,0.489
699821d4e161b702e08a7c31,42000177,1610612746,118.1,134.7,0.622,13.2,95,0.681
699821d4e161b702e08a7c32,42000201,1610612755,118.5,114.4,0.61,-1.5,107,0.637
699821d4e161b702e08a7c33,42000201,1610612737,117,117.2,0.628,1.5,107,0.672
699821d4e161b702e08a7c34,42000177,1610612742,131.3,115,0.549,-13.2,95,0.564
699821d4e161b702e08a7c35,42000211,1610612751,102.9,109.6,0.546,6.6,104.5,0.564
699821d4e161b702e08a7c36,42000211,1610612749,109.5,98.7,0.475,-6.6,104.5,0.489
699821d4e161b702e08a7c37,42000176,1610612746,100,106.9,0.532,7.2,97,0.582
699821d4e161b702e08a7c38,42000176,1610612742,107.2,97.8,0.478,-7.2,97,0.51
699821d4e161b702e08a7c39,42000156,1610612756,111.1,127.4,0.63,14.4,90,0.683
699821d4e161b702e08a7c3a,42000166,1610612743,121.1,126.2,0.599,8.8,96,0.644
699821d4e161b702e08a7c3b,42000166,1610612757,129.9,117.7,0.601,-8.8,96,0.648
699821d4e161b702e08a7c3c,42000156,1610612747,125.6,106.3,0.473,-14.4,90,0.51
699821d4e161b702e08a7c3d,42000135,1610612737,97.8,107.9,0.477,13,92,0.523
699821d4e161b702e08a7c3e,42000105,1610612755,109.8,124.1,0.565,15.4,102.5,0.627
699821d4e161b702e08a7c3f,42000145,1610612762,106.8,120.8,0.605,15.5,103,0.628
699821d4e161b702e08a7c40,42000175,1610612746,114.1,107.5,0.5,-6.6,92.5,0.549
699821d4e161b702e08a7c41,42000175,1610612742,107.5,110.1,0.494,6.6,92.5,0.539
699821d4e161b702e08a7c42,42000145,1610612763,122.3,104.8,0.537,-15.5,103,0.556
699821d4e161b702e08a7c43,42000105,1610612764,125.2,110.3,0.544,-15.4,102.5,0.599
699821d4e161b702e08a7c44,42000135,1610612752,110.8,95.8,0.451,-13,92,0.495
699821d4e161b702e08a7c45,42000155,1610612756,85.9,110.3,0.532,29.1,99.5,0.557
699821d4e161b702e08a7c46,42000115,1610612751,113.5,126.8,0.601,15.9,95.5,0.647
699821d4e161b702e08a7c47,42000165,1610612743,123.9,126.6,0.577,6.2,93.52,0.622
699821d4e161b702e08a7c48,42000165,1610612757,130.1,116.9,0.558,-6.2,93.52,0.605
699821d4e161b702e08a7c49,42000115,1610612738,129.5,108.9,0.495,-15.9,95.5,0.534
699821d4e161b702e08a7c4a,42000155,1610612747,115,84.8,0.417,-29.1,99.5,0.456
699821d4e161b702e08a7c4b,42000104,1610612764,105.6,113.5,0.506,5.4,109,0.573
699821d4e161b702e08a7c4c,42000144,1610612762,111.9,118.4,0.559,6.9,101,0.617
699821d4e161b702e08a7c4d,42000144,1610612763,118.8,109.9,0.522,-6.9,101,0.561
699821d4e161b702e08a7c4e,42000104,1610612755,110.9,103.7,0.479,-5.4,109,0.514
699821d4e161b702e08a7c4f,42000174,1610612746,86.2,116.5,0.565,29,93,0.602
699821d4e161b702e08a7c50,42000154,1610612756,94.8,105,0.494,7.2,97.5,0.531
699821d4e161b702e08a7c51,42000114,1610612751,129.9,145.1,0.675,14,97.5,0.733
699821d4e161b702e08a7c52,42000134,1610612737,100,117.3,0.53,20.2,95,0.599
699821d4e161b702e08a7c53,42000134,1610612752,120.2,102,0.475,-20.2,95,0.527
699821d4e161b702e08a7c54,42000114,1610612738,143.9,123,0.524,-14,97.5,0.615
699821d4e161b702e08a7c55,42000154,1610612747,102,94.6,0.475,-7.2,97.5,0.51
699821d4e161b702e08a7c56,42000174,1610612742,115.2,83.8,0.376,-29,93,0.41
699821d4e161b702e08a7c57,42000103,1610612755,100,126,0.684,30.7,102,0.689
699821d4e161b702e08a7c58,42000164,1610612757,102.2,118.6,0.571,21.5,93,0.605
699821d4e161b702e08a7c59,42000124,1610612749,102,116.6,0.53,15.7,101.5,0.561
699821d4e161b702e08a7c5a,42000143,1610612762,114.4,122.4,0.611,10.3,97,0.651
699821d4e161b702e08a7c5b,42000143,1610612763,124.7,111.9,0.495,-10.3,97,0.523
699821d4e161b702e08a7c5c,42000124,1610612748,117.6,101.8,0.5,-15.7,101.5,0.53
699821d4e161b702e08a7c5d,42000164,1610612743,123.7,96.3,0.41,-21.5,93,0.458
699821d4e161b702e08a7c5e,42000103,1610612764,130.7,101,0.438,-30.7,102,0.481
699821d4e161b702e08a7c5f,42000173,1610612746,125.6,134.2,0.664,10.1,86.5,0.703
699821d4e161b702e08a7c60,42000133,1610612737,100,113.5,0.617,11.7,94,0.621
699821d4e161b702e08a7c61,42000113,1610612738,125.3,124.9,0.596,4.9,95.5,0.631
699821d4e161b702e08a7c62,42000113,1610612751,130.2,121.9,0.548,-4.9,95.5,0.609
699821d4e161b702e08a7c63,42000133,1610612752,111.7,99.8,0.414,-11.7,94,0.499
699821d4e161b702e08a7c64,42000173,1610612742,135.6,118.8,0.558,-10.1,86.5,0.575
699821d4e161b702e08a7c65,42000123,1610612749,82.4,110.9,0.556,29.5,101.5,0.583
699821d4e161b702e08a7c66,42000153,1610612747,96,104.6,0.483,13,99.5,0.549
699821d4e161b702e08a7c67,42000163,1610612743,117.3,122.6,0.583,6.4,97.5,0.626
699821d4e161b702e08a7c68,42000163,1610612757,123.7,116.5,0.52,-6.4,97.5,0.544
699821d4e161b702e08a7c69,42000153,1610612756,109,95.1,0.494,-13,99.5,0.528
699821d4e161b702e08a7c6a,42000123,1610612748,111.9,84.2,0.429,-29.5,101.5,0.463
699821d4e161b702e08a7c6b,42000102,1610612755,97.9,119.6,0.608,23.3,98,0.623
699821d4e161b702e08a7c6c,42000142,1610612762,127.7,134.7,0.65,11.9,101,0.68
699821d4e161b702e08a7c6d,42000132,1610612752,92,98.9,0.447,9,100,0.485
699821d4e161b702e08a7c6e,42000132,1610612737,101,90.5,0.44,-9,100,0.491
699821d4e161b702e08a7c6f,42000142,1610612763,139.6,124.4,0.588,-11.9,101,0.634
699821d4e161b702e08a7c70,42000102,1610612764,121.2,89.5,0.413,-23.3,98,0.452
699821d4e161b702e08a7c71,42000112,1610612751,105.9,126.6,0.619,22.8,101.5,0.665
699821d4e161b702e08a7c72,42000152,1610612747,112.1,115.2,0.513,6.4,91.5,0.582
699821d4e161b702e08a7c73,42000172,1610612742,123.5,127.6,0.695,4.8,98.5,0.686
699821d4e161b702e08a7c74,42000172,1610612746,128.3,123.7,0.613,-4.8,98.5,0.652
699821d4e161b702e08a7c75,42000152,1610612756,118.5,109.4,0.521,-6.4,91.5,0.606
699821d4e161b702e08a7c76,42000112,1610612738,128.7,103.7,0.489,-22.8,101.5,0.529
699821d4e161b702e08a7c77,42000122,1610612749,100,133.6,0.606,36.1,97.5,0.642
699821d4e161b702e08a7c78,42000162,1610612743,112.4,125.2,0.605,19.6,97,0.645
699821d4e161b702e08a7c79,42000162,1610612757,132,113.2,0.589,-19.6,97,0.639
699821d4e161b702e08a7c7a,42000122,1610612748,136.1,98.6,0.451,-36.1,97.5,0.503
699821d4e161b702e08a7c7b,42000151,1610612756,97.8,108.5,0.517,8.6,92.5,0.542
699821d4e161b702e08a7c7c,42000131,1610612737,111.7,113.5,0.533,3.4,93.5,0.562
699821d4e161b702e08a7c7d,42000141,1610612762,114.3,109.5,0.494,-3.1,98,0.571
699821d4e161b702e08a7c7e,42000101,1610612755,115.7,118.5,0.548,8.1,101.5,0.581
699821d4e161b702e08a7c7f,42000101,1610612764,123.8,113.9,0.602,-8.1,101.5,0.624
699821d4e161b702e08a7c80,42000141,1610612763,111.2,109.5,0.485,3.1,98,0.513
699821d4e161b702e08a7c81,42000131,1610612752,115.1,106.5,0.5,-3.4,93.5,0.522
699821d4e161b702e08a7c82,42000151,1610612747,106.5,97.5,0.48,-8.6,92.5,0.51
699821d4e161b702e08a7c83,42000111,1610612751,100,110.9,0.464,11.8,93,0.537
699821d4e161b702e08a7c84,42000121,1610612749,97.3,96.9,0.464,0,100.53,0.493
699821d4e161b702e08a7c85,42000161,1610612757,117.2,129,0.577,18,92,0.619
699821d4e161b702e08a7c86,42000171,1610612742,118.4,124.9,0.612,10,87.5,0.646
699821d4e161b702e08a7c87,42000171,1610612746,128.4,119,0.506,-10,87.5,0.545
699821d4e161b702e08a7c88,42000161,1610612743,135.2,116.6,0.565,-18,92,0.565
699821d4e161b702e08a7c89,42000121,1610612748,97.3,95.2,0.465,0,100.53,0.498
699821d4e161b702e08a7c8a,42000111,1610612738,111.8,96.4,0.435,-11.8,93,0.487
699821d4e161b702e08a7c8b,12000048,1610612764,88.9,90,0.5,2.8,108,0.515
699821d4e161b702e08a7c8c,12000049,1610612737,108.4,104.5,0.488,0.9,107,0.574
699821d4e161b702e08a7c8d,12000047,1610612753,109.3,109.5,0.521,1.8,107.5,0.558
699821d4e161b702e08a7c8e,12000047,1610612766,111.1,107.7,0.544,-1.8,107.5,0.587
699821d4e161b702e08a7c8f,12000049,1610612763,109.3,102.5,0.512,-0.9,107,0.568
699821d4e161b702e08a7c90,12000048,1610612765,91.7,89.3,0.489,-2.8,108,0.508
699821d4e161b702e08a7c91,12000042,1610612752,85.6,123.3,0.612,37.1,97,0.657
699821d4e161b702e08a7c92,12000045,1610612743,96,126.6,0.568,31.7,100.5,0.603
699821d4e161b702e08a7c93,12000041,1610612751,81.7,101,0.523,20.2,110,0.566
699821d4e161b702e08a7c94,12000040,1610612748,100,109.5,0.664,9.3,106,0.689
699821d4e161b702e08a7c95,12000039,1610612755,100.9,104.2,0.607,5.7,106,0.625
699821d4e161b702e08a7c96,12000043,1610612740,110.8,121.7,0.581,12.5,102.5,0.603
699821d4e161b702e08a7c97,12000044,1610612741,99,96.8,0.48,1.9,104,0.493
699821d4e161b702e08a7c98,12000046,1610612747,107.6,106.7,0.605,2,104.5,0.614
699821d4e161b702e08a7c99,12000046,1610612756,109.6,103.9,0.58,-2,104.5,0.603
699821d4e161b702e08a7c9a,12000044,1610612760,101,99.7,0.494,-1.9,104,0.524
699821d4e161b702e08a7c9b,12000043,1610612749,123.3,104.4,0.478,-12.5,102.5,0.547
699821d4e161b702e08a7c9c,12000039,1610612754,106.6,96.9,0.424,-5.7,106,0.459
699821d4e161b702e08a7c9d,12000040,1610612761,109.3,96.9,0.495,-9.3,106,0.523
699821d4e161b702e08a7c9e,12000041,1610612738,101.8,79.3,0.391,-20.2,110,0.44
699821d4e161b702e08a7c9f,12000045,1610612757,127.7,92.2,0.427,-31.7,100.5,0.484
699821d4e161b702e08a7ca0,12000042,1610612739,122.7,83.9,0.474,-37.1,97,0.495
699821d4e161b702e08a7ca1,12000034,1610612745,102.9,121.7,0.618,21.4,103,0.645
699821d4e161b702e08a7ca2,12000037,1610612762,107.1,123,0.626,20.4,98,0.64
699821d4e161b702e08a7ca3,12000035,1610612763,96.4,114.6,0.572,20,110,0.6
699821d4e161b702e08a7ca4,12000033,1610612765,83.5,93,0.57,9.8,103.5,0.575
699821d4e161b702e08a7ca5,12000038,1610612744,96.3,103.7,0.533,6.4,109.5,0.565
699821d4e161b702e08a7ca6,12000036,1610612750,110.4,113.4,0.541,2.7,103.7,0.582
699821d4e161b702e08a7ca7,12000032,1610612766,110.6,115.6,0.564,6.6,104.5,0.583
699821d4e161b702e08a7ca8,12000032,1610612753,117.1,106.2,0.536,-6.6,104.5,0.562
699821d4e161b702e08a7ca9,12000036,1610612742,113.2,108.5,0.525,-2.7,103.7,0.577
699821d4e161b702e08a7caa,12000038,1610612758,102.7,89.5,0.41,-6.4,109.5,0.476
699821d4e161b702e08a7cab,12000033,1610612764,93.3,82.9,0.455,-9.8,103.5,0.49
699821d4e161b702e08a7cac,12000035,1610612737,116.4,95.8,0.448,-20,110,0.497
699821d4e161b702e08a7cad,12000037,1610612746,127.6,105.9,0.559,-20.4,98,0.61
699821d4e161b702e08a7cae,12000034,1610612759,124.3,99.9,0.449,-21.4,103,0.519
699821d4e161b702e08a7caf,12000030,1610612743,89.6,116.5,0.634,27,107,0.655
699821d4e161b702e08a7cb0,12000029,1610612741,91.2,108.6,0.599,17.6,113.5,0.607
699821d4e161b702e08a7cb1,12000028,1610612752,96.9,98.8,0.506,6.2,96.5,0.542
699821d4e161b702e08a7cb2,12000031,1610612747,102.9,108.7,0.537,4.8,104,0.583
699821d4e161b702e08a7cb3,12000031,1610612756,107.7,101.7,0.483,-4.8,104,0.539
699821d4e161b702e08a7cb4,12000028,1610612739,103.1,91.2,0.482,-6.2,96.5,0.517
699821d4e161b702e08a7cb5,12000029,1610612760,108.8,90.4,0.443,-17.6,113.5,0.477
699821d4e161b702e08a7cb6,12000030,1610612757,116.7,85.6,0.423,-27,107,0.452
699821d4e161b702e08a7cb7,12000025,1610612755,100,104.5,0.512,8,99.5,0.555
699821d4e161b702e08a7cb8,12000026,1610612745,94.2,103.3,0.522,11.4,105,0.547
699821d4e161b702e08a7cb9,12000027,1610612744,102.7,98.5,0.495,-0.9,111,0.519
699821d4e161b702e08a7cba,12000027,1610612758,101.8,97.9,0.55,0.9,111,0.562
699821d4e161b702e08a7cbb,12000026,1610612759,105.7,93.4,0.488,-11.4,105,0.511
699821d4e161b702e08a7cbc,12000025,1610612738,108,98.3,0.5,-8,99.5,0.534
699821d4e161b702e08a7cbd,12000024,1610612762,90.2,107.7,0.507,18.6,102,0.597
699821d4e161b702e08a7cbe,12000023,1610612763,87.4,102,0.56,15.1,119.5,0.582
699821d4e161b702e08a7cbf,12000021,1610612740,97.9,120.5,0.518,22.1,94.5,0.578
699821d4e161b702e08a7cc0,12000019,1610612739,105,113.4,0.597,9.9,101,0.657
699821d4e161b702e08a7cc1,12000022,1610612742,112,123.7,0.579,13.5,101,0.601
699821d4e161b702e08a7cc2,12000020,1610612766,105.7,97.3,0.531,-2.8,106,0.573
699821d4e161b702e08a7cc3,12000020,1610612761,102.8,100.8,0.565,2.8,106,0.595
699821d4e161b702e08a7cc4,12000022,1610612749,125.5,108.6,0.57,-13.5,101,0.583
699821d4e161b702e08a7cc5,12000019,1610612754,114.9,102.2,0.544,-9.9,101,0.548
699821d4e161b702e08a7cc6,12000021,1610612748,120,98,0.506,-22.1,94.5,0.53
699821d4e161b702e08a7cc7,12000023,1610612750,102.5,86.6,0.466,-15.1,119.5,0.514
699821d4e161b702e08a7cc8,12000024,1610612756,108.8,85.5,0.466,-18.6,102,0.486
699821d4e161b702e08a7cc9,12000018,1610612747,109.3,132.8,0.679,25.8,97,0.692
699821d4e161b702e08a7cca,12000016,1610612741,88.3,97.1,0.468,11.7,103.5,0.499
699821d4e161b702e08a7ccb,12000015,1610612765,91.9,96.2,0.5,8.1,99,0.544
699821d4e161b702e08a7ccc,12000017,1610612758,101.9,110.4,0.511,14.4,104,0.573
699821d4e161b702e08a7ccd,12000014,1610612751,107.5,113.5,0.608,5.8,105.5,0.634
699821d4e161b702e08a7cce,12000013,1610612737,97.3,105.5,0.522,8.2,110,0.558
699821d4e161b702e08a7ccf,12000013,1610612753,105.5,95.3,0.456,-8.2,110,0.481
699821d4e161b702e08a7cd0,12000014,1610612764,113.3,103.9,0.505,-5.8,105.5,0.534
699821d4e161b702e08a7cd1,12000017,1610612757,116.3,104,0.467,-14.4,104,0.52
699821d4e161b702e08a7cd2,12000015,1610612752,100,87.1,0.44,-8.1,99,0.477
699821d4e161b702e08a7cd3,12000016,1610612745,100,85.3,0.414,-11.7,103.5,0.471
699821d4e161b702e08a7cd4,12000018,1610612746,135.1,107.5,0.53,-25.8,97,0.56
699821d4e161b702e08a7cd5,12000008,1610612760,98.2,108.2,0.585,9.9,111,0.625
699821d4e161b702e08a7cd6,12000010,1610612763,97.2,99.9,0.484,2.8,107.5,0.514
699821d4e161b702e08a7cd7,12000012,1610612762,101.9,114.6,0.604,13.6,103,0.634
699821d4e161b702e08a7cd8,12000006,1610612761,87.7,96.3,0.517,8.8,114.5,0.542
699821d4e161b702e08a7cd9,12000009,1610612742,94.4,102.2,0.5,10.2,107.5,0.53
699821d4e161b702e08a7cda,12000007,1610612739,95.4,98.1,0.551,4.6,108,0.575
699821d4e161b702e08a7cdb,12000011,1610612744,99.1,99.6,0.506,1.9,106,0.561
699821d4e161b702e08a7cdc,12000011,1610612743,100.9,95.5,0.468,-1.9,106,0.505
699821d4e161b702e08a7cdd,12000007,1610612754,100,95.2,0.519,-4.6,108,0.558
699821d4e161b702e08a7cde,12000009,1610612749,104.7,93.8,0.452,-10.2,107.5,0.496
699821d4e161b702e08a7cdf,12000006,1610612766,96.5,87.7,0.457,-8.8,114.5,0.505
699821d4e161b702e08a7ce0,12000012,1610612756,115.5,101.7,0.489,-13.6,103,0.529
699821d4e161b702e08a7ce1,12000010,1610612750,100,93.7,0.471,-2.8,107.5,0.525
699821d4e161b702e08a7ce2,12000008,1610612759,108,97.3,0.45,-9.9,111,0.482
699821d4e161b702e08a7ce3,12000005,1610612757,94.4,111.7,0.603,22.1,108.5,0.625
699821d4e161b702e08a7ce4,12000004,1610612747,77.9,82.1,0.399,6.6,103.5,0.458
699821d4e161b702e08a7ce5,12000003,1610612745,101,119.9,0.556,19.2,103.5,0.577
699821d4e161b702e08a7ce6,12000002,1610612752,82.4,87.9,0.488,6.8,101.5,0.493
699821d4e161b702e08a7ce7,12000001,1610612753,101.8,105.7,0.522,2.7,110.5,0.554
699821d4e161b702e08a7ce8,12000001,1610612737,104.5,98.2,0.424,-2.7,110.5,0.509
699821d4e161b702e08a7ce9,12000002,1610612765,89.1,81.6,0.388,-6.8,101.5,0.462
699821d4e161b702e08a7cea,12000003,1610612741,120.2,100.7,0.481,-19.2,103.5,0.54
699821d4e161b702e08a7ceb,12000004,1610612746,84.5,75.4,0.417,-6.6,103.5,0.443
699821d4e161b702e08a7cec,12000005,1610612758,116.5,91.3,0.453,-22.1,108.5,0.487
699821d4e161b702e08a7ced,52000211,1610612744,110.4,99.3,0.511,-3.7,95.55,0.545
699821d4e161b702e08a7cee,52000211,1610612763,106.7,107.9,0.485,3.7,95.55,0.535
699821d4e161b702e08a7cef,52000201,1610612764,102.7,126.3,0.656,24.1,112,0.68
699821d4e161b702e08a7cf0,52000201,1610612754,126.8,99.8,0.485,-24.1,112,0.526
699821d4e161b702e08a7cf1,52000121,1610612747,102,101,0.462,2,98.5,0.505
699821d4e161b702e08a7cf2,52000131,1610612763,98,101.5,0.483,3.1,98.5,0.497
699821d4e161b702e08a7cf3,52000131,1610612759,101,95.5,0.392,-3.1,98.5,0.446
699821d4e161b702e08a7cf4,52000121,1610612744,104,99.4,0.536,-2,98.5,0.558
699821d4e161b702e08a7cf5,52000101,1610612738,98,110.2,0.474,17.6,102,0.536
699821d4e161b702e08a7cf6,52000111,1610612754,106.4,124.6,0.629,23.4,110.5,0.645
699821d4e161b702e08a7cf7,52000111,1610612766,129.7,104.5,0.521,-23.4,110.5,0.557
699821d4e161b702e08a7cf8,52000101,1610612764,115.7,96.3,0.451,-17.6,102,0.496
699821d4e161b702e08a7cf9,42100406,1610612744,96.8,105.6,0.516,12.8,93.5,0.539
699821d4e161b702e08a7cfa,42100406,1610612738,109.6,92.5,0.494,-12.8,93.5,0.528
699821d4e161b702e08a7cfb,42100405,1610612744,95.9,106.6,0.517,11.3,97.5,0.55
699821d4e161b702e08a7cfc,42100405,1610612738,107.2,95.3,0.487,-11.3,97.5,0.53
699821d4e161b702e08a7cfd,42100404,1610612744,101,109.6,0.522,10.4,96,0.548
699821d4e161b702e08a7cfe,42100404,1610612738,111.5,98.6,0.488,-10.4,96,0.519
699821d4e161b702e08a7cff,42100403,1610612738,106.4,120.1,0.556,15.7,94.5,0.583
699821d4e161b702e08a7d00,42100403,1610612744,122.1,104.6,0.558,-15.7,94.5,0.591
699821d4e161b702e08a7d01,42100402,1610612744,89.8,106.2,0.541,20.5,97.5,0.564
699821d4e161b702e08a7d02,42100402,1610612738,110.3,87.6,0.469,-20.5,97.5,0.503
699821d4e161b702e08a7d03,42100401,1610612738,114.9,122.4,0.629,14.1,93.5,0.652
699821d4e161b702e08a7d04,42100401,1610612744,129,111.8,0.551,-14.1,93.5,0.571
699821d4e161b702e08a7d05,42100307,1610612738,99,101.5,0.476,4.1,97,0.523
699821d4e161b702e08a7d06,42100307,1610612748,103.1,94.5,0.455,-4.1,97,0.487
699821d4e161b702e08a7d07,42100306,1610612748,107.3,114.4,0.558,8.3,96,0.624
699821d4e161b702e08a7d08,42100306,1610612738,115.6,105.5,0.521,-8.3,96,0.601
699821d4e161b702e08a7d09,42100315,1610612744,119.6,130.4,0.591,9.5,92.5,0.631
699821d4e161b702e08a7d0a,42100315,1610612742,129,115.8,0.555,-9.5,92.5,0.591
699821d4e161b702e08a7d0b,42100305,1610612738,87.9,103.2,0.535,13.2,91.5,0.573
699821d4e161b702e08a7d0c,42100305,1610612748,101.1,85.9,0.356,-13.2,91.5,0.399
699821d4e161b702e08a7d0d,42100314,1610612742,111.2,124.4,0.622,11.5,97.5,0.649
699821d4e161b702e08a7d0e,42100314,1610612744,122.7,111.9,0.548,-11.5,97.5,0.571
699821d4e161b702e08a7d0f,42100304,1610612738,89.1,111.2,0.449,21.7,92,0.538
699821d4e161b702e08a7d10,42100304,1610612748,110.9,86.2,0.411,-21.7,92,0.426
699821d4e161b702e08a7d11,42100313,1610612744,109.9,119.8,0.537,7.3,92,0.592
699821d4e161b702e08a7d12,42100313,1610612742,117.2,108.7,0.487,-7.3,92,0.556
699821d4e161b702e08a7d13,42100303,1610612748,109.6,109.9,0.527,2.8,95.5,0.555
699821d4e161b702e08a7d14,42100303,1610612738,112.4,104.9,0.571,-2.8,95.5,0.619
699821d4e161b702e08a7d15,42100312,1610612744,118.2,124.8,0.646,10.4,98.5,0.677
699821d4e161b702e08a7d16,42100312,1610612742,128.6,118.5,0.609,-10.4,98.5,0.645
699821d4e161b702e08a7d17,42100302,1610612738,108.5,132.1,0.631,26.6,94,0.675
699821d4e161b702e08a7d18,42100302,1610612748,135.1,103.4,0.5,-26.6,94,0.533
699821d4e161b702e08a7d19,42100311,1610612744,90.6,115.4,0.622,24.8,96.5,0.629
699821d4e161b702e08a7d1a,42100311,1610612742,115.5,87.7,0.424,-24.8,96.5,0.457
699821d4e161b702e08a7d1b,42100301,1610612748,108.1,119.2,0.55,13.6,98,0.621
699821d4e161b702e08a7d1c,42100301,1610612738,121.6,105.9,0.525,-13.6,98,0.575
699821d4e161b702e08a7d1d,42100227,1610612742,97.8,133.3,0.685,34.4,92.5,0.713
699821d4e161b702e08a7d1e,42100217,1610612738,80.2,106.9,0.545,29.9,100,0.568
699821d4e161b702e08a7d1f,42100217,1610612749,110.1,81.8,0.389,-29.9,100,0.417
699821d4e161b702e08a7d20,42100227,1610612756,132.3,97.9,0.448,-34.4,92.5,0.474
699821d4e161b702e08a7d21,42100216,1610612738,100,111.2,0.534,13.7,95,0.556
699821d4e161b702e08a7d22,42100236,1610612744,96,107,0.49,14,100,0.505
699821d4e161b702e08a7d23,42100236,1610612763,110,94.3,0.432,-14,100,0.458
699821d4e161b702e08a7d24,42100216,1610612749,113.7,95.1,0.449,-13.7,95,0.495
699821d4e161b702e08a7d25,42100226,1610612742,91.5,121.7,0.558,28.7,94,0.609
699821d4e161b702e08a7d26,42100206,1610612748,98.9,104.4,0.523,9.9,91,0.539
699821d4e161b702e08a7d27,42100206,1610612755,108.8,92.7,0.483,-9.9,91,0.5
699821d4e161b702e08a7d28,42100226,1610612756,120.2,89.4,0.436,-28.7,94,0.493
699821d4e161b702e08a7d29,42100235,1610612763,92.2,128.6,0.566,37.9,103,0.597
699821d4e161b702e08a7d2a,42100215,1610612738,117,114.3,0.573,-2,93.5,0.604
699821d4e161b702e08a7d2b,42100215,1610612749,115.1,113.1,0.505,2,93.5,0.543
699821d4e161b702e08a7d2c,42100235,1610612744,130.1,91.6,0.538,-37.9,103,0.554
699821d4e161b702e08a7d2d,42100225,1610612756,85.1,117,0.563,31.9,94,0.585
699821d4e161b702e08a7d2e,42100205,1610612748,92.4,123.6,0.613,36.6,92.5,0.637
699821d4e161b702e08a7d2f,42100205,1610612755,129,87.1,0.418,-36.6,92.5,0.464
699821d4e161b702e08a7d30,42100225,1610612742,117,84.3,0.437,-31.9,94,0.483
699821d4e161b702e08a7d31,42100214,1610612738,110.2,116.2,0.583,8.2,98,0.625
699821d4e161b702e08a7d32,42100234,1610612744,94.2,95.6,0.45,2.9,104,0.507
699821d4e161b702e08a7d33,42100234,1610612763,97.1,93.7,0.464,-2.9,104,0.478
699821d4e161b702e08a7d34,42100214,1610612749,118.4,107.1,0.463,-8.2,98,0.51
699821d4e161b702e08a7d35,42100204,1610612755,110.2,120.9,0.662,10.6,97,0.699
699821d4e161b702e08a7d36,42100224,1610612742,108.6,117.6,0.565,8.2,94,0.594
699821d4e161b702e08a7d37,42100224,1610612756,116.8,104.2,0.518,-8.2,94,0.549
699821d4e161b702e08a7d38,42100204,1610612748,120.8,105.6,0.506,-10.6,97,0.573
699821d4e161b702e08a7d39,42100233,1610612744,109.8,133.7,0.724,28.1,102.5,0.753
699821d4e161b702e08a7d3a,42100213,1610612738,100,98.1,0.42,-1,102.5,0.495
699821d4e161b702e08a7d3b,42100213,1610612749,99,97.6,0.449,1,102.5,0.484
699821d4e161b702e08a7d3c,42100233,1610612763,137.9,105.4,0.522,-28.1,102.5,0.553
699821d4e161b702e08a7d3d,42100203,1610612755,89.8,112.9,0.597,21.5,88.5,0.646
699821d4e161b702e08a7d3e,42100223,1610612742,105.6,107.6,0.517,8.8,89.5,0.538
699821d4e161b702e08a7d3f,42100223,1610612756,114.4,103.8,0.533,-8.8,89.5,0.569
699821d4e161b702e08a7d40,42100203,1610612748,111.2,88.2,0.396,-21.5,88.5,0.451
699821d4e161b702e08a7d41,42100222,1610612756,111.2,131.3,0.73,23.2,97,0.757
699821d4e161b702e08a7d42,42100202,1610612748,108.4,121.9,0.603,16.8,95,0.649
699821d4e161b702e08a7d43,42100202,1610612755,125.3,104.4,0.5,-16.8,95,0.55
699821d4e161b702e08a7d44,42100222,1610612742,134.4,109.5,0.563,-23.2,97,0.609
699821d4e161b702e08a7d45,42100212,1610612738,91.5,114,0.6,27,93,0.629
699821d4e161b702e08a7d46,42100232,1610612763,98.1,103.7,0.473,5.9,102.5,0.529
699821d4e161b702e08a7d47,42100232,1610612744,103.9,94.5,0.458,-5.9,102.5,0.491
699821d4e161b702e08a7d48,42100212,1610612749,118.5,90.4,0.486,-27,93,0.517
699821d4e161b702e08a7d49,42100221,1610612756,120,126.1,0.566,10.1,94,0.612
699821d4e161b702e08a7d4a,42100201,1610612748,97.9,108.3,0.484,16.1,93.5,0.53
699821d4e161b702e08a7d4b,42100201,1610612755,114,98.1,0.468,-16.1,93.5,0.524
699821d4e161b702e08a7d4c,42100221,1610612742,130.1,116.3,0.565,-10.1,94,0.594
699821d4e161b702e08a7d4d,42100211,1610612749,89,97.8,0.478,11,100.5,0.509
699821d4e161b702e08a7d4e,42100231,1610612744,112.6,112.7,0.559,2.1,102.5,0.575
699821d4e161b702e08a7d4f,42100231,1610612763,114.7,109.9,0.516,-2.1,102.5,0.549
699821d4e161b702e08a7d50,42100211,1610612738,100,88.3,0.44,-11,100.5,0.48
699821d4e161b702e08a7d51,42100156,1610612763,106,114.5,0.552,8,100,0.59
699821d4e161b702e08a7d52,42100156,1610612750,114,105.5,0.524,-8,100,0.555
699821d4e161b702e08a7d53,42100136,1610612755,102.1,143.3,0.679,38.3,94.5,0.724
699821d4e161b702e08a7d54,42100146,1610612756,116,125.1,0.653,6.4,94,0.693
699821d4e161b702e08a7d55,42100176,1610612742,104.3,106.7,0.556,2.2,92,0.578
699821d4e161b702e08a7d56,42100176,1610612762,106.5,103.4,0.482,-2.2,92,0.517
699821d4e161b702e08a7d57,42100146,1610612740,122.3,113.1,0.554,-6.4,94,0.597
699821d4e161b702e08a7d58,42100136,1610612761,140.4,102.1,0.433,-38.3,94.5,0.485
699821d4e161b702e08a7d59,42100125,1610612749,95.2,110.7,0.575,15.2,105,0.605
699821d4e161b702e08a7d5a,42100165,1610612744,104.3,107.1,0.53,3.1,94.5,0.559
699821d4e161b702e08a7d5b,42100165,1610612743,107.4,103.4,0.481,-3.1,94.5,0.523
699821d4e161b702e08a7d5c,42100125,1610612741,110.5,93.6,0.505,-15.2,105,0.516
699821d4e161b702e08a7d5d,42100145,1610612756,101,113.4,0.558,15.6,96,0.591
699821d4e161b702e08a7d5e,42100155,1610612763,100,101.7,0.452,3.7,108,0.499
699821d4e161b702e08a7d5f,42100105,1610612748,104.4,98.7,0.494,1,91,0.532
699821d4e161b702e08a7d60,42100105,1610612737,105.4,100.7,0.473,-1,91,0.544
699821d4e161b702e08a7d61,42100155,1610612750,103.7,98.6,0.53,-3.7,108,0.583
699821d4e161b702e08a7d62,42100145,1610612740,116.7,99.6,0.431,-15.6,96,0.508
699821d4e161b702e08a7d63,42100175,1610612742,83.7,108.2,0.506,28.4,91.5,0.541
699821d4e161b702e08a7d64,42100135,1610612761,93.6,109.9,0.561,14.8,94.5,0.587
699821d4e161b702e08a7d65,42100114,1610612751,120.8,117,0.586,-4.2,96,0.597
699821d4e161b702e08a7d66,42100114,1610612738,116.7,114.1,0.551,4.2,96,0.588
699821d4e161b702e08a7d67,42100135,1610612755,108.4,90,0.444,-14.8,94.5,0.49
699821d4e161b702e08a7d68,42100175,1610612762,112.1,83.5,0.396,-28.4,91.5,0.446
699821d4e161b702e08a7d69,42100104,1610612748,96.6,118,0.505,29.8,88,0.543
699821d4e161b702e08a7d6a,42100124,1610612749,94.1,114.5,0.622,23.8,101,0.634
699821d4e161b702e08a7d6b,42100144,1610612740,113.2,126.2,0.506,15.1,91.5,0.57
699821d4e161b702e08a7d6c,42100164,1610612743,119.8,121.3,0.664,3.7,101.5,0.709
699821d4e161b702e08a7d6d,42100164,1610612744,123.5,112,0.57,-3.7,101.5,0.605
699821d4e161b702e08a7d6e,42100144,1610612756,128.3,111.2,0.547,-15.1,91.5,0.562
699821d4e161b702e08a7d6f,42100124,1610612741,117.8,93.6,0.439,-23.8,101,0.487
699821d4e161b702e08a7d70,42100104,1610612737,126.4,97.9,0.5,-29.8,88,0.513
699821d4e161b702e08a7d71,42100113,1610612738,113.2,119.6,0.571,6.6,91,0.604
699821d4e161b702e08a7d72,42100134,1610612761,103,108.5,0.466,8.1,99,0.532
699821d4e161b702e08a7d73,42100154,1610612750,112.4,117.1,0.595,3.2,104,0.65
699821d4e161b702e08a7d74,42100174,1610612762,110,108.1,0.468,2.4,89.5,0.513
699821d4e161b702e08a7d75,42100174,1610612742,112.4,107.5,0.526,-2.4,89.5,0.568
699821d4e161b702e08a7d76,42100154,1610612763,115.5,107.3,0.576,-3.2,104,0.608
699821d4e161b702e08a7d77,42100134,1610612755,111.1,101,0.506,-8.1,99,0.56
699821d4e161b702e08a7d78,42100113,1610612751,119.8,110.7,0.584,-6.6,91,0.613
699821d4e161b702e08a7d79,42100123,1610612749,83.5,113.1,0.555,29.8,97.5,0.571
699821d4e161b702e08a7d7a,42100143,1610612756,116.8,118.9,0.529,3.2,95,0.576
699821d4e161b702e08a7d7b,42100103,1610612737,115.8,116.5,0.588,3.6,94,0.622
699821d4e161b702e08a7d7c,42100103,1610612748,119.4,105.3,0.516,-3.6,94,0.547
699821d4e161b702e08a7d7d,42100143,1610612740,120,114.9,0.551,-3.2,95,0.599
699821d4e161b702e08a7d7e,42100123,1610612741,113.3,84,0.446,-29.8,97.5,0.458
699821d4e161b702e08a7d7f,42100153,1610612763,97.9,102.3,0.506,9.3,97,0.538
699821d4e161b702e08a7d80,42100163,1610612744,114.1,120,0.676,5.1,99,0.684
699821d4e161b702e08a7d81,42100173,1610612742,124.2,126.5,0.602,8.4,95,0.652
699821d4e161b702e08a7d82,42100173,1610612762,132.6,122.3,0.63,-8.4,95,0.706
699821d4e161b702e08a7d83,42100163,1610612743,119.2,114.3,0.569,-5.1,99,0.615
699821d4e161b702e08a7d84,42100153,1610612750,107.2,92.1,0.459,-9.3,97,0.499
699821d4e161b702e08a7d85,42100112,1610612738,112.6,119.2,0.593,6.1,95.5,0.643
699821d4e161b702e08a7d86,42100122,1610612741,107.8,111.1,0.562,5,101.5,0.596
699821d4e161b702e08a7d87,42100133,1610612755,105.2,106.3,0.601,5.4,86.04,0.628
699821d4e161b702e08a7d88,42100133,1610612761,110.6,105.3,0.517,-5.4,86.04,0.538
699821d4e161b702e08a7d89,42100122,1610612749,112.9,108.2,0.549,-5,101.5,0.575
699821d4e161b702e08a7d8a,42100112,1610612751,118.8,111.5,0.526,-6.1,95.5,0.588
699821d4e161b702e08a7d8b,42100152,1610612763,93.2,119.1,0.538,28.4,102.5,0.584
699821d4e161b702e08a7d8c,42100102,1610612748,106.1,111.9,0.57,7.8,100,0.627
699821d4e161b702e08a7d8d,42100142,1610612740,117.5,126.5,0.649,8.7,98,0.673
699821d4e161b702e08a7d8e,42100142,1610612756,126.3,115.2,0.576,-8.7,98,0.607
699821d4e161b702e08a7d8f,42100102,1610612737,113.9,99.8,0.54,-7.8,100,0.564
699821d4e161b702e08a7d90,42100152,1610612750,121.6,92,0.467,-28.4,102.5,0.543
699821d4e161b702e08a7d91,42100132,1610612755,109,122.8,0.623,15.5,89.5,0.681
699821d4e161b702e08a7d92,42100162,1610612744,112.8,129.2,0.649,19.9,94.5,0.666
699821d4e161b702e08a7d93,42100172,1610612742,116.9,122.6,0.602,6.7,89,0.62
699821d4e161b702e08a7d94,42100172,1610612762,123.6,115.8,0.53,-6.7,89,0.573
699821d4e161b702e08a7d95,42100162,1610612743,132.6,109,0.5,-19.9,94.5,0.551
699821d4e161b702e08a7d96,42100132,1610612761,124.4,105.1,0.489,-15.5,89.5,0.514
699821d4e161b702e08a7d97,42100101,1610612748,93.8,114,0.634,24.7,97,0.639
699821d4e161b702e08a7d98,42100141,1610612756,105.3,119.3,0.603,11.7,94,0.63
699821d4e161b702e08a7d99,42100121,1610612749,86,89.3,0.464,6.1,100.5,0.494
699821d4e161b702e08a7d9a,42100111,1610612738,117.5,114.4,0.539,-0.2,97.5,0.578
699821d4e161b702e08a7d9b,42100111,1610612751,117.3,114.5,0.609,0.2,97.5,0.644
699821d4e161b702e08a7d9c,42100121,1610612741,92.1,86.6,0.359,-6.1,100.5,0.412
699821d4e161b702e08a7d9d,42100141,1610612740,117,103.7,0.426,-11.7,94,0.465
699821d4e161b702e08a7d9e,42100101,1610612737,118.6,93.9,0.453,-24.7,97,0.524
699821d4e161b702e08a7d9f,42100131,1610612755,122,140.9,0.607,25.2,90,0.662
699821d4e161b702e08a7da0,42100161,1610612744,113.8,125.8,0.622,17,94,0.649
699821d4e161b702e08a7da1,42100151,1610612750,111.4,118.3,0.589,10.1,106,0.638
699821d4e161b702e08a7da2,42100171,1610612762,103.3,105.2,0.476,5.5,90.5,0.532
699821d4e161b702e08a7da3,42100171,1610612742,108.8,102.2,0.441,-5.5,90.5,0.511
699821d4e161b702e08a7da4,42100151,1610612763,121.5,107.4,0.494,-10.1,106,0.558
699821d4e161b702e08a7da5,42100161,1610612743,130.9,106.2,0.522,-17,94,0.542
699821d4e161b702e08a7da6,42100131,1610612761,147.2,119.2,0.561,-25.2,90,0.602
699821d4e161b702e08a7da7,12100065,1610612759,89.9,113.8,0.547,25.7,109,0.579
699821d4e161b702e08a7da8,12100061,1610612739,95.9,111,0.606,16.3,98,0.61
699821d4e161b702e08a7da9,12100066,1610612744,89,104.5,0.525,20.2,109,0.546
699821d4e161b702e08a7daa,12100063,1610612741,100,110.7,0.522,12.4,105,0.57
699821d4e161b702e08a7dab,12100059,1610612748,97.1,111.3,0.528,21.5,102.5,0.595
699821d4e161b702e08a7dac,12100064,1610612742,104,115,0.52,10,99.5,0.547
699821d4e161b702e08a7dad,12100060,1610612765,105.9,110.5,0.546,5,101.5,0.613
699821d4e161b702e08a7dae,12100062,1610612764,108.5,107.9,0.58,-1.9,106,0.603
699821d4e161b702e08a7daf,12100062,1610612752,106.6,103.3,0.485,1.9,106,0.521
699821d4e161b702e08a7db0,12100060,1610612755,110.9,106.3,0.523,-5,101.5,0.559
699821d4e161b702e08a7db1,12100064,1610612749,114,103.1,0.511,-10,99.5,0.543
699821d4e161b702e08a7db2,12100059,1610612738,118.6,97.3,0.519,-21.5,102.5,0.557
699821d4e161b702e08a7db3,12100063,1610612763,112.4,98.7,0.534,-12.4,105,0.551
699821d4e161b702e08a7db4,12100066,1610612757,109.2,88.5,0.457,-20.2,109,0.492
699821d4e161b702e08a7db5,12100061,1610612754,112.2,93.7,0.494,-16.3,98,0.514
699821d4e161b702e08a7db6,12100065,1610612745,115.6,87.7,0.371,-25.7,109,0.431
699821d4e161b702e08a7db7,12100055,1610612737,90.2,121.3,0.579,34.3,102,0.595
699821d4e161b702e08a7db8,12100056,1610612751,99,105.6,0.555,5.9,102,0.592
699821d4e161b702e08a7db9,12100058,1610612747,106.4,101.3,0.516,-2.7,108.5,0.536
699821d4e161b702e08a7dba,12100057,1610612743,104.9,110.4,0.557,3.8,93.28,0.592
699821d4e161b702e08a7dbb,12100057,1610612760,108.7,100.4,0.505,-3.8,93.28,0.521
699821d4e161b702e08a7dbc,12100058,1610612758,103.7,107,0.485,2.7,108.5,0.53
699821d4e161b702e08a7dbd,12100056,1610612750,104.9,96,0.473,-5.9,102,0.514
699821d4e161b702e08a7dbe,12100055,1610612748,124.5,90.8,0.456,-34.3,102,0.478
699821d4e161b702e08a7dbf,12100048,1610612742,60.8,131.2,0.609,68.8,97.5,0.63
699821d4e161b702e08a7dc0,12100054,1610612756,69.2,111.6,0.582,42.1,107,0.61
699821d4e161b702e08a7dc1,12100052,1610612760,98,108,0.569,8.9,101,0.593
699821d4e161b702e08a7dc2,12100051,1610612752,105.3,114.8,0.522,9.6,94.5,0.551
699821d4e161b702e08a7dc3,12100053,1610612762,109.1,111.6,0.602,2.6,110.5,0.632
699821d4e161b702e08a7dc4,12100050,1610612753,102,102.1,0.518,1,100,0.56
699821d4e161b702e08a7dc5,12100049,1610612754,105.9,100.1,0.468,2,101,0.51
699821d4e161b702e08a7dc6,12100049,1610612763,107.9,102.2,0.522,-2,101,0.559
699821d4e161b702e08a7dc7,12100050,1610612738,103,101.8,0.5,-1,100,0.525
699821d4e161b702e08a7dc8,12100053,1610612749,111.7,107.7,0.544,-2.6,110.5,0.559
699821d4e161b702e08a7dc9,12100051,1610612765,114.9,99.9,0.466,-9.6,94.5,0.504
699821d4e161b702e08a7dca,12100052,1610612743,106.9,95,0.461,-8.9,101,0.499
699821d4e161b702e08a7dcb,12100054,1610612757,111.2,69.8,0.333,-42.1,107,0.389
699821d4e161b702e08a7dcc,12100048,1610612766,129.6,57.7,0.292,-68.8,97.5,0.316
699821d4e161b702e08a7dcd,12100047,1610612744,90,98.5,0.48,10,110.5,0.511
699821d4e161b702e08a7dce,12100046,1610612761,103.8,106.7,0.489,4.8,104,0.529
699821d4e161b702e08a7dcf,12100046,1610612764,108.7,104,0.528,-4.8,104,0.558
699821d4e161b702e08a7dd0,12100047,1610612747,100,89.4,0.471,-10,110.5,0.512
699821d4e161b702e08a7dd1,12100042,1610612763,86.8,116.5,0.541,33,106,0.588
699821d4e161b702e08a7dd2,12100043,1610612762,90.6,115,0.596,29.2,106,0.626
699821d4e161b702e08a7dd3,12100045,1610612750,92.6,118.4,0.591,25.9,108,0.621
699821d4e161b702e08a7dd4,12100041,1610612755,98.1,106.5,0.567,10.4,106,0.575
699821d4e161b702e08a7dd5,12100040,1610612766,106.1,102.3,0.535,-2.1,98.5,0.561
699821d4e161b702e08a7dd6,12100039,1610612761,86.8,96.4,0.539,12.3,107,0.551
699821d4e161b702e08a7dd7,12100044,1610612758,92.1,104.3,0.534,13.9,101,0.56
699821d4e161b702e08a7dd8,12100044,1610612757,105.9,92.5,0.521,-13.9,101,0.57
699821d4e161b702e08a7dd9,12100039,1610612745,99.1,83.5,0.494,-12.3,107,0.522
699821d4e161b702e08a7dda,12100040,1610612748,104,102,0.495,2.1,98.5,0.515
699821d4e161b702e08a7ddb,12100041,1610612751,108.5,100.3,0.604,-10.4,106,0.629
699821d4e161b702e08a7ddc,12100045,1610612746,118.5,94.3,0.473,-25.9,108,0.51
699821d4e161b702e08a7ddd,12100043,1610612740,119.8,89.2,0.494,-29.2,106,0.513
699821d4e161b702e08a7dde,12100042,1610612765,119.8,85.4,0.463,-33,106,0.507
699821d4e161b702e08a7ddf,12100038,1610612756,85.5,114.2,0.572,27.4,109.5,0.617
699821d4e161b702e08a7de0,12100037,1610612749,111.1,127.8,0.649,18.9,99.5,0.652
699821d4e161b702e08a7de1,12100035,1610612753,104.1,101,0.537,-2.1,97.5,0.562
699821d4e161b702e08a7de2,12100036,1610612739,101,99.8,0.517,0,100.5,0.519
699821d4e161b702e08a7de3,12100036,1610612741,101,98.4,0.456,0,100.5,0.507
699821d4e161b702e08a7de4,12100035,1610612759,102,94.8,0.516,2.1,97.5,0.523
699821d4e161b702e08a7de5,12100037,1610612760,130,106.1,0.515,-18.9,99.5,0.53
699821d4e161b702e08a7de6,12100038,1610612747,112.8,84.9,0.465,-27.4,109.5,0.496
699821d4e161b702e08a7de7,12100033,1610612752,94.3,109.7,0.595,16.1,105.5,0.624
699821d4e161b702e08a7de8,12100032,1610612738,106.7,106.4,0.586,3,103.5,0.626
699821d4e161b702e08a7de9,12100034,1610612737,84.5,87.5,0.459,3,103.5,0.494
699821d4e161b702e08a7dea,12100034,1610612763,87.5,82.7,0.406,-3,103.5,0.422
699821d4e161b702e08a7deb,12100032,1610612761,109.7,101,0.485,-3,103.5,0.51
699821d4e161b702e08a7dec,12100033,1610612764,110.4,91.2,0.41,-16.1,105.5,0.478
699821d4e161b702e08a7ded,12100027,1610612741,78.7,112.7,0.552,33.3,108,0.58
699821d4e161b702e08a7dee,12100031,1610612744,101.8,109.1,0.557,6.3,112,0.577
699821d4e161b702e08a7def,12100028,1610612742,106.5,110.1,0.505,6.4,107.5,0.545
699821d4e161b702e08a7df0,12100025,1610612754,99,106,0.573,7.9,101.5,0.581
699821d4e161b702e08a7df1,12100026,1610612751,110.6,114.8,0.592,6.1,103,0.615
699821d4e161b702e08a7df2,12100030,1610612750,97.4,99.9,0.485,4.4,102.79,0.522
699821d4e161b702e08a7df3,12100029,1610612748,104,107.9,0.516,2.9,101.5,0.539
699821d4e161b702e08a7df4,12100029,1610612759,106.9,102.6,0.523,-2.9,101.5,0.545
699821d4e161b702e08a7df5,12100030,1610612743,101.8,94.7,0.527,-4.4,102.79,0.553
699821d4e161b702e08a7df6,12100026,1610612749,116.7,111.9,0.586,-6.1,103,0.613
699821d4e161b702e08a7df7,12100025,1610612739,106.9,93.1,0.506,-7.9,101.5,0.536
699821d4e161b702e08a7df8,12100028,1610612746,113,100.1,0.505,-6.4,107.5,0.549
699821d4e161b702e08a7df9,12100031,1610612747,108,96.5,0.5,-6.3,112,0.542
699821d4e161b702e08a7dfa,12100027,1610612740,112,75.6,0.376,-33.3,108,0.419
699821d4e161b702e08a7dfb,12100022,1610612763,89.1,113.7,0.571,27.3,110,0.59
699821d4e161b702e08a7dfc,12100023,1610612755,113,119.6,0.644,10.8,100.5,0.662
699821d4e161b702e08a7dfd,12100024,1610612748,95.5,101.5,0.553,6.3,111,0.581
699821d4e161b702e08a7dfe,12100024,1610612745,101.8,95.1,0.472,-6.3,111,0.517
699821d4e161b702e08a7dff,12100023,1610612761,123.8,109.5,0.546,-10.8,100.5,0.587
699821d4e161b702e08a7e00,12100022,1610612766,116.4,89.6,0.414,-27.3,110,0.456
699821d4e161b702e08a7e01,12100017,1610612740,89.6,104.5,0.479,18.8,96,0.503
699821d4e161b702e08a7e02,12100015,1610612765,105,115.3,0.578,11.2,99.5,0.601
699821d4e161b702e08a7e03,12100018,1610612742,97.1,105.9,0.533,10.7,103.5,0.556
699821d4e161b702e08a7e04,12100021,1610612758,90.7,105.1,0.52,13.9,108,0.536
699821d4e161b702e08a7e05,12100020,1610612756,99.1,107,0.5,10.3,106.5,0.545
699821d4e161b702e08a7e06,12100016,1610612739,92.3,93.2,0.5,2,104.5,0.549
699821d4e161b702e08a7e07,12100019,1610612744,112.6,112.9,0.604,0.8,103.5,0.637
699821d4e161b702e08a7e08,12100019,1610612743,113.5,108.8,0.566,-0.8,103.5,0.594
699821d4e161b702e08a7e09,12100016,1610612737,94.3,91,0.456,-2,104.5,0.487
699821d4e161b702e08a7e0a,12100020,1610612747,109.3,99.7,0.536,-10.3,106.5,0.568
699821d4e161b702e08a7e0b,12100021,1610612746,104.6,90.7,0.429,-13.9,108,0.476
699821d4e161b702e08a7e0c,12100018,1610612762,107.8,96.3,0.5,-10.7,103.5,0.511
699821d4e161b702e08a7e0d,12100015,1610612759,116.2,100.5,0.476,-11.2,99.5,0.484
699821d4e161b702e08a7e0e,12100017,1610612753,108.3,87.6,0.424,-18.8,96,0.467
699821d4e161b702e08a7e0f,12100012,1610612741,86.4,116,0.541,31.7,110.5,0.56
699821d4e161b702e08a7e10,12100011,1610612752,100,117.3,0.52,20.2,104,0.57
699821d4e161b702e08a7e11,12100014,1610612763,90.6,100.7,0.527,14.2,84,0.548
699821d4e161b702e08a7e12,12100013,1610612745,114.4,119.9,0.599,8.1,103,0.611
699821d4e161b702e08a7e13,12100013,1610612764,122.5,115.7,0.511,-8.1,103,0.568
699821d4e161b702e08a7e14,12100014,1610612749,104.8,90,0.48,-14.2,84,0.497
699821d4e161b702e08a7e15,12100011,1610612754,120.2,100,0.495,-20.2,104,0.525
699821d4e161b702e08a7e16,12100012,1610612739,118,85.3,0.417,-31.7,110.5,0.478
699821d4e161b702e08a7e17,12100007,1610612759,80.2,104.7,0.535,24.5,106,0.572
699821d4e161b702e08a7e18,12100004,1610612748,97.1,123.1,0.652,26.7,101.5,0.675
699821d4e161b702e08a7e19,12100006,1610612766,88.2,100.4,0.545,14.5,110,0.567
699821d4e161b702e08a7e1a,12100002,1610612761,100,110.2,0.577,13.9,107.5,0.588
699821d4e161b702e08a7e1b,12100005,1610612750,103.6,104.8,0.532,2.7,110,0.564
699821d4e161b702e08a7e1c,12100008,1610612744,98.2,110.5,0.54,11.8,109.5,0.563
699821d4e161b702e08a7e1d,12100009,1610612758,103.9,110,0.559,8.6,103,0.577
699821d4e161b702e08a7e1e,12100010,1610612743,103,98.3,0.488,-3,101,0.516
699821d4e161b702e08a7e1f,12100003,1610612738,97,94.1,0.429,-0.9,101,0.485
699821d4e161b702e08a7e20,12100003,1610612753,96.1,94,0.5,0.9,101,0.51
699821d4e161b702e08a7e21,12100010,1610612746,100,100,0.477,3,101,0.52
699821d4e161b702e08a7e22,12100009,1610612756,112.5,101.2,0.528,-8.6,103,0.554
699821d4e161b702e08a7e23,12100008,1610612757,110,95,0.542,-11.8,109.5,0.577
699821d4e161b702e08a7e24,12100005,1610612740,106.4,101.4,0.475,-2.7,110,0.516
699821d4e161b702e08a7e25,12100002,1610612755,113.9,97.8,0.458,-13.9,107.5,0.498
699821d4e161b702e08a7e26,12100006,1610612760,102.7,86.5,0.471,-14.5,110,0.505
699821d4e161b702e08a7e27,12100004,1610612737,123.8,94.7,0.453,-26.7,101.5,0.518
699821d4e161b702e08a7e28,12100007,1610612762,104.7,79,0.365,-24.5,106,0.384
699821d4e161b702e08a7e29,12100001,1610612751,95.1,115.4,0.54,23.2,103,0.588
699821d4e161b702e08a7e2a,12100001,1610612747,118.3,92.3,0.426,-23.2,103,0.475
699821d4e161b702e08a7e2b,52100201,1610612737,107.4,115.5,0.544,7.6,93.5,0.597
699821d4e161b702e08a7e2c,52100211,1610612740,108.6,115.4,0.523,4.3,93,0.53
699821d4e161b702e08a7e2d,52100211,1610612746,112.9,105.3,0.465,-4.3,93,0.505
699821d4e161b702e08a7e2e,52100201,1610612739,115.1,106.9,0.537,-7.6,93.5,0.571
699821d4e161b702e08a7e2f,52100111,1610612737,100,125.7,0.606,28.2,103,0.629
699821d4e161b702e08a7e30,52100131,1610612740,107.3,116.4,0.593,9.2,96.5,0.62
699821d4e161b702e08a7e31,52100131,1610612759,116.5,104.4,0.478,-9.2,96.5,0.512
699821d4e161b702e08a7e32,52100111,1610612766,128.2,97.4,0.45,-28.2,103,0.501
699821d4e161b702e08a7e33,52100101,1610612751,111.3,116.7,0.589,7.2,97,0.608
699821d4e161b702e08a7e34,52100121,1610612750,105.1,108.7,0.518,5.1,99,0.549
699821d4e161b702e08a7e35,52100121,1610612746,110.1,104.1,0.538,-5.1,99,0.579
699821d4e161b702e08a7e36,52100101,1610612739,118.6,102.1,0.495,-7.2,97,0.536
699821d4e161b702e08a7e37,42200405,1610612743,93.7,95.8,0.482,4.2,95.5,0.499
699821d4e161b702e08a7e38,42200405,1610612748,97.9,89,0.391,-4.2,95.5,0.432
699821d4e161b702e08a7e39,42200404,1610612743,104.4,118.4,0.582,14.3,91,0.612
699821d4e161b702e08a7e3a,42200404,1610612748,118.7,101.3,0.5,-14.3,91,0.547
699821d4e161b702e08a7e3b,42200403,1610612743,102.2,117.4,0.544,15,92.5,0.593
699821d4e161b702e08a7e3c,42200403,1610612748,117.2,99.6,0.429,-15,92.5,0.468
699821d4e161b702e08a7e3d,42200402,1610612743,129.1,120.4,0.593,-4.9,86.5,0.638
699821d4e161b702e08a7e3e,42200402,1610612748,124.1,123.6,0.596,4.9,86.5,0.639
699821d4e161b702e08a7e3f,42200401,1610612743,100,113.3,0.557,11.8,93,0.592
699821d4e161b702e08a7e40,42200401,1610612748,111.8,99.1,0.474,-11.8,93,0.48
699821d4e161b702e08a7e41,42200307,1610612748,91.3,107.7,0.57,19.4,92.5,0.581
699821d4e161b702e08a7e42,42200307,1610612738,110.8,90.6,0.445,-19.4,92.5,0.479
699821d4e161b702e08a7e43,42200306,1610612738,114.4,111.9,0.481,1.1,90,0.559
699821d4e161b702e08a7e44,42200306,1610612748,115.6,109.9,0.43,-1.1,90,0.487
699821d4e161b702e08a7e45,42200305,1610612738,111.5,128.9,0.608,13.5,87.5,0.63
699821d4e161b702e08a7e46,42200305,1610612748,125,109.7,0.571,-13.5,87.5,0.589
699821d4e161b702e08a7e47,42200304,1610612738,105.3,122.2,0.619,16.8,94.5,0.631
699821d4e161b702e08a7e48,42200304,1610612748,122.1,105,0.487,-16.8,94.5,0.548
699821d4e161b702e08a7e49,42200314,1610612743,123.3,119.3,0.553,3.6,89.5,0.597
699821d4e161b702e08a7e4a,42200314,1610612747,127,116.3,0.512,-3.6,89.5,0.57
699821d4e161b702e08a7e4b,42200303,1610612748,103,129,0.685,27.6,98.5,0.709
699821d4e161b702e08a7e4c,42200303,1610612738,130.6,102.5,0.454,-27.6,98.5,0.484
699821d4e161b702e08a7e4d,42200313,1610612743,111.3,122.2,0.597,11.3,97,0.617
699821d4e161b702e08a7e4e,42200313,1610612747,122.7,110.5,0.512,-11.3,97,0.558
699821d4e161b702e08a7e4f,42200302,1610612748,109.4,110.6,0.505,6.3,96,0.553
699821d4e161b702e08a7e50,42200302,1610612738,115.6,106.5,0.532,-6.3,96,0.586
699821d4e161b702e08a7e51,42200312,1610612743,101,104.9,0.517,4.9,102,0.557
699821d4e161b702e08a7e52,42200312,1610612747,105.9,101.5,0.488,-4.9,102,0.551
699821d4e161b702e08a7e53,42200301,1610612748,119.6,121.3,0.635,7.2,97,0.659
699821d4e161b702e08a7e54,42200301,1610612738,126.8,116.3,0.58,-7.2,97,0.619
699821d4e161b702e08a7e55,42200311,1610612743,129.9,136.5,0.632,4.8,97.5,0.656
699821d4e161b702e08a7e56,42200311,1610612747,134.7,129.3,0.613,-4.8,97.5,0.66
699821d4e161b702e08a7e57,42200217,1610612738,95.7,116.8,0.557,24.8,92.5,0.59
699821d4e161b702e08a7e58,42200217,1610612755,120.4,89.5,0.422,-24.8,92.5,0.482
699821d4e161b702e08a7e59,42200236,1610612747,105.2,129.1,0.607,23.2,95.5,0.653
699821d4e161b702e08a7e5a,42200206,1610612748,104.5,103.2,0.445,2.1,89,0.516
699821d4e161b702e08a7e5b,42200206,1610612752,106.7,103.3,0.451,-2.1,89,0.541
699821d4e161b702e08a7e5c,42200236,1610612744,128.4,100.8,0.442,-23.2,95.5,0.463
699821d4e161b702e08a7e5d,42200226,1610612743,101,125.5,0.585,26.5,98.5,0.653
699821d4e161b702e08a7e5e,42200216,1610612738,89.6,97.9,0.519,9.4,96,0.559
699821d4e161b702e08a7e5f,42200216,1610612755,99,88.3,0.41,-9.4,96,0.471
699821d4e161b702e08a7e60,42200226,1610612756,127.6,100.2,0.551,-26.5,98.5,0.569
699821d4e161b702e08a7e61,42200205,1610612752,110.8,119.7,0.585,8.4,93.5,0.632
699821d4e161b702e08a7e62,42200235,1610612744,105,114.6,0.582,13.7,101.5,0.614
699821d4e161b702e08a7e63,42200235,1610612747,118.6,105.4,0.54,-13.7,101.5,0.566
699821d4e161b702e08a7e64,42200205,1610612748,119.1,105.8,0.494,-8.4,93.5,0.534
699821d4e161b702e08a7e65,42200225,1610612743,103,121.2,0.571,15,99.5,0.606
699821d4e161b702e08a7e66,42200215,1610612755,108.4,121.2,0.582,12.6,95,0.633
699821d4e161b702e08a7e67,42200215,1610612738,121.1,106.2,0.47,-12.6,95,0.526
699821d4e161b702e08a7e68,42200225,1610612756,118,101.4,0.483,-15,99.5,0.517
699821d4e161b702e08a7e69,42200204,1610612748,108.6,115.1,0.547,8.6,93,0.576
699821d4e161b702e08a7e6a,42200234,1610612747,104.1,103.2,0.488,2,97.5,0.549
699821d4e161b702e08a7e6b,42200234,1610612744,106.1,102.8,0.535,-2,97.5,0.553
699821d4e161b702e08a7e6c,42200204,1610612752,117.2,105.7,0.546,-8.6,93,0.583
699821d4e161b702e08a7e6d,42200224,1610612756,130.5,136.1,0.648,6.7,94.5,0.688
699821d4e161b702e08a7e6e,42200214,1610612738,122.1,122.8,0.569,-1.1,86.04,0.595
699821d4e161b702e08a7e6f,42200214,1610612755,121.1,118.8,0.533,1.1,86.04,0.576
699821d4e161b702e08a7e70,42200224,1610612743,137.2,126.4,0.601,-6.7,94.5,0.626
699821d4e161b702e08a7e71,42200233,1610612747,97,123,0.619,28.7,100.5,0.66
699821d4e161b702e08a7e72,42200203,1610612748,88.7,100.3,0.428,20.7,96.5,0.507
699821d4e161b702e08a7e73,42200203,1610612752,109.4,86.3,0.385,-20.7,96.5,0.427
699821d4e161b702e08a7e74,42200233,1610612744,125.7,93.7,0.467,-28.7,100.5,0.492
699821d4e161b702e08a7e75,42200213,1610612738,106.3,115,0.535,12.5,96,0.593
699821d4e161b702e08a7e76,42200223,1610612756,111.8,115.3,0.553,6.9,102,0.588
699821d4e161b702e08a7e77,42200223,1610612743,118.6,110.4,0.495,-6.9,102,0.537
699821d4e161b702e08a7e78,42200213,1610612755,118.8,107.5,0.5,-12.5,96,0.567
699821d4e161b702e08a7e79,42200232,1610612744,98,120.9,0.616,26.5,102,0.622
699821d4e161b702e08a7e7a,42200232,1610612747,124.5,98.5,0.479,-26.5,102,0.493
699821d4e161b702e08a7e7b,42200212,1610612738,91.6,123.4,0.576,35.8,95,0.611
699821d4e161b702e08a7e7c,42200212,1610612755,127.4,90.5,0.43,-35.8,95,0.488
699821d4e161b702e08a7e7d,42200231,1610612747,110.9,117.3,0.5,6.1,100.5,0.558
699821d4e161b702e08a7e7e,42200202,1610612752,118,116.6,0.549,4,90,0.583
699821d4e161b702e08a7e7f,42200202,1610612748,122,114.8,0.547,-4,90,0.568
699821d4e161b702e08a7e80,42200231,1610612744,117,109.1,0.505,-6.1,100.5,0.515
699821d4e161b702e08a7e81,42200222,1610612743,93.5,104,0.52,10.8,93,0.569
699821d4e161b702e08a7e82,42200211,1610612738,129.3,126.5,0.653,-1.6,91,0.693
699821d4e161b702e08a7e83,42200211,1610612755,127.8,126.2,0.601,1.6,91,0.631
699821d4e161b702e08a7e84,42200222,1610612756,104.3,90.4,0.432,-10.8,93,0.448
699821d4e161b702e08a7e85,42200167,1610612744,102,117.4,0.505,21.7,97.5,0.53
699821d4e161b702e08a7e86,42200201,1610612748,106.3,111.6,0.5,7.4,95,0.552
699821d4e161b702e08a7e87,42200201,1610612752,113.7,105.4,0.517,-7.4,95,0.533
699821d4e161b702e08a7e88,42200167,1610612758,123.7,98.2,0.438,-21.7,97.5,0.463
699821d4e161b702e08a7e89,42200221,1610612743,110.3,123,0.554,17.2,97.5,0.581
699821d4e161b702e08a7e8a,42200221,1610612756,127.6,107.6,0.554,-17.2,97.5,0.585
699821d4e161b702e08a7e8b,42200156,1610612747,82.5,119.5,0.621,37.7,103.5,0.64
699821d4e161b702e08a7e8c,42200166,1610612758,90.8,105.4,0.49,19.5,108,0.536
699821d4e161b702e08a7e8d,42200166,1610612744,110.3,91.3,0.43,-19.5,108,0.488
699821d4e161b702e08a7e8e,42200156,1610612763,120.2,81.1,0.365,-37.7,103.5,0.406
699821d4e161b702e08a7e8f,42200116,1610612738,122.4,131.3,0.596,8.2,98,0.631
699821d4e161b702e08a7e90,42200116,1610612737,130.6,118,0.548,-8.2,98,0.579
699821d4e161b702e08a7e91,42200135,1610612752,104.4,111.9,0.488,12.1,91,0.542
699821d4e161b702e08a7e92,42200165,1610612744,109.4,113.5,0.578,6.6,106,0.589
699821d4e161b702e08a7e93,42200155,1610612763,97.1,112.1,0.515,18.9,101,0.545
699821d4e161b702e08a7e94,42200105,1610612749,112.3,107.9,0.538,-1.8,103.25,0.569
699821d4e161b702e08a7e95,42200105,1610612748,110.5,107.1,0.532,1.8,103.25,0.545
699821d4e161b702e08a7e96,42200155,1610612747,116,99.2,0.457,-18.9,101,0.491
699821d4e161b702e08a7e97,42200165,1610612758,116,107,0.522,-6.6,106,0.572
699821d4e161b702e08a7e98,42200135,1610612739,116.5,104.9,0.553,-12.1,91,0.582
699821d4e161b702e08a7e99,42200175,1610612756,130,132.6,0.612,6,100,0.65
699821d4e161b702e08a7e9a,42200115,1610612738,125.3,119.7,0.598,-4.6,96,0.599
699821d4e161b702e08a7e9b,42200145,1610612743,116,115.7,0.471,3.2,94,0.555
699821d4e161b702e08a7e9c,42200145,1610612750,119.1,111.2,0.556,-3.2,94,0.592
699821d4e161b702e08a7e9d,42200115,1610612737,120.6,115.1,0.568,4.6,96,0.593
699821d4e161b702e08a7e9e,42200175,1610612746,136,124.7,0.521,-6,100,0.584
699821d4e161b702e08a7e9f,42200154,1610612747,100.9,106.7,0.489,6.4,99.17,0.543
699821d4e161b702e08a7ea0,42200104,1610612748,110.7,113.3,0.569,2.7,104,0.607
699821d4e161b702e08a7ea1,42200104,1610612749,113.3,109.8,0.5,-2.7,104,0.539
699821d4e161b702e08a7ea2,42200154,1610612763,107.3,98.9,0.439,-6.4,99.17,0.482
699821d4e161b702e08a7ea3,42200164,1610612744,117.9,120.5,0.578,3.2,105,0.626
699821d4e161b702e08a7ea4,42200144,1610612750,105.9,113.2,0.522,8.1,91.47,0.555
699821d4e161b702e08a7ea5,42200114,1610612738,113.1,120.6,0.607,7.5,107,0.645
699821d4e161b702e08a7ea6,42200134,1610612752,103.3,109.3,0.5,10,90,0.529
699821d4e161b702e08a7ea7,42200134,1610612739,113.3,101.8,0.506,-10,90,0.545
699821d4e161b702e08a7ea8,42200114,1610612737,120.6,110.4,0.51,-7.5,107,0.557
699821d4e161b702e08a7ea9,42200144,1610612743,114,102.9,0.505,-8.1,91.47,0.525
699821d4e161b702e08a7eaa,42200164,1610612758,121.2,115.8,0.539,-3.2,105,0.569
699821d4e161b702e08a7eab,42200174,1610612756,104.2,112.1,0.542,11.3,96.5,0.584
699821d4e161b702e08a7eac,42200103,1610612748,101,124.1,0.631,22.4,98,0.661
699821d4e161b702e08a7ead,42200153,1610612747,100,103.9,0.494,8.8,101.5,0.545
699821d4e161b702e08a7eae,42200124,1610612755,98.9,103.2,0.445,6.6,90,0.49
699821d4e161b702e08a7eaf,42200124,1610612751,105.5,94.3,0.469,-6.6,90,0.498
699821d4e161b702e08a7eb0,42200153,1610612763,108.8,99.2,0.446,-8.8,101.5,0.496
699821d4e161b702e08a7eb1,42200103,1610612749,123.5,98.7,0.535,-22.4,98,0.548
699821d4e161b702e08a7eb2,42200174,1610612746,115.5,99.6,0.5,-11.3,96.5,0.519
699821d4e161b702e08a7eb3,42200133,1610612752,84,105.4,0.53,20.2,94.5,0.544
699821d4e161b702e08a7eb4,42200143,1610612743,111,120.3,0.649,7.8,100.5,0.669
699821d4e161b702e08a7eb5,42200113,1610612737,118.4,122.6,0.643,6.6,103.5,0.663
699821d4e161b702e08a7eb6,42200113,1610612738,125,116.1,0.603,-6.6,103.5,0.616
699821d4e161b702e08a7eb7,42200143,1610612750,118.8,109.5,0.519,-7.8,100.5,0.588
699821d4e161b702e08a7eb8,42200133,1610612739,104.2,82.7,0.431,-20.2,94.5,0.452
699821d4e161b702e08a7eb9,42200163,1610612744,94.2,109.5,0.48,17.6,102.5,0.518
699821d4e161b702e08a7eba,42200173,1610612756,119.2,121.4,0.534,6,103.5,0.596
699821d4e161b702e08a7ebb,42200123,1610612755,107.8,111.2,0.567,4.3,90.5,0.581
699821d4e161b702e08a7ebc,42200123,1610612751,112.1,107,0.494,-4.3,90.5,0.547
699821d4e161b702e08a7ebd,42200173,1610612746,125.2,117,0.633,-6,103.5,0.66
699821d4e161b702e08a7ebe,42200163,1610612758,111.8,93.2,0.44,-17.6,102.5,0.475
699821d4e161b702e08a7ebf,42200102,1610612749,118.4,132,0.662,15.5,103,0.673
699821d4e161b702e08a7ec0,42200152,1610612763,97.9,105.9,0.489,9.4,95.5,0.524
699821d4e161b702e08a7ec1,42200142,1610612743,120.2,125.8,0.6,8.2,94.5,0.635
699821d4e161b702e08a7ec2,42200142,1610612750,128.4,121.3,0.595,-8.2,94.5,0.634
699821d4e161b702e08a7ec3,42200152,1610612747,107.3,96.6,0.453,-9.4,95.5,0.493
699821d4e161b702e08a7ec4,42200102,1610612748,134,117.2,0.631,-15.5,103,0.648
699821d4e161b702e08a7ec5,42200132,1610612739,96.8,114.8,0.584,19.5,92.5,0.62
699821d4e161b702e08a7ec6,42200172,1610612756,114.7,129.3,0.647,14.7,95,0.675
699821d4e161b702e08a7ec7,42200112,1610612738,105,117.4,0.645,10.6,102,0.658
699821d4e161b702e08a7ec8,42200112,1610612737,115.5,104.4,0.505,-10.6,102,0.507
699821d4e161b702e08a7ec9,42200172,1610612746,129.5,112.8,0.506,-14.7,95,0.582
699821d4e161b702e08a7eca,42200132,1610612752,116.3,92.6,0.411,-19.5,92.5,0.488
699821d4e161b702e08a7ecb,42200122,1610612755,92.3,103.2,0.519,13.2,91,0.551
699821d4e161b702e08a7ecc,42200162,1610612758,102.9,106.8,0.505,7.8,103,0.544
699821d4e161b702e08a7ecd,42200162,1610612744,110.7,103,0.555,-7.8,103,0.589
699821d4e161b702e08a7ece,42200122,1610612751,105.5,91.8,0.456,-13.2,91,0.48
699821d4e161b702e08a7ecf,42200141,1610612743,86,111.8,0.544,28.7,94,0.559
699821d4e161b702e08a7ed0,42200151,1610612747,110.9,121.9,0.62,17.1,100.5,0.646
699821d4e161b702e08a7ed1,42200101,1610612748,114.7,123.5,0.685,14,101.5,0.697
699821d4e161b702e08a7ed2,42200171,1610612756,112.7,109.4,0.512,-5.9,102.5,0.57
699821d4e161b702e08a7ed3,42200171,1610612746,106.8,109.8,0.495,5.9,102.5,0.544
699821d4e161b702e08a7ed4,42200101,1610612749,128.7,110.7,0.555,-14,101.5,0.581
699821d4e161b702e08a7ed5,42200151,1610612763,128,109.8,0.545,-17.1,100.5,0.583
699821d4e161b702e08a7ed6,42200141,1610612750,114.7,84.2,0.438,-28.7,94,0.454
699821d4e161b702e08a7ed7,42200111,1610612738,96.1,111,0.551,11.6,103.5,0.584
699821d4e161b702e08a7ed8,42200121,1610612755,111,132.9,0.59,23.5,90.5,0.63
699821d4e161b702e08a7ed9,42200131,1610612752,102.1,104.5,0.466,4.2,95,0.517
699821d4e161b702e08a7eda,42200161,1610612744,120,114,0.567,-4,105.5,0.604
699821d4e161b702e08a7edb,42200161,1610612758,116,116.6,0.51,4,105.5,0.562
699821d4e161b702e08a7edc,42200131,1610612739,106.3,101.8,0.494,-4.2,95,0.526
699821d4e161b702e08a7edd,42200121,1610612751,134.4,110.3,0.65,-23.5,90.5,0.659
699821d4e161b702e08a7ede,42200111,1610612737,107.7,94.6,0.413,-11.6,103.5,0.46
699821d4e161b702e08a7edf,12200070,1610612758,78.9,121.2,0.596,43.1,109,0.623
699821d4e161b702e08a7ee0,12200065,1610612752,89.9,104.2,0.469,17.2,98.5,0.501
699821d4e161b702e08a7ee1,12200068,1610612742,96.2,108,0.547,13.3,105,0.578
699821d4e161b702e08a7ee2,12200069,1610612743,104.7,112.2,0.567,8.7,106,0.64
699821d4e161b702e08a7ee3,12200067,1610612740,106.7,115.3,0.537,8.7,104,0.571
699821d4e161b702e08a7ee4,12200063,1610612753,109.1,113.3,0.506,6.1,99,0.555
699821d4e161b702e08a7ee5,12200062,1610612745,116.3,117.7,0.586,6.9,98.5,0.631
699821d4e161b702e08a7ee6,12200064,1610612761,119.6,119.1,0.486,2.7,101.43,0.543
699821d4e161b702e08a7ee7,12200066,1610612751,94.4,100.6,0.5,9.3,108,0.558
699821d4e161b702e08a7ee8,12200066,1610612750,103.7,93.6,0.482,-9.3,108,0.526
699821d4e161b702e08a7ee9,12200064,1610612738,122.3,116.9,0.544,-2.7,101.43,0.617
699821d4e161b702e08a7eea,12200062,1610612754,123.2,114.5,0.505,-6.9,98.5,0.54
699821d4e161b702e08a7eeb,12200063,1610612739,115.2,110,0.546,-6.1,99,0.605
699821d4e161b702e08a7eec,12200067,1610612737,115.4,106.5,0.557,-8.7,104,0.577
699821d4e161b702e08a7eed,12200069,1610612744,113.3,101.4,0.489,-8.7,106,0.541
699821d4e161b702e08a7eee,12200068,1610612762,109.5,92.3,0.484,-13.3,105,0.513
699821d4e161b702e08a7eef,12200065,1610612764,107.1,86.6,0.437,-17.2,98.5,0.465
699821d4e161b702e08a7ef0,12200070,1610612747,122,77,0.407,-43.1,109,0.454
699821d4e161b702e08a7ef1,12200060,1610612763,101.8,111.8,0.49,13.8,109,0.535
699821d4e161b702e08a7ef2,12200061,1610612760,106.7,112,0.523,6.8,104.5,0.582
699821d4e161b702e08a7ef3,12200061,1610612759,113.5,106.7,0.494,-6.8,104.5,0.544
699821d4e161b702e08a7ef4,12200060,1610612765,115.6,97.9,0.466,-13.8,109,0.503
699821d4e161b702e08a7ef5,12200056,1610612751,97,107.3,0.565,10,100,0.571
699821d4e161b702e08a7ef6,12200055,1610612748,99,112.1,0.565,15.2,104.5,0.606
699821d4e161b702e08a7ef7,12200053,1610612754,97.1,105.3,0.529,8.7,103,0.564
699821d4e161b702e08a7ef8,12200058,1610612756,99.1,95.1,0.462,-1.9,106.5,0.551
699821d4e161b702e08a7ef9,12200052,1610612739,98,101.1,0.495,4.9,101.5,0.516
699821d4e161b702e08a7efa,12200059,1610612743,102.7,112.2,0.598,9.8,112,0.634
699821d4e161b702e08a7efb,12200057,1610612750,99.1,104.2,0.495,4.4,114,0.535
699821d4e161b702e08a7efc,12200054,1610612755,93.1,96.4,0.455,5,101,0.502
699821d4e161b702e08a7efd,12200054,1610612766,98,91.3,0.525,-5,101,0.541
699821d4e161b702e08a7efe,12200057,1610612747,103.5,98,0.506,-4.4,114,0.569
699821d4e161b702e08a7eff,12200059,1610612746,112.5,103.4,0.548,-9.8,112,0.598
699821d4e161b702e08a7f00,12200052,1610612737,102.9,99.9,0.409,-4.9,101.5,0.485
699821d4e161b702e08a7f01,12200058,1610612758,97.2,90.7,0.489,1.9,106.5,0.521
699821d4e161b702e08a7f02,12200053,1610612752,105.8,93.7,0.428,-8.7,103,0.469
699821d4e161b702e08a7f03,12200055,1610612740,114.3,95.3,0.433,-15.2,104.5,0.5
699821d4e161b702e08a7f04,12200056,1610612749,107,94,0.494,-10,100,0.532
699821d4e161b702e08a7f05,12200051,1610612744,99,127.9,0.592,32,99.5,0.633
699821d4e161b702e08a7f06,12200049,1610612741,100,123.2,0.585,22.1,104,0.61
699821d4e161b702e08a7f07,12200047,1610612760,99,110.8,0.599,16,100,0.607
699821d4e161b702e08a7f08,12200048,1610612753,101.9,103.9,0.548,3.9,103,0.593
699821d4e161b702e08a7f09,12200050,1610612759,100,105,0.54,6.7,104,0.568
699821d4e161b702e08a7f0a,12200050,1610612762,106.7,96.7,0.464,-6.7,104,0.479
699821d4e161b702e08a7f0b,12200048,1610612763,105.8,101.1,0.451,-3.9,103,0.505
699821d4e161b702e08a7f0c,12200047,1610612765,115,99.9,0.482,-16,100,0.52
699821d4e161b702e08a7f0d,12200049,1610612749,122.1,96.1,0.489,-22.1,104,0.514
699821d4e161b702e08a7f0e,12200051,1610612757,131,95.8,0.428,-32,99.5,0.494
699821d4e161b702e08a7f0f,12200043,1610612764,111.5,113.3,0.548,6.9,97,0.572
699821d4e161b702e08a7f10,12200044,1610612755,99,114.2,0.533,15.2,98.5,0.571
699821d4e161b702e08a7f11,12200045,1610612748,102.8,108.8,0.511,8.5,106.5,0.56
699821d4e161b702e08a7f12,12200046,1610612756,111.5,105.7,0.5,-2.1,96,0.557
699821d4e161b702e08a7f13,12200046,1610612743,109.4,107.2,0.518,2.1,96,0.547
699821d4e161b702e08a7f14,12200045,1610612745,111.3,100.5,0.538,-8.5,106.5,0.558
699821d4e161b702e08a7f15,12200044,1610612739,114.1,97.7,0.468,-15.2,98.5,0.514
699821d4e161b702e08a7f16,12200043,1610612766,118.4,107.6,0.494,-6.9,97,0.561
699821d4e161b702e08a7f17,12200038,1610612760,103.2,145.5,0.707,48.4,94.5,0.735
699821d4e161b702e08a7f18,12200041,1610612758,93.1,118.7,0.624,30.5,101.5,0.636
699821d4e161b702e08a7f19,12200037,1610612741,89.9,102.3,0.582,13.7,110,0.616
699821d4e161b702e08a7f1a,12200039,1610612740,89.8,101.5,0.522,12,108.5,0.559
699821d4e161b702e08a7f1b,12200040,1610612747,113.1,116,0.594,3.9,106.5,0.633
699821d4e161b702e08a7f1c,12200042,1610612750,108.3,107.1,0.563,1.9,108,0.588
699821d4e161b702e08a7f1d,12200042,1610612746,110.2,107.7,0.558,-1.9,108,0.611
699821d4e161b702e08a7f1e,12200040,1610612744,117,109,0.551,-3.9,106.5,0.588
699821d4e161b702e08a7f1f,12200039,1610612759,101.8,88.8,0.435,-12,108.5,0.474
699821d4e161b702e08a7f20,12200037,1610612761,103.6,90.2,0.396,-13.7,110,0.447
699821d4e161b702e08a7f21,12200041,1610612757,123.5,92.5,0.472,-30.5,101.5,0.549
699821d4e161b702e08a7f22,12200038,50009,151.6,101.1,0.494,-48.4,94.5,0.511
699821d4e161b702e08a7f23,12200036,1610612737,107.9,115.8,0.585,7.8,101.5,0.615
699821d4e161b702e08a7f24,12200036,1610612749,115.7,106.4,0.547,-7.8,101.5,0.61
699821d4e161b702e08a7f25,12200032,1610612745,96.2,110.2,0.506,12.3,105.5,0.562
699821d4e161b702e08a7f26,12200034,1610612740,96.2,101,0.494,5.7,105,0.535
699821d4e161b702e08a7f27,12200031,1610612741,113,131.1,0.693,19.3,99.5,0.72
699821d4e161b702e08a7f28,12200030,1610612752,108.6,117.1,0.525,15,105.5,0.585
699821d4e161b702e08a7f29,12200029,1610612738,99,106.2,0.545,9.7,103.5,0.58
699821d4e161b702e08a7f2a,12200035,1610612753,104,109.4,0.529,5,101,0.576
699821d4e161b702e08a7f2b,12200033,1610612763,106.7,105.1,0.52,-3.9,104.5,0.57
699821d4e161b702e08a7f2c,12200033,1610612748,102.9,105,0.529,3.9,104.5,0.574
699821d4e161b702e08a7f2d,12200035,1610612742,108.9,103.3,0.537,-5,101,0.579
699821d4e161b702e08a7f2e,12200029,1610612766,108.7,98.4,0.431,-9.7,103.5,0.461
699821d4e161b702e08a7f2f,12200030,1610612754,123.6,102.3,0.516,-15,105.5,0.551
699821d4e161b702e08a7f30,12200031,1610612743,132.3,108.4,0.545,-19.3,99.5,0.581
699821d4e161b702e08a7f31,12200034,1610612765,101.9,90.5,0.447,-5.7,105,0.512
699821d4e161b702e08a7f32,12200032,1610612761,108.4,93.7,0.47,-12.3,105.5,0.501
699821d4e161b702e08a7f33,12200027,1610612757,84.2,134.4,0.754,51.1,101.5,0.787
699821d4e161b702e08a7f34,12200024,1610612748,80,105.8,0.489,29,100,0.514
699821d4e161b702e08a7f35,12200025,1610612760,99,134,0.65,33.3,99,0.706
699821d4e161b702e08a7f36,12200028,1610612750,88.4,100.5,0.495,14.3,111.5,0.536
699821d4e161b702e08a7f37,12200023,1610612737,110.8,119,0.587,9.8,102,0.626
699821d4e161b702e08a7f38,12200026,1610612753,97.1,100.1,0.5,2.9,102,0.549
699821d4e161b702e08a7f39,12200026,1610612759,100,95.7,0.533,-2.9,102,0.566
699821d4e161b702e08a7f3a,12200023,1610612749,120.6,107.4,0.495,-9.8,102,0.532
699821d4e161b702e08a7f3b,12200028,1610612747,102.7,87.5,0.397,-14.3,111.5,0.449
699821d4e161b702e08a7f3c,12200025,15019,132.3,97.3,0.434,-33.3,99,0.455
699821d4e161b702e08a7f3d,12200024,1610612751,109,81.1,0.426,-29,100,0.478
699821d4e161b702e08a7f3e,12200027,50009,135.3,81.3,0.395,-51.1,101.5,0.445
699821d4e161b702e08a7f3f,12200018,1610612754,86.6,104.4,0.516,21.4,112.5,0.582
699821d4e161b702e08a7f40,12200019,1610612755,105.7,104.6,0.526,2,105.5,0.548
699821d4e161b702e08a7f41,12200020,1610612761,109.2,109.6,0.491,3.4,99.62,0.521
699821d4e161b702e08a7f42,12200022,1610612747,110.2,102.3,0.506,-5.6,109,0.567
699821d4e161b702e08a7f43,12200021,1610612742,91.4,94.2,0.506,1.9,105,0.55
699821d4e161b702e08a7f44,12200021,1610612760,93.3,91.5,0.438,-1.9,105,0.505
699821d4e161b702e08a7f45,12200022,1610612756,104.5,103.9,0.433,5.6,109,0.498
699821d4e161b702e08a7f46,12200020,1610612738,112.6,107,0.525,-3.4,99.62,0.55
699821d4e161b702e08a7f47,12200019,1610612739,107.6,103.4,0.538,-2,105.5,0.564
699821d4e161b702e08a7f48,12200018,1610612766,108,85.2,0.391,-21.4,112.5,0.434
699821d4e161b702e08a7f49,12200014,1610612752,93.2,112.9,0.589,21.5,102.5,0.606
699821d4e161b702e08a7f4a,12200017,1610612762,100,116.5,0.574,18,100.5,0.606
699821d4e161b702e08a7f4b,12200015,1610612750,109.9,114.8,0.594,9.9,101,0.634
699821d4e161b702e08a7f4c,12200016,1610612740,109.6,111.4,0.554,2.5,114.5,0.593
699821d4e161b702e08a7f4d,12200016,1610612741,112.2,105.1,0.534,-2.5,114.5,0.601
699821d4e161b702e08a7f4e,12200015,1610612748,119.8,105.8,0.48,-9.9,101,0.524
699821d4e161b702e08a7f4f,12200017,1610612757,118,98.3,0.512,-18,100.5,0.539
699821d4e161b702e08a7f50,12200014,1610612765,114.7,91.3,0.488,-21.5,102.5,0.527
699821d4e161b702e08a7f51,12200012,1610612758,74.3,101.6,0.451,28.7,101.5,0.471
699821d4e161b702e08a7f52,12200010,1610612763,89.8,94.8,0.5,11.1,108,0.562
699821d4e161b702e08a7f53,12200009,1610612755,99.1,112.4,0.477,16.4,109.5,0.534
699821d4e161b702e08a7f54,12200011,1610612760,98.1,108.7,0.565,9.6,103.5,0.589
699821d4e161b702e08a7f55,12200013,1610612757,102,95.7,0.449,-5,100,0.519
699821d4e161b702e08a7f56,12200013,1610612746,97,100.5,0.475,5,100,0.534
699821d4e161b702e08a7f57,12200011,1610612743,107.7,95.2,0.467,-9.6,103.5,0.504
699821d4e161b702e08a7f58,12200009,1610612751,115.5,96.5,0.532,-16.4,109.5,0.581
699821d4e161b702e08a7f59,12200010,1610612753,100.9,86.8,0.494,-11.1,108,0.512
699821d4e161b702e08a7f5a,12200012,1610612747,102.9,70.7,0.357,-28.7,101.5,0.412
699821d4e161b702e08a7f5b,12200005,1610612738,85.3,122,0.702,38.8,108.5,0.722
699821d4e161b702e08a7f5c,12200006,1610612761,74.5,104.7,0.552,28.2,110.5,0.576
699821d4e161b702e08a7f5d,12200007,1610612745,88.9,120,0.629,35.2,108,0.628
699821d4e161b702e08a7f5e,12200004,1610612744,95,102,0.554,9,100,0.572
699821d4e161b702e08a7f5f,12200008,15019,115.9,125.5,0.699,9.3,107,0.73
699821d4e161b702e08a7f60,12200008,1610612756,125.2,111.6,0.536,-9.3,107,0.573
699821d4e161b702e08a7f61,12200004,1610612764,104,92.1,0.4,-9,100,0.484
699821d4e161b702e08a7f62,12200007,1610612759,124.1,89.1,0.414,-35.2,108,0.454
699821d4e161b702e08a7f63,12200006,1610612762,102.7,72.3,0.375,-28.2,110.5,0.396
699821d4e161b702e08a7f64,12200005,1610612766,124.1,84.3,0.371,-38.8,108.5,0.41
699821d4e161b702e08a7f65,12200003,1610612763,100,105.1,0.558,5.9,101.5,0.596
699821d4e161b702e08a7f66,12200003,1610612749,105.9,100.8,0.506,-5.9,101.5,0.535
699821d4e161b702e08a7f67,12200002,1610612746,77.1,115.3,0.591,40.3,104,0.631
699821d4e161b702e08a7f68,12200001,1610612744,82.9,92.7,0.411,7.7,105.5,0.497
699821d4e161b702e08a7f69,12200001,1610612764,90.6,83.5,0.405,-7.7,105.5,0.448
699821d4e161b702e08a7f6a,12200002,50009,117.5,78.9,0.347,-40.3,104,0.411
699821d4e161b702e08a7f6b,52200211,1610612750,92.2,117.1,0.596,25.4,102.5,0.635
699821d4e161b702e08a7f6c,52200201,1610612748,98.9,107.3,0.474,9.6,93,0.554
699821d4e161b702e08a7f6d,52200201,1610612741,108.5,96.2,0.488,-9.6,93,0.514
699821d4e161b702e08a7f6e,52200211,1610612760,117.6,91.5,0.433,-25.4,102.5,0.486
699821d4e161b702e08a7f6f,52200111,1610612741,108.2,110.5,0.529,5.3,96.5,0.57
699821d4e161b702e08a7f70,52200131,1610612740,128.1,121.4,0.534,-5.2,96,0.589
699821d4e161b702e08a7f71,52200131,1610612760,122.9,122.9,0.516,5.2,96,0.58
699821d4e161b702e08a7f72,52200111,1610612761,113.5,102.1,0.5,-5.3,96.5,0.511
699821d4e161b702e08a7f73,52200101,1610612737,106.1,118.5,0.521,12.3,98.5,0.538
699821d4e161b702e08a7f74,52200121,1610612747,96.2,96.8,0.467,4.7,96.45,0.527
699821d4e161b702e08a7f75,52200121,1610612750,100.9,93.1,0.53,-4.7,96.45,0.569
699821d4e161b702e08a7f76,52200101,1610612748,118.4,103.1,0.489,-12.3,98.5,0.526
699821d4e161b702e08a7f77,42300405,1610612738,98.9,115.5,0.5,20.2,89,0.542
699821d4e161b702e08a7f78,42300405,1610612742,119.1,98.1,0.519,-20.2,89,0.526
699821d4e161b702e08a7f79,42300404,1610612742,87.5,126.2,0.588,39.6,96,0.606
699821d4e161b702e08a7f7a,42300404,1610612738,127.1,87.8,0.45,-39.6,96,0.49
699821d4e161b702e08a7f7b,42300403,1610612738,106.5,116.3,0.567,8.8,92.5,0.601
699821d4e161b702e08a7f7c,42300403,1610612742,115.2,104.2,0.494,-8.8,92.5,0.532
699821d4e161b702e08a7f7d,42300402,1610612738,105.4,111.9,0.512,5.1,94,0.566
699821d4e161b702e08a7f7e,42300402,1610612742,110.5,101.5,0.513,-5.1,94,0.541
699821d4e161b702e08a7f7f,42300401,1610612738,94.7,113.4,0.573,20.4,93.5,0.592
699821d4e161b702e08a7f80,42300401,1610612742,115.1,95.3,0.458,-20.4,93.5,0.482
699821d4e161b702e08a7f81,42300315,1610612742,105.1,126.4,0.637,22.7,97.5,0.659
699821d4e161b702e08a7f82,42300315,1610612750,127.8,103.8,0.483,-22.7,97.5,0.524
699821d4e161b702e08a7f83,42300314,1610612750,107.5,111.7,0.601,5.4,93,0.618
699821d4e161b702e08a7f84,42300314,1610612742,112.9,106.1,0.506,-5.4,93,0.554
699821d4e161b702e08a7f85,42300304,1610612738,108.5,109.2,0.528,3.2,94,0.552
699821d4e161b702e08a7f86,42300304,1610612754,111.7,107.3,0.517,-3.2,94,0.542
699821d4e161b702e08a7f87,42300313,1610612742,117.6,130.9,0.662,9.9,91,0.71
699821d4e161b702e08a7f88,42300313,1610612750,127.5,115.7,0.559,-9.9,91,0.579
699821d4e161b702e08a7f89,42300303,1610612754,121.3,111.9,0.533,-4.4,94.5,0.571
699821d4e161b702e08a7f8a,42300303,1610612738,116.8,119.4,0.566,4.4,94.5,0.604
699821d4e161b702e08a7f8b,42300312,1610612742,114.9,117.6,0.56,-0.2,94.5,0.582
699821d4e161b702e08a7f8c,42300312,1610612750,114.7,112.4,0.482,0.2,94.5,0.545
699821d4e161b702e08a7f8d,42300302,1610612738,118.3,131.5,0.619,15.8,93.5,0.651
699821d4e161b702e08a7f8e,42300302,1610612754,134,115.7,0.589,-15.8,93.5,0.604
699821d4e161b702e08a7f8f,42300311,1610612742,110.5,111.9,0.529,3.2,95,0.572
699821d4e161b702e08a7f90,42300311,1610612750,113.7,108.3,0.528,-3.2,95,0.542
699821d4e161b702e08a7f91,42300301,1610612738,115.3,116.5,0.551,2.4,101.43,0.593
699821d4e161b702e08a7f92,42300301,1610612754,117.7,110.9,0.601,-2.4,101.43,0.619
699821d4e161b702e08a7f93,42300217,1610612754,118.5,139.7,0.753,22.8,92,0.755
699821d4e161b702e08a7f94,42300237,1610612750,102.3,108.6,0.456,7.8,88.5,0.531
699821d4e161b702e08a7f95,42300237,1610612743,110.1,101.1,0.458,-7.8,88.5,0.5
699821d4e161b702e08a7f96,42300217,1610612752,141.3,111.4,0.5,-22.8,92,0.563
699821d4e161b702e08a7f97,42300226,1610612742,120.8,121.2,0.61,2.3,95.5,0.632
699821d4e161b702e08a7f98,42300226,1610612760,123.2,113.2,0.56,-2.3,95.5,0.583
699821d4e161b702e08a7f99,42300216,1610612754,117,126.5,0.588,13.3,88.5,0.6
699821d4e161b702e08a7f9a,42300216,1610612752,130.3,115.2,0.518,-13.3,88.5,0.551
699821d4e161b702e08a7f9b,42300236,1610612750,76.1,125.6,0.552,46.3,93,0.595
699821d4e161b702e08a7f9c,42300236,1610612743,122.3,74.3,0.343,-46.3,93,0.38
699821d4e161b702e08a7f9d,42300205,1610612738,112.6,128,0.644,17.2,87,0.663
699821d4e161b702e08a7f9e,42300225,1610612742,104.5,119.9,0.618,12.3,88.5,0.636
699821d4e161b702e08a7f9f,42300225,1610612760,116.9,101.8,0.483,-12.3,88.5,0.503
699821d4e161b702e08a7fa0,42300205,1610612739,129.9,111,0.563,-17.2,87,0.581
699821d4e161b702e08a7fa1,42300215,1610612752,98.9,123,0.525,29.8,93,0.553
699821d4e161b702e08a7fa2,42300235,1610612743,106.6,121.8,0.606,15.1,91.5,0.637
699821d4e161b702e08a7fa3,42300235,1610612750,121.7,105,0.538,-15.1,91.5,0.562
699821d4e161b702e08a7fa4,42300215,1610612754,128.7,96.1,0.514,-29.8,93,0.557
699821d4e161b702e08a7fa5,42300204,1610612738,110.9,116.5,0.564,7.6,92,0.615
699821d4e161b702e08a7fa6,42300224,1610612760,101.1,101.5,0.418,2,96,0.488
699821d4e161b702e08a7fa7,42300224,1610612742,103.1,95.9,0.477,-2,96,0.489
699821d4e161b702e08a7fa8,42300204,1610612739,118.5,105.1,0.516,-7.6,92,0.525
699821d4e161b702e08a7fa9,42300214,1610612754,92.7,125.4,0.648,32,96.5,0.661
699821d4e161b702e08a7faa,42300234,1610612743,113.8,124.2,0.652,9.8,93.5,0.672
699821d4e161b702e08a7fab,42300234,1610612750,123.7,115.2,0.543,-9.8,93.5,0.57
699821d4e161b702e08a7fac,42300214,1610612752,124.7,88.4,0.376,-32,96.5,0.434
699821d4e161b702e08a7fad,42300203,1610612738,104.5,118.9,0.594,16,88.5,0.615
699821d4e161b702e08a7fae,42300223,1610612760,108.2,103.7,0.531,-4.1,97,0.565
699821d4e161b702e08a7faf,42300223,1610612742,104.1,104,0.489,4.1,97,0.515
699821d4e161b702e08a7fb0,42300203,1610612739,120.5,104,0.5,-16,88.5,0.526
699821d4e161b702e08a7fb1,42300233,1610612743,97.8,127.5,0.625,28,92.5,0.659
699821d4e161b702e08a7fb2,42300213,1610612754,114,118.2,0.539,6.7,92.5,0.573
699821d4e161b702e08a7fb3,42300213,1610612752,120.7,114.4,0.563,-6.7,92.5,0.591
699821d4e161b702e08a7fb4,42300233,1610612750,125.8,96.8,0.507,-28,92.5,0.549
699821d4e161b702e08a7fb5,42300202,1610612739,102.2,120.4,0.622,26.1,92,0.634
699821d4e161b702e08a7fb6,42300222,1610612742,115.8,120.7,0.567,6.9,96,0.592
699821d4e161b702e08a7fb7,42300222,1610612760,122.7,111.7,0.528,-6.9,96,0.57
699821d4e161b702e08a7fb8,42300202,1610612738,128.3,102.7,0.463,-26.1,92,0.519
699821d4e161b702e08a7fb9,42300212,1610612752,131.5,137.3,0.651,9.8,92,0.679
699821d4e161b702e08a7fba,42300212,1610612754,141.3,126.7,0.597,-9.8,92,0.602
699821d4e161b702e08a7fbb,42300221,1610612760,100,121.5,0.539,21.9,95.5,0.577
699821d4e161b702e08a7fbc,42300201,1610612738,102.2,127.4,0.587,28.3,92.5,0.611
699821d4e161b702e08a7fbd,42300201,1610612739,130.4,101.4,0.472,-28.3,92.5,0.496
699821d4e161b702e08a7fbe,42300221,1610612742,121.9,95,0.464,-21.9,95.5,0.5
699821d4e161b702e08a7fbf,42300232,1610612750,87.9,115,0.577,28.6,91,0.588
699821d4e161b702e08a7fc0,42300211,1610612752,119.4,120.5,0.604,4.1,98,0.647
699821d4e161b702e08a7fc1,42300211,1610612754,123.5,120.2,0.58,-4.1,98,0.607
699821d4e161b702e08a7fc2,42300232,1610612743,116.5,87,0.404,-28.6,91,0.44
699821d4e161b702e08a7fc3,42300137,1610612739,93.1,107.2,0.494,12.9,100.5,0.571
699821d4e161b702e08a7fc4,42300137,1610612753,106,95.7,0.395,-12.9,100.5,0.474
699821d4e161b702e08a7fc5,42300231,1610612750,107.6,112.4,0.591,7.6,92,0.607
699821d4e161b702e08a7fc6,42300231,1610612743,115.2,106.7,0.553,-7.6,92,0.591
699821d4e161b702e08a7fc7,42300176,1610612742,112.2,127.3,0.554,14.4,90,0.584
699821d4e161b702e08a7fc8,42300136,1610612753,99,103.6,0.455,6.1,97.5,0.513
699821d4e161b702e08a7fc9,42300136,1610612739,105.1,97.6,0.529,-6.1,97.5,0.531
699821d4e161b702e08a7fca,42300176,1610612746,126.7,110.9,0.463,-14.4,90,0.526
699821d4e161b702e08a7fcb,42300126,1610612754,105.4,124.4,0.618,23.7,93,0.649
699821d4e161b702e08a7fcc,42300116,1610612752,126.4,127.5,0.538,3.3,91,0.57
699821d4e161b702e08a7fcd,42300116,1610612755,129.7,123.5,0.534,-3.3,91,0.592
699821d4e161b702e08a7fce,42300126,1610612749,129,104.2,0.464,-23.7,93,0.505
699821d4e161b702e08a7fcf,42300105,1610612738,88.4,123.1,0.649,35.8,95,0.664
699821d4e161b702e08a7fd0,42300175,1610612742,98.9,127.1,0.621,31.9,94,0.642
699821d4e161b702e08a7fd1,42300175,1610612746,130.9,95.6,0.431,-31.9,94,0.483
699821d4e161b702e08a7fd2,42300105,1610612748,124.2,88.1,0.431,-35.8,95,0.46
699821d4e161b702e08a7fd3,42300125,1610612749,102.2,123.9,0.589,28.5,89,0.62
699821d4e161b702e08a7fd4,42300115,1610612755,103.9,107.3,0.544,7,91.92,0.564
699821d4e161b702e08a7fd5,42300135,1610612753,107.2,105.4,0.519,0.1,96.5,0.567
699821d4e161b702e08a7fd6,42300135,1610612739,107.3,105.7,0.506,-0.1,96.5,0.54
699821d4e161b702e08a7fd7,42300115,1610612752,110.9,100.4,0.523,-7,91.92,0.549
699821d4e161b702e08a7fd8,42300125,1610612754,130.7,102.5,0.519,-28.5,89,0.53
699821d4e161b702e08a7fd9,42300104,1610612738,94.6,108.6,0.5,13.9,93.5,0.543
699821d4e161b702e08a7fda,42300144,1610612760,89.9,98.4,0.5,9.1,98.5,0.524
699821d4e161b702e08a7fdb,42300155,1610612747,116.1,112.9,0.524,-4.6,94,0.553
699821d4e161b702e08a7fdc,42300155,1610612743,111.6,110.2,0.562,4.6,94,0.581
699821d4e161b702e08a7fdd,42300144,1610612740,99,88.3,0.424,-9.1,98.5,0.474
699821d4e161b702e08a7fde,42300104,1610612748,108.5,89.5,0.459,-13.9,93.5,0.482
699821d4e161b702e08a7fdf,42300124,1610612754,117.7,126.1,0.64,10.9,97,0.65
699821d4e161b702e08a7fe0,42300114,1610612752,101.1,102.7,0.471,5.5,91,0.498
699821d4e161b702e08a7fe1,42300174,1610612746,116.8,120.9,0.65,9.2,93.5,0.66
699821d4e161b702e08a7fe2,42300164,1610612750,127.5,124.9,0.545,3.7,92,0.594
699821d4e161b702e08a7fe3,42300164,1610612756,131.2,126.3,0.581,-3.7,92,0.646
699821d4e161b702e08a7fe4,42300174,1610612742,126.1,116.8,0.562,-9.2,93.5,0.603
699821d4e161b702e08a7fe5,42300114,1610612755,106.6,97.1,0.409,-5.5,91,0.485
699821d4e161b702e08a7fe6,42300124,1610612749,128.6,115.1,0.578,-10.9,97,0.588
699821d4e161b702e08a7fe7,42300143,1610612760,86.7,110.7,0.584,21.4,98,0.597
699821d4e161b702e08a7fe8,42300103,1610612738,97.7,119.2,0.543,24.7,85.5,0.57
699821d4e161b702e08a7fe9,42300134,1610612753,93.7,117.4,0.636,26.7,94,0.656
699821d4e161b702e08a7fea,42300154,1610612747,105.9,114.5,0.565,9.7,102.5,0.595
699821d4e161b702e08a7feb,42300154,1610612743,115.5,104.9,0.5,-9.7,102.5,0.551
699821d4e161b702e08a7fec,42300134,1610612739,120.4,94.4,0.5,-26.7,94,0.548
699821d4e161b702e08a7fed,42300103,1610612748,122.4,97.5,0.474,-24.7,85.5,0.505
699821d4e161b702e08a7fee,42300143,1610612740,108.2,84.9,0.435,-21.4,98,0.471
699821d4e161b702e08a7fef,42300173,1610612742,101.1,109.4,0.506,11.1,89.5,0.535
699821d4e161b702e08a7ff0,42300163,1610612750,112.4,126.5,0.569,13.6,98.5,0.626
699821d4e161b702e08a7ff1,42300123,1610612754,119.2,115.7,0.49,4.3,89.21,0.524
699821d4e161b702e08a7ff2,42300123,1610612749,123.5,117,0.523,-4.3,89.21,0.591
699821d4e161b702e08a7ff3,42300163,1610612756,126,114.6,0.533,-13.6,98.5,0.605
699821d4e161b702e08a7ff4,42300173,1610612746,112.2,100.2,0.529,-11.1,89.5,0.571
699821d4e161b702e08a7ff5,42300133,1610612753,91.2,128.7,0.582,43.2,90.5,0.611
699821d4e161b702e08a7ff6,42300113,1610612755,123.9,135.1,0.647,13.4,91.5,0.698
699821d4e161b702e08a7ff7,42300153,1610612743,106.1,113.5,0.517,9.4,98,0.562
699821d4e161b702e08a7ff8,42300153,1610612747,115.5,108.8,0.517,-9.4,98,0.539
699821d4e161b702e08a7ff9,42300113,1610612752,137.4,118.3,0.561,-13.4,91.5,0.58
699821d4e161b702e08a7ffa,42300133,1610612739,134.4,85.8,0.439,-43.2,90.5,0.473
699821d4e161b702e08a7ffb,42300142,1610612760,100,136.6,0.679,31.9,93,0.714
699821d4e161b702e08a7ffc,42300102,1610612748,107.4,119.5,0.647,9.4,94.5,0.669
699821d4e161b702e08a7ffd,42300102,1610612738,116.8,104.9,0.538,-9.4,94.5,0.566
699821d4e161b702e08a7ffe,42300142,1610612740,131.9,99.7,0.5,-31.9,93,0.559
699821d4e161b702e08a7fff,42300162,1610612750,98.9,110.3,0.506,12.8,94,0.576
699821d4e161b702e08a8000,42300122,1610612754,117.4,131.4,0.644,17,92.5,0.65
699821d4e161b702e08a8001,42300172,1610612742,101.1,105.6,0.513,3.3,92,0.546
699821d4e161b702e08a8002,42300172,1610612746,104.3,99.5,0.414,-3.3,92,0.472
699821d4e161b702e08a8003,42300122,1610612749,134.4,113.4,0.517,-17,92.5,0.567
699821d4e161b702e08a8004,42300162,1610612756,111.7,97.5,0.5,-12.8,94,0.538
699821d4e161b702e08a8005,42300132,1610612739,90.5,102.7,0.488,10.5,95,0.514
699821d4e161b702e08a8006,42300152,1610612743,105.3,105.8,0.489,3.3,93.5,0.529
699821d4e161b702e08a8007,42300112,1610612752,109.8,107.1,0.467,3.3,92,0.514
699821d4e161b702e08a8008,42300112,1610612755,113,106.7,0.506,-3.3,92,0.539
699821d4e161b702e08a8009,42300152,1610612747,108.6,104.5,0.571,-3.3,93.5,0.591
699821d4e161b702e08a800a,42300132,1610612753,101.1,88.3,0.419,-10.5,95,0.47
699821d4e161b702e08a800b,42300101,1610612738,105.6,126.6,0.61,21,89.5,0.64
699821d4e161b702e08a800c,42300121,1610612749,97.9,109.3,0.552,13.3,97,0.588
699821d4e161b702e08a800d,42300171,1610612746,104.3,112.7,0.563,12.9,93,0.588
699821d4e161b702e08a800e,42300141,1610612760,97.9,98.2,0.494,2.1,94,0.518
699821d4e161b702e08a800f,42300141,1610612740,100,95.9,0.443,-2.1,94,0.46
699821d4e161b702e08a8010,42300171,1610612742,117.2,102.6,0.45,-12.9,93,0.513
699821d4e161b702e08a8011,42300121,1610612754,111.2,94.7,0.44,-13.3,97,0.469
699821d4e161b702e08a8012,42300101,1610612748,126.7,104.9,0.543,-21,89.5,0.562
699821d4e161b702e08a8013,42300131,1610612739,86.5,98.7,0.494,14.6,96,0.537
699821d4e161b702e08a8014,42300161,1610612750,99,120.4,0.568,24.8,96.5,0.614
699821d4e161b702e08a8015,42300111,1610612752,116.9,120.2,0.484,7.9,89,0.537
699821d4e161b702e08a8016,42300151,1610612743,109.6,119.2,0.534,11.7,94,0.545
699821d4e161b702e08a8017,42300151,1610612747,121.3,110.3,0.544,-11.7,94,0.59
699821d4e161b702e08a8018,42300111,1610612755,124.7,112.2,0.519,-7.9,89,0.573
699821d4e161b702e08a8019,42300161,1610612756,123.7,96.9,0.5,-24.8,96.5,0.552
699821d4e161b702e08a801a,42300131,1610612753,101,82.8,0.372,-14.6,96,0.418
699821d4e161b702e08a801b,12300067,1610612753,81.7,117,0.582,34.2,93.5,0.632
699821d4e161b702e08a801c,12300069,1610612761,93.3,123.1,0.6,34.3,105,0.627
699821d4e161b702e08a801d,12300070,1610612742,98.1,107.4,0.522,10.5,105.5,0.564
699821d4e161b702e08a801e,12300068,1610612755,101.9,117.3,0.619,13.5,104,0.65
699821d4e161b702e08a801f,12300066,1610612754,93.7,95.3,0.518,4.5,111,0.566
699821d4e161b702e08a8020,12300071,1610612745,99,103.5,0.483,4.7,105.5,0.543
699821d4e161b702e08a8021,12300072,1610612749,111.5,114.8,0.556,7.7,104,0.569
699821d4e161b702e08a8022,12300073,1610612759,112.5,110.3,0.525,4.8,104,0.547
699821d4e161b702e08a8023,12300073,1610612744,117.3,111.4,0.527,-4.8,104,0.563
699821d4e161b702e08a8024,12300072,1610612763,119.2,108.9,0.562,-7.7,104,0.583
699821d4e161b702e08a8025,12300071,1610612748,103.8,96.5,0.519,-4.7,105.5,0.567
699821d4e161b702e08a8026,12300066,1610612739,98.2,90.6,0.484,-4.5,111,0.516
699821d4e161b702e08a8027,12300068,1610612737,115.4,100.6,0.524,-13.5,104,0.556
699821d4e161b702e08a8028,12300070,1610612765,108.6,96.3,0.466,-10.5,105.5,0.477
699821d4e161b702e08a8029,12300069,1610612764,127.6,93.6,0.422,-34.3,105,0.464
699821d4e161b702e08a802a,12300067,12325,116,82.3,0.479,-34.2,93.5,0.497
699821d4e161b702e08a802b,12300060,1610612738,91.7,113.9,0.552,24.8,108.5,0.565
699821d4e161b702e08a802c,12300063,1610612756,95.2,112.6,0.543,23,104.5,0.579
699821d4e161b702e08a802d,12300064,1610612743,90,102.9,0.506,13,100,0.547
699821d4e161b702e08a802e,12300061,1610612750,102.9,110,0.617,9.9,101.5,0.658
699821d4e161b702e08a802f,12300065,1610612758,108.7,111,0.537,2.9,104,0.566
699821d4e161b702e08a8030,12300062,1610612765,101.8,106.2,0.538,3.6,113,0.607
699821d4e161b702e08a8031,12300062,1610612760,105.4,103.5,0.528,-3.6,113,0.557
699821d4e161b702e08a8032,12300065,1610612762,111.5,104.6,0.51,-2.9,104,0.518
699821d4e161b702e08a8033,12300061,1610612741,112.9,105.1,0.5,-9.9,101.5,0.565
699821d4e161b702e08a8034,12300064,1610612746,103,87.9,0.43,-13,100,0.462
699821d4e161b702e08a8035,12300063,1610612747,118.3,96.3,0.533,-23,104.5,0.569
699821d4e161b702e08a8036,12300060,1610612766,116.5,87.3,0.443,-24.8,108.5,0.498
699821d4e161b702e08a8037,12300057,1610612764,101,123.4,0.618,25,104.5,0.661
699821d4e161b702e08a8038,12300058,1610612759,93.6,105.4,0.548,12.7,110,0.597
699821d4e161b702e08a8039,12300059,1610612744,108.5,105.8,0.602,0.9,106,0.613
699821d4e161b702e08a803a,12300056,1610612751,103,105.5,0.5,4,100.5,0.555
699821d4e161b702e08a803b,12300056,1610612748,107,99.3,0.474,-4,100.5,0.501
699821d4e161b702e08a803c,12300059,1610612758,109.4,105.9,0.527,-0.9,106,0.555
699821d4e161b702e08a803d,12300058,1610612745,106.4,92.5,0.391,-12.7,110,0.462
699821d4e161b702e08a803e,12300057,1610612752,126,103.7,0.511,-25,104.5,0.524
699821d4e161b702e08a803f,12300053,1610612760,95.3,114.3,0.671,22.8,105.5,0.67
699821d4e161b702e08a8040,12300054,1610612750,112.1,133.8,0.658,25.9,99.5,0.676
699821d4e161b702e08a8041,12300055,1610612746,106.2,119.8,0.622,11,98,0.639
699821d4e161b702e08a8042,12300050,1610612740,92.9,104.4,0.534,12.1,99,0.556
699821d4e161b702e08a8043,12300052,1610612761,97.1,101.2,0.487,4.8,104.5,0.554
699821d4e161b702e08a8044,12300051,1610612738,113.4,120.8,0.588,13.4,97,0.616
699821d4e161b702e08a8045,12300051,1610612752,126.8,113.6,0.54,-13.4,97,0.568
699821d4e161b702e08a8046,12300052,1610612741,101.9,93.7,0.489,-4.8,104.5,0.511
699821d4e161b702e08a8047,12300050,1610612753,105.1,92.4,0.494,-12.1,99,0.508
699821d4e161b702e08a8048,12300055,1610612743,117.2,102.4,0.477,-11,98,0.523
699821d4e161b702e08a8049,12300054,50009,138,109.9,0.495,-25.9,99.5,0.544
699821d4e161b702e08a804a,12300053,1610612749,118.1,92.6,0.495,-22.8,105.5,0.51
699821d4e161b702e08a804b,12300045,1610612739,86.4,115.3,0.611,30.1,103,0.658
699821d4e161b702e08a804c,12300048,1610612762,92.2,110,0.577,18.5,102.5,0.608
699821d4e161b702e08a804d,12300047,1610612745,86.4,93.6,0.465,8.8,103.5,0.506
699821d4e161b702e08a804e,12300049,1610612756,97.2,105,0.494,11.1,108.5,0.566
699821d4e161b702e08a804f,12300044,1610612754,113.1,116.1,0.593,4,99,0.618
699821d4e161b702e08a8050,12300046,1610612755,110.2,111.7,0.518,6.3,108.5,0.53
699821d4e161b702e08a8051,12300046,1610612751,116.5,104.2,0.586,-6.3,108.5,0.632
699821d4e161b702e08a8052,12300044,1610612737,117.2,109.9,0.554,-4,99,0.59
699821d4e161b702e08a8053,12300049,1610612757,108.3,92.7,0.5,-11.1,108.5,0.523
699821d4e161b702e08a8054,12300047,1610612759,95.2,83.3,0.431,-8.8,103.5,0.45
699821d4e161b702e08a8055,12300048,15020,110.7,91.5,0.459,-18.5,102.5,0.542
699821d4e161b702e08a8056,12300045,50009,116.5,82.3,0.416,-30.1,103,0.44
699821d4e161b702e08a8057,12300040,1610612761,86.9,126.2,0.585,39.5,106.5,0.625
699821d4e161b702e08a8058,12300042,1610612743,110.9,121,0.622,13.9,92.5,0.646
699821d4e161b702e08a8059,12300039,1610612748,122.8,127,0.643,9.2,100.5,0.667
699821d4e161b702e08a805a,12300041,1610612749,93.3,102.9,0.489,11.6,103.5,0.529
699821d4e161b702e08a805b,12300038,1610612766,111.7,115.1,0.591,1.9,103,0.599
699821d4e161b702e08a805c,12300043,1610612744,109.5,113.6,0.494,3.6,96,0.574
699821d4e161b702e08a805d,12300043,1610612758,113.1,105,0.542,-3.6,96,0.561
699821d4e161b702e08a805e,12300038,1610612760,113.6,111,0.533,-1.9,103,0.566
699821d4e161b702e08a805f,12300041,1610612747,104.9,90.8,0.428,-11.6,103.5,0.476
699821d4e161b702e08a8060,12300039,1610612763,132,120,0.567,-9.2,100.5,0.612
699821d4e161b702e08a8061,12300042,1610612741,124.7,109.4,0.511,-13.9,92.5,0.524
699821d4e161b702e08a8062,12300040,15022,126.4,84.4,0.447,-39.5,106.5,0.46
699821d4e161b702e08a8063,12300037,1610612762,124.3,128.5,0.669,4.7,107,0.739
699821d4e161b702e08a8064,12300036,1610612750,112,119.1,0.625,7.8,100.5,0.64
699821d4e161b702e08a8065,12300035,1610612737,100,100.2,0.528,2.8,106,0.568
699821d4e161b702e08a8066,12300035,1610612740,102.8,97.9,0.562,-2.8,106,0.582
699821d4e161b702e08a8067,12300036,1610612752,119.8,109.6,0.556,-7.8,100.5,0.601
699821d4e161b702e08a8068,12300037,1610612757,129,120.5,0.588,-4.7,107,0.603
699821d4e161b702e08a8069,12300033,1610612759,104,121.2,0.63,14.8,100.5,0.652
699821d4e161b702e08a806a,12300034,1610612744,112.6,114.7,0.612,3.6,111,0.642
699821d4e161b702e08a806b,12300034,1610612747,116.2,113.3,0.6,-3.6,111,0.617
699821d4e161b702e08a806c,12300033,1610612748,118.8,99.4,0.5,-14.8,100.5,0.522
699821d4e161b702e08a806d,12300031,1610612745,83.7,110.9,0.605,29.6,105,0.63
699821d4e161b702e08a806e,12300029,1610612751,100,129.7,0.596,33.7,102,0.619
699821d4e161b702e08a806f,12300032,1610612756,109.9,116.1,0.598,12.1,100.5,0.628
699821d4e161b702e08a8070,12300026,1610612753,104,103,0.512,3,101,0.563
699821d4e161b702e08a8071,12300030,1610612741,106.9,114.7,0.518,9.8,95.17,0.555
699821d4e161b702e08a8072,12300025,1610612764,85.2,87.6,0.395,4.7,108.5,0.458
699821d4e161b702e08a8073,12300027,1610612765,119,122.3,0.632,4,104.5,0.662
699821d4e161b702e08a8074,12300028,1610612763,96.3,93.3,0.506,-1.8,107.5,0.524
699821d4e161b702e08a8075,12300028,1610612737,94.4,93.4,0.527,1.8,107.5,0.535
699821d4e161b702e08a8076,12300027,1610612760,123.1,118.9,0.511,-4,104.5,0.578
699821d4e161b702e08a8077,12300025,1610612766,89.9,82.5,0.404,-4.7,108.5,0.44
699821d4e161b702e08a8078,12300030,1610612743,116.7,105.3,0.606,-9.8,95.17,0.622
699821d4e161b702e08a8079,12300026,1610612739,106.9,100.6,0.542,-3,101,0.568
699821d4e161b702e08a807a,12300032,1610612757,122,106.7,0.557,-12.1,100.5,0.584
699821d4e161b702e08a807b,12300029,50009,133.7,96.7,0.495,-33.7,102,0.517
699821d4e161b702e08a807c,12300031,1610612740,113.2,83.2,0.464,-29.6,105,0.485
699821d4e161b702e08a807d,12300024,1610612747,96.2,101.2,0.561,6.6,105.5,0.594
699821d4e161b702e08a807e,12300023,1610612738,104.1,113,0.575,11.3,97,0.621
699821d4e161b702e08a807f,12300023,1610612755,115.5,104.7,0.524,-11.3,97,0.552
699821d4e161b702e08a8080,12300024,1610612758,102.8,94.9,0.473,-6.6,105.5,0.498
699821d4e161b702e08a8081,12300022,1610612757,64.7,105.1,0.538,40.2,101.5,0.59
699821d4e161b702e08a8082,12300014,1610612764,75.9,131.9,0.672,58.3,108,0.711
699821d4e161b702e08a8083,12300017,1610612745,99,117.1,0.522,18.3,104,0.569
699821d4e161b702e08a8084,12300019,1610612753,101,108.5,0.51,15.2,104.5,0.543
699821d4e161b702e08a8085,12300018,1610612763,93.6,97.6,0.489,5.5,109,0.526
699821d4e161b702e08a8086,12300013,12315,119.4,119,0.574,2.7,103.5,0.595
699821d4e161b702e08a8087,12300016,1610612748,99.1,98.4,0.478,2.7,110.5,0.544
699821d4e161b702e08a8088,12300020,1610612746,95.1,99.5,0.441,4.9,103,0.497
699821d4e161b702e08a8089,12300021,1610612743,113.8,112.1,0.56,7.2,94.5,0.589
699821d4e161b702e08a808a,12300015,1610612739,100.9,97,0.541,0,106.5,0.567
699821d4e161b702e08a808b,12300015,1610612737,100.9,101.9,0.506,0,106.5,0.563
699821d4e161b702e08a808c,12300021,1610612756,121.1,109.9,0.558,-7.2,94.5,0.599
699821d4e161b702e08a808d,12300020,1610612762,100,92.6,0.45,-4.9,103,0.496
699821d4e161b702e08a808e,12300016,1610612766,101.8,98.6,0.441,-2.7,110.5,0.507
699821d4e161b702e08a808f,12300013,1610612742,122.1,113.8,0.551,-2.7,103.5,0.569
699821d4e161b702e08a8090,12300018,1610612749,99.1,88.7,0.418,-5.5,109,0.468
699821d4e161b702e08a8091,12300019,1610612740,116.2,97.4,0.453,-15.2,104.5,0.487
699821d4e161b702e08a8092,12300017,1610612754,117.3,95,0.462,-18.3,104,0.503
699821d4e161b702e08a8093,12300014,15022,134.3,73.7,0.365,-58.3,108,0.417
699821d4e161b702e08a8094,12300022,15020,105,65,0.337,-40.2,101.5,0.368
699821d4e161b702e08a8095,12300010,1610612752,108.1,110.1,0.53,5.9,99.5,0.579
699821d4e161b702e08a8096,12300011,1610612759,116.2,108.9,0.536,-2,105.5,0.565
699821d4e161b702e08a8097,12300012,1610612747,113.5,112.8,0.582,2.7,111,0.606
699821d4e161b702e08a8098,12300012,1610612751,116.2,111.4,0.58,-2.7,111,0.623
699821d4e161b702e08a8099,12300011,1610612760,114.2,110.9,0.485,2,105.5,0.54
699821d4e161b702e08a809a,12300010,1610612738,114,104.5,0.489,-5.9,99.5,0.523
699821d4e161b702e08a809b,12300008,1610612761,92.5,101.7,0.587,11.2,107.5,0.629
699821d4e161b702e08a809c,12300004,1610612749,100,100.9,0.541,1.9,102.5,0.57
699821d4e161b702e08a809d,12300006,1610612738,103.9,109.7,0.518,6.8,102.5,0.57
699821d4e161b702e08a809e,12300009,1610612762,98,101.8,0.512,6.2,97.5,0.536
699821d4e161b702e08a809f,12300007,1610612763,104.3,102.2,0.5,3.4,106.42,0.542
699821d4e161b702e08a80a0,12300005,1610612756,106.8,108.6,0.516,2.5,107.32,0.582
699821d4e161b702e08a80a1,12300005,1610612765,109.2,108.7,0.553,-2.5,107.32,0.573
699821d4e161b702e08a80a2,12300007,1610612754,107.6,97.9,0.46,-3.4,106.42,0.498
699821d4e161b702e08a80a3,12300009,1610612746,104.1,95.7,0.429,-6.2,97.5,0.478
699821d4e161b702e08a80a4,12300006,1610612755,110.7,102.6,0.479,-6.8,102.5,0.513
699821d4e161b702e08a80a5,12300004,1610612741,101.9,97.8,0.46,-1.9,102.5,0.489
699821d4e161b702e08a80a6,12300008,1610612758,103.7,90,0.449,-11.2,107.5,0.495
699821d4e161b702e08a80a7,12300003,1610612744,95,107.7,0.566,11.9,116.43,0.584
699821d4e161b702e08a80a8,12300002,1610612750,93.2,100,0.511,7.8,103,0.536
699821d4e161b702e08a80a9,12300002,1610612742,101,87.7,0.447,-7.8,103,0.473
699821d4e161b702e08a80aa,12300003,1610612747,106.9,93.6,0.478,-11.9,116.43,0.481
699821d4e161b702e08a80ab,12300001,1610612750,96.1,100.3,0.5,11.7,103,0.53
699821d4e161b702e08a80ac,12300001,1610612742,107.8,89,0.446,-11.7,103,0.471
699821d4e161b702e08a80ad,52300201,1610612748,93.8,113.6,0.549,22.9,96.5,0.605
699821d4e161b702e08a80ae,52300211,1610612740,103.2,109.7,0.559,6.2,95.5,0.579
699821d4e161b702e08a80af,52300211,1610612758,109.4,99.3,0.472,-6.2,95.5,0.502
699821d4e161b702e08a80b0,52300201,1610612741,116.7,89.7,0.451,-22.9,96.5,0.472
699821d4e161b702e08a80b1,52300111,1610612741,114.9,128.9,0.626,16.1,100.5,0.645
699821d4e161b702e08a80b2,52300101,1610612755,111.8,108.1,0.488,-0.1,93.5,0.546
699821d4e161b702e08a80b3,52300101,1610612748,111.7,111.4,0.5,0.1,93.5,0.529
699821d4e161b702e08a80b4,52300111,1610612737,131,109.1,0.511,-16.1,100.5,0.561
699821d4e161b702e08a80b5,52300131,1610612758,95.9,120.9,0.531,27,97,0.564
699821d4e161b702e08a80b6,52300121,1610612747,106,111.4,0.5,4,100,0.568
699821d4e161b702e08a80b7,52300121,1610612740,110,103.3,0.511,-4,100,0.532
699821d4e161b702e08a80b8,52300131,1610612744,122.9,95.8,0.475,-27,97,0.522
699821d4e161b702e08a80b9,42400407,1610612760,98.9,107.7,0.466,11.8,92.5,0.512
699821d4e161b702e08a80ba,42400407,1610612754,110.8,97.1,0.493,-11.8,92.5,0.55
699821d4e161b702e08a80bb,42400406,1610612754,90.1,104.9,0.495,16.8,101,0.524
699821d4e161b702e08a80bc,42400406,1610612760,106.9,88.8,0.473,-16.8,101,0.533
699821d4e161b702e08a80bd,42400405,1610612760,111.2,119.9,0.5,10,98.5,0.555
699821d4e161b702e08a80be,42400405,1610612754,121.2,108.8,0.518,-10,98.5,0.572
699821d4e161b702e08a80bf,42400404,1610612760,105.1,112.4,0.494,8.2,98.5,0.586
699821d4e161b702e08a80c0,42400404,1610612754,113.3,100.5,0.494,-8.2,98.5,0.55
699821d4e161b702e08a80c1,42400403,1610612754,105.9,114.1,0.571,10.1,100.5,0.613
699821d4e161b702e08a80c2,42400403,1610612760,116,104.7,0.532,-10.1,100.5,0.58
699821d4e161b702e08a80c3,42400402,1610612760,109.2,123.6,0.573,17.6,97.5,0.637
699821d4e161b702e08a80c4,42400402,1610612754,126.8,105.5,0.537,-17.6,97.5,0.573
699821d4e161b702e08a80c5,42400401,1610612754,106.8,107.5,0.585,2,102.5,0.608
699821d4e161b702e08a80c6,42400401,1610612760,108.8,104.2,0.454,-2,102.5,0.507
699821d4e161b702e08a80c7,42400306,1610612754,110.2,124.6,0.641,17.3,98,0.669
699821d4e161b702e08a80c8,42400306,1610612752,127.6,105.4,0.529,-17.3,98,0.554
699821d4e161b702e08a80c9,42400305,1610612752,96.9,108.1,0.539,16.4,97.5,0.562
699821d4e161b702e08a80ca,42400305,1610612754,113.3,95.2,0.473,-16.4,97.5,0.542
699821d4e161b702e08a80cb,42400315,1610612760,89.5,116.7,0.602,28.6,105,0.638
699821d4e161b702e08a80cc,42400315,1610612750,118.1,89.9,0.482,-28.6,105,0.513
699821d4e161b702e08a80cd,42400304,1610612754,116.3,120.3,0.585,8.7,104,0.637
699821d4e161b702e08a80ce,42400304,1610612752,125,117.3,0.537,-8.7,104,0.61
699821d4e161b702e08a80cf,42400314,1610612750,132,125.6,0.619,-2.1,97,0.654
699821d4e161b702e08a80d0,42400314,1610612760,129.9,129,0.589,2.1,97,0.614
699821d4e161b702e08a80d1,42400303,1610612754,111.6,100.5,0.474,-6.3,95,0.546
699821d4e161b702e08a80d2,42400303,1610612752,105.3,109.1,0.506,6.3,95,0.581
699821d4e161b702e08a80d3,42400313,1610612750,99,139.5,0.677,42.6,101.5,0.691
699821d4e161b702e08a80d4,42400313,1610612760,141.6,96.8,0.488,-42.6,101.5,0.535
699821d4e161b702e08a80d5,42400302,1610612754,121.1,119.7,0.596,2.8,91,0.618
699821d4e161b702e08a80d6,42400302,1610612752,123.9,113.3,0.542,-2.8,91,0.585
699821d4e161b702e08a80d7,42400312,1610612760,107.3,118.5,0.55,15.6,96,0.587
699821d4e161b702e08a80d8,42400312,1610612750,122.9,103.6,0.477,-15.6,96,0.523
699821d4e161b702e08a80d9,42400301,1610612754,126.2,127.4,0.585,2.8,96.91,0.614
699821d4e161b702e08a80da,42400301,1610612752,129,118.8,0.569,-2.8,96.91,0.605
699821d4e161b702e08a80db,42400311,1610612760,90.7,114.6,0.567,26.8,97,0.61
699821d4e161b702e08a80dc,42400311,1610612750,117.5,88.7,0.44,-26.8,97,0.477
699821d4e161b702e08a80dd,42400227,1610612760,92.1,123.1,0.552,34.2,100,0.587
699821d4e161b702e08a80de,42400227,1610612743,126.3,91.5,0.452,-34.2,100,0.496
699821d4e161b702e08a80df,42400216,1610612752,86.2,119.9,0.549,39.1,94.5,0.594
699821d4e161b702e08a80e0,42400216,1610612738,125.3,83.2,0.43,-39.1,94.5,0.448
699821d4e161b702e08a80e1,42400226,1610612743,103.9,113.2,0.535,11.7,103,0.595
699821d4e161b702e08a80e2,42400226,1610612760,115.5,103.8,0.527,-11.7,103,0.54
699821d4e161b702e08a80e3,42400215,1610612738,112.1,137.4,0.655,27.5,91,0.665
699821d4e161b702e08a80e4,42400235,1610612750,110,121.5,0.712,11,100,0.715
699821d4e161b702e08a80e5,42400235,1610612744,121,107.6,0.494,-11,100,0.533
699821d4e161b702e08a80e6,42400215,1610612752,139.6,104.5,0.432,-27.5,91,0.517
699821d4e161b702e08a80e7,42400205,1610612754,105,113.2,0.591,9,100,0.622
699821d4e161b702e08a80e8,42400225,1610612760,108.2,114.1,0.573,6,97.5,0.608
699821d4e161b702e08a80e9,42400225,1610612743,114.3,102.2,0.479,-6,97.5,0.511
699821d4e161b702e08a80ea,42400205,1610612739,114,101.7,0.439,-9,100,0.494
699821d4e161b702e08a80eb,42400234,1610612750,107.8,111,0.595,6.9,102,0.647
699821d4e161b702e08a80ec,42400214,1610612752,120.2,125.7,0.609,8.5,94,0.622
699821d4e161b702e08a80ed,42400214,1610612738,128.7,118.4,0.595,-8.5,94,0.625
699821d4e161b702e08a80ee,42400234,1610612744,114.7,108.4,0.482,-6.9,102,0.553
699821d4e161b702e08a80ef,42400204,1610612754,107.9,123.1,0.608,19.8,101,0.634
699821d4e161b702e08a80f0,42400224,1610612760,88.8,94.4,0.414,5.1,98,0.467
699821d4e161b702e08a80f1,42400224,1610612743,93.9,88.9,0.381,-5.1,98,0.454
699821d4e161b702e08a80f2,42400204,1610612739,127.7,109.4,0.529,-19.8,101,0.622
699821d4e161b702e08a80f3,42400213,1610612738,103.3,127.1,0.602,25.9,89.5,0.635
699821d4e161b702e08a80f4,42400233,1610612750,103.2,102.8,0.518,5.3,94,0.559
699821d4e161b702e08a80f5,42400233,1610612744,108.5,104,0.494,-5.3,94,0.537
699821d4e161b702e08a80f6,42400213,1610612752,129.2,104,0.431,-25.9,89.5,0.487
699821d4e161b702e08a80f7,42400223,1610612743,100,106,0.553,5.6,95.55,0.591
699821d4e161b702e08a80f8,42400203,1610612739,101,112.2,0.49,20.2,103.5,0.542
699821d4e161b702e08a80f9,42400203,1610612754,121.2,100,0.494,-20.2,103.5,0.548
699821d4e161b702e08a80fa,42400223,1610612760,105.6,97.5,0.428,-5.6,95.55,0.457
699821d4e161b702e08a80fb,42400232,1610612750,96.9,119.6,0.598,26.3,95.5,0.611
699821d4e161b702e08a80fc,42400232,1610612744,123.2,95.9,0.507,-26.3,95.5,0.534
699821d4e161b702e08a80fd,42400222,1610612760,101.9,140.8,0.652,42.7,103.5,0.711
699821d4e161b702e08a80fe,42400212,1610612752,94.7,94.4,0.483,0.1,95.5,0.503
699821d4e161b702e08a80ff,42400212,1610612738,94.8,88.6,0.415,-0.1,95.5,0.447
699821d4e161b702e08a8100,42400222,1610612743,144.7,97.2,0.466,-42.7,103.5,0.524
699821d4e161b702e08a8101,42400231,1610612744,94.6,105.8,0.494,9.6,94,0.529
699821d4e161b702e08a8102,42400202,1610612754,116.7,114.5,0.582,2.1,101.5,0.614
699821d4e161b702e08a8103,42400202,1610612739,118.8,114,0.494,-2.1,101.5,0.565
699821d4e161b702e08a8104,42400231,1610612750,104.2,90.3,0.424,-9.6,94,0.471
699821d4e161b702e08a8105,42400211,1610612752,104,106.3,0.523,1.9,91.92,0.537
699821d4e161b702e08a8106,42400221,1610612743,113.3,113.6,0.495,0.8,105.5,0.552
699821d4e161b702e08a8107,42400221,1610612760,114.2,109.9,0.495,-0.8,105.5,0.53
699821d4e161b702e08a8108,42400211,1610612738,105.9,101.5,0.428,-1.9,91.92,0.484
699821d4e161b702e08a8109,42400157,1610612744,100,114.5,0.585,15.7,89,0.599
699821d4e161b702e08a810a,42400201,1610612754,112,121.5,0.645,10.2,99.5,0.675
699821d4e161b702e08a810b,42400201,1610612739,122.2,111,0.505,-10.2,99.5,0.529
699821d4e161b702e08a810c,42400157,1610612745,115.7,98.6,0.44,-15.7,89,0.477
699821d4e161b702e08a810d,42400177,1610612743,104.1,119.7,0.583,19.6,97,0.605
699821d4e161b702e08a810e,42400177,1610612746,123.7,99.3,0.524,-19.6,97,0.551
699821d4e161b702e08a810f,42400156,1610612745,109.2,114.7,0.526,7,98.5,0.585
699821d4e161b702e08a8110,42400156,1610612744,116.2,103.2,0.494,-7,98.5,0.537
699821d4e161b702e08a8111,42400176,1610612746,119.3,122.5,0.57,5.4,88.5,0.599
699821d4e161b702e08a8112,42400126,1610612765,112.6,108.1,0.525,-1.8,102.5,0.591
699821d4e161b702e08a8113,42400126,1610612752,110.8,112.4,0.535,1.8,102.5,0.585
699821d4e161b702e08a8114,42400176,1610612743,124.7,114.2,0.589,-5.4,88.5,0.597
699821d4e161b702e08a8115,42400155,1610612745,118.4,131.4,0.635,14,98.5,0.692
699821d4e161b702e08a8116,42400165,1610612750,101.1,104.5,0.444,7.4,95,0.497
699821d4e161b702e08a8117,42400165,1610612747,108.4,100,0.494,-7.4,95,0.539
699821d4e161b702e08a8118,42400155,1610612744,132.3,114.1,0.49,-14,98.5,0.515
699821d4e161b702e08a8119,42400115,1610612738,95.7,126.9,0.651,33.3,93,0.693
699821d4e161b702e08a811a,42400175,1610612743,121.1,133.5,0.657,18.3,94.5,0.681
699821d4e161b702e08a811b,42400125,1610612765,106.2,103.1,0.471,2,97.5,0.526
699821d4e161b702e08a811c,42400135,1610612754,108.3,108.9,0.527,1.9,98.26,0.565
699821d4e161b702e08a811d,42400135,1610612749,110.2,110.9,0.561,-1.9,98.26,0.582
699821d4e161b702e08a811e,42400125,1610612752,108.2,101.1,0.483,-2,97.5,0.505
699821d4e161b702e08a811f,42400175,1610612746,139.4,121.9,0.591,-18.3,94.5,0.61
699821d4e161b702e08a8120,42400115,1610612753,129,94,0.42,-33.3,93,0.456
699821d4e161b702e08a8121,42400104,1610612739,84.7,136.6,0.674,57.6,97.5,0.711
699821d4e161b702e08a8122,42400154,1610612744,119.1,112.7,0.517,4.8,88.5,0.57
699821d4e161b702e08a8123,42400154,1610612745,123.9,116.9,0.565,-4.8,88.5,0.585
699821d4e161b702e08a8124,42400104,1610612748,142.3,83.3,0.416,-57.6,97.5,0.434
699821d4e161b702e08a8125,42400134,1610612754,109.6,134.8,0.711,26.2,94.5,0.727
699821d4e161b702e08a8126,42400114,1610612738,105.4,116.2,0.494,9.7,93,0.581
699821d4e161b702e08a8127,42400124,1610612765,98.9,96.4,0.47,0,94.5,0.508
699821d4e161b702e08a8128,42400164,1610612747,126.1,122.8,0.569,-4.6,92.5,0.621
699821d4e161b702e08a8129,42400164,1610612750,121.5,121.4,0.5,4.6,92.5,0.555
699821d4e161b702e08a812a,42400124,1610612752,98.9,97,0.456,0,94.5,0.475
699821d4e161b702e08a812b,42400114,1610612753,115.1,98.2,0.477,-9.7,93,0.506
699821d4e161b702e08a812c,42400134,1610612749,135.8,107.9,0.5,-26.2,94.5,0.534
699821d4e161b702e08a812d,42400103,1610612739,94.6,133.6,0.622,41.7,91.5,0.654
699821d4e161b702e08a812e,42400153,1610612744,100,107.7,0.511,10.6,93.5,0.538
699821d4e161b702e08a812f,42400174,1610612743,110,105.2,0.517,1,90.5,0.537
699821d4e161b702e08a8130,42400144,1610612763,114.7,109.3,0.538,-3.1,102.5,0.617
699821d4e161b702e08a8131,42400144,1610612760,111.7,111,0.473,3.1,102.5,0.535
699821d4e161b702e08a8132,42400174,1610612746,111,107.6,0.5,-1,90.5,0.521
699821d4e161b702e08a8133,42400153,1610612745,110.6,96.3,0.459,-10.6,93.5,0.482
699821d4e161b702e08a8134,42400103,1610612748,136.3,94.2,0.526,-41.7,91.5,0.541
699821d4e161b702e08a8135,42400163,1610612750,108.3,113.5,0.555,11.3,96.5,0.579
699821d4e161b702e08a8136,42400133,1610612749,102,115.1,0.556,17.4,98.5,0.593
699821d4e161b702e08a8137,42400113,1610612738,105.6,96.2,0.507,-3.4,90.5,0.556
699821d4e161b702e08a8138,42400113,1610612753,102.2,101.7,0.458,3.4,90.5,0.503
699821d4e161b702e08a8139,42400133,1610612754,119.4,98.3,0.506,-17.4,98.5,0.528
699821d4e161b702e08a813a,42400163,1610612747,119.6,105.3,0.583,-11.3,96.5,0.599
699821d4e161b702e08a813b,42400173,1610612746,92.2,128.1,0.59,40.7,89,0.614
699821d4e161b702e08a813c,42400123,1610612752,118.4,117.1,0.535,2,98,0.597
699821d4e161b702e08a813d,42400143,1610612760,108,114.5,0.529,7.2,99.5,0.567
699821d4e161b702e08a813e,42400143,1610612763,115.2,106.5,0.518,-7.2,99.5,0.572
699821d4e161b702e08a813f,42400123,1610612765,120.4,115,0.547,-2,98,0.593
699821d4e161b702e08a8140,42400173,1610612743,133,91.4,0.448,-40.7,89,0.484
699821d4e161b702e08a8141,42400152,1610612745,97.9,112.6,0.541,16.8,95.5,0.575
699821d4e161b702e08a8142,42400112,1610612738,113.6,117.8,0.525,8.8,88.5,0.577
699821d4e161b702e08a8143,42400102,1610612739,117.9,127.2,0.61,10.8,94.5,0.657
699821d4e161b702e08a8144,42400102,1610612748,128.7,120.4,0.617,-10.8,94.5,0.636
699821d4e161b702e08a8145,42400112,1610612753,122.5,108,0.518,-8.8,88.5,0.54
699821d4e161b702e08a8146,42400152,1610612744,114.7,98,0.519,-16.8,95.5,0.535
699821d4e161b702e08a8147,42400162,1610612747,96.6,105.9,0.493,10.2,88,0.561
699821d4e161b702e08a8148,42400142,1610612760,99,115.6,0.505,19,100,0.531
699821d4e161b702e08a8149,42400132,1610612754,118.6,123.8,0.578,4.4,98.5,0.625
699821d4e161b702e08a814a,42400132,1610612749,123,115.7,0.586,-4.4,98.5,0.603
699821d4e161b702e08a814b,42400142,1610612763,118,96,0.484,-19,100,0.509
699821d4e161b702e08a814c,42400162,1610612750,106.8,90.4,0.411,-10.2,88,0.472
699821d4e161b702e08a814d,42400122,1610612765,96.9,107.6,0.486,8.4,96,0.562
699821d4e161b702e08a814e,42400172,1610612746,110.9,111.4,0.559,0.8,93,0.582
699821d4e161b702e08a814f,42400172,1610612743,111.7,108.9,0.557,-0.8,93,0.575
699821d4e161b702e08a8150,42400122,1610612752,105.3,97.6,0.481,-8.4,96,0.526
699821d4e161b702e08a8151,42400141,1610612760,73.4,119.5,0.591,47.9,108.5,0.62
699821d4e161b702e08a8152,42400111,1610612738,98.9,112.1,0.549,19.5,87,0.573
699821d4e161b702e08a8153,42400151,1610612744,95.5,105.4,0.553,11.2,89,0.578
699821d4e161b702e08a8154,42400101,1610612739,114.9,135.9,0.614,22.6,87.5,0.637
699821d4e161b702e08a8155,42400101,1610612748,137.5,113.3,0.569,-22.6,87.5,0.586
699821d4e161b702e08a8156,42400151,1610612745,106.7,93.6,0.425,-11.2,89,0.444
699821d4e161b702e08a8157,42400111,1610612753,118.4,97.9,0.481,-19.5,87,0.501
699821d4e161b702e08a8158,42400141,1610612763,121.3,73.2,0.376,-47.9,108.5,0.407
699821d4e161b702e08a8159,42400131,1610612754,100,122.6,0.599,20.6,97.5,0.633
699821d4e161b702e08a815a,42400161,1610612750,108,130.9,0.634,25,88,0.647
699821d4e161b702e08a815b,42400121,1610612752,114.3,118.9,0.581,8.7,99,0.612
699821d4e161b702e08a815c,42400171,1610612743,108.9,106.8,0.484,0.9,91.92,0.529
699821d4e161b702e08a815d,42400171,1610612746,109.8,107.8,0.57,-0.9,91.92,0.591
699821d4e161b702e08a815e,42400121,1610612765,123,106.9,0.564,-8.7,99,0.591
699821d4e161b702e08a815f,42400161,1610612747,133,105.5,0.488,-25,88,0.528
699821d4e161b702e08a8160,42400131,1610612749,120.6,99.7,0.47,-20.6,97.5,0.509
699821d4e161b702e08a8161,12400074,1610612744,74.7,126,0.646,57.3,99.5,0.675
699821d4e161b702e08a8162,12400073,1610612757,82.7,110.9,0.491,36.5,104,0.531
699821d4e161b702e08a8163,12400067,1610612753,96.1,108.9,0.558,14.6,103,0.596
699821d4e161b702e08a8164,12400069,1610612761,103.7,103.6,0.55,4.7,107.5,0.574
699821d4e161b702e08a8165,12400071,1610612748,106.9,107.4,0.551,4.9,102,0.575
699821d4e161b702e08a8166,12400068,1610612764,112.5,110.2,0.608,-1.2,105,0.621
699821d4e161b702e08a8167,12400070,1610612739,113,108.5,0.514,-2.5,111.85,0.56
699821d4e161b702e08a8168,12400070,1610612741,110.5,105.9,0.543,2.5,111.85,0.559
699821d4e161b702e08a8169,12400068,1610612752,111.3,108.6,0.518,1.2,105,0.587
699821d4e161b702e08a816a,12400071,1610612763,111.8,108.9,0.563,-4.9,102,0.612
699821d4e161b702e08a816b,12400069,1610612751,108.4,99.2,0.489,-4.7,107.5,0.544
699821d4e161b702e08a816c,12400067,1610612755,110.7,97.1,0.419,-14.6,103,0.49
699821d4e161b702e08a816d,12400073,1610612762,119.2,80.2,0.401,-36.5,104,0.456
699821d4e161b702e08a816e,12400074,1610612747,132,72.8,0.384,-57.3,99.5,0.418
699821d4e161b702e08a816f,12400062,1610612742,86.6,111.2,0.55,26.9,96.5,0.599
699821d4e161b702e08a8170,12400066,1610612746,89.2,110.1,0.615,21.6,102,0.645
699821d4e161b702e08a8171,12400064,1610612760,99,104,0.524,3,101,0.559
699821d4e161b702e08a8172,12400072,1610612743,114.5,122.7,0.651,5.5,110,0.698
699821d4e161b702e08a8173,12400063,1610612745,104.9,121.8,0.603,20.3,102.5,0.621
699821d4e161b702e08a8174,12400061,1610612754,98.3,104.1,0.515,5.1,106.42,0.539
699821d4e161b702e08a8175,12400065,1610612756,116.4,105.9,0.53,-5.5,99.62,0.558
699821d4e161b702e08a8176,12400065,1610612747,110.9,114.7,0.515,5.5,99.62,0.549
699821d4e161b702e08a8177,12400061,1610612766,103.4,95.8,0.567,-5.1,106.42,0.585
699821d4e161b702e08a8178,12400063,1610612759,125.2,102.6,0.479,-20.3,102.5,0.513
699821d4e161b702e08a8179,12400072,1610612750,120,112.3,0.563,-5.5,110,0.582
699821d4e161b702e08a817a,12400064,1610612737,102,95,0.465,-3,101,0.48
699821d4e161b702e08a817b,12400066,1610612758,110.8,87.9,0.419,-21.6,102,0.471
699821d4e161b702e08a817c,12400062,1610612749,113.5,82.2,0.431,-26.9,96.5,0.437
699821d4e161b702e08a817d,12400058,1610612755,96,118.2,0.547,21,99.5,0.603
699821d4e161b702e08a817e,12400060,1610612757,104.2,112.1,0.554,11.5,96,0.584
699821d4e161b702e08a817f,12400025,1610612748,104.7,110.2,0.583,7.4,106.5,0.613
699821d4e161b702e08a8180,12400057,1610612765,90.2,100,0.585,14.7,102.5,0.606
699821d4e161b702e08a8181,12400059,1610612741,113.9,115.1,0.582,1.9,108,0.615
699821d4e161b702e08a8182,12400059,1610612750,115.7,110.3,0.519,-1.9,108,0.557
699821d4e161b702e08a8183,12400057,1610612739,104.9,91.7,0.479,-14.7,102.5,0.533
699821d4e161b702e08a8184,12400025,1610612737,112.1,99.6,0.523,-7.4,106.5,0.564
699821d4e161b702e08a8185,12400060,15025,115.6,103.4,0.53,-11.5,96,0.564
699821d4e161b702e08a8186,12400058,1610612751,117,94.8,0.482,-21,99.5,0.509
699821d4e161b702e08a8187,12400054,1610612760,92.2,116.1,0.59,28.2,102.5,0.603
699821d4e161b702e08a8188,12400053,1610612745,94.2,112.5,0.536,18.2,104.5,0.542
699821d4e161b702e08a8189,12400056,1610612744,97,109,0.531,14,100,0.55
699821d4e161b702e08a818a,12400052,1610612752,105,109.3,0.515,6,100,0.536
699821d4e161b702e08a818b,12400050,1610612761,113.5,111.5,0.582,-0.1,104.5,0.609
699821d4e161b702e08a818c,12400055,1610612762,109.6,114.5,0.634,4,103.5,0.695
699821d4e161b702e08a818d,12400051,1610612748,110.4,116.6,0.547,3.9,105.5,0.594
699821d4e161b702e08a818e,12400051,1610612759,114.3,111.7,0.614,-3.9,105.5,0.638
699821d4e161b702e08a818f,12400055,1610612758,113.6,109.2,0.476,-4,103.5,0.503
699821d4e161b702e08a8190,12400050,1610612738,113.3,114.2,0.511,0.1,104.5,0.566
699821d4e161b702e08a8191,12400052,1610612766,111,100.4,0.474,-6,100,0.507
699821d4e161b702e08a8192,12400056,1610612747,111,95.8,0.416,-14,100,0.465
699821d4e161b702e08a8193,12400053,1610612740,112.4,93.5,0.422,-18.2,104.5,0.468
699821d4e161b702e08a8194,12400054,1610612743,120.4,87.9,0.476,-28.2,102.5,0.495
699821d4e161b702e08a8195,12400047,1610612751,92,130.7,0.61,40.3,99.5,0.629
699821d4e161b702e08a8196,12400049,1610612746,89.7,102.7,0.541,11.2,108,0.578
699821d4e161b702e08a8197,12400046,1610612755,84.8,99,0.511,15.2,104.5,0.536
699821d4e161b702e08a8198,12400048,1610612749,102.9,105.8,0.494,2.8,104.5,0.55
699821d4e161b702e08a8199,12400045,1610612754,114.3,112.9,0.627,-0.6,103.5,0.632
699821d4e161b702e08a819a,12400045,1610612763,113.7,116.1,0.554,0.6,103.5,0.575
699821d4e161b702e08a819b,12400048,1610612741,105.7,99.5,0.473,-2.8,104.5,0.512
699821d4e161b702e08a819c,12400046,1610612737,100,85.7,0.441,-15.2,104.5,0.45
699821d4e161b702e08a819d,12400049,1610612742,100.9,85.7,0.506,-11.2,108,0.527
699821d4e161b702e08a819e,12400047,1610612764,132.3,89.8,0.441,-40.3,99.5,0.477
699821d4e161b702e08a819f,12400041,1610612757,80.2,98.6,0.506,18.9,106,0.533
699821d4e161b702e08a81a0,12400040,1610612752,104.8,109.6,0.494,3.7,105.5,0.564
699821d4e161b702e08a81a1,12400044,1610612744,95.9,106.7,0.563,16.2,98,0.59
699821d4e161b702e08a81a2,12400043,1610612756,107.5,109.5,0.582,2.7,106.5,0.604
699821d4e161b702e08a81a3,12400042,1610612761,118.6,113.3,0.522,-2.9,96.5,0.55
699821d4e161b702e08a81a4,12400039,1610612748,98,95.2,0.463,1,101.5,0.485
699821d4e161b702e08a81a5,12400039,1610612740,99,96.1,0.506,-1,101.5,0.544
699821d4e161b702e08a81a6,12400042,1610612738,115.6,113.7,0.505,2.9,96.5,0.547
699821d4e161b702e08a81a7,12400043,1610612743,110.3,105.3,0.532,-2.7,106.5,0.552
699821d4e161b702e08a81a8,12400044,1610612765,112.1,93.7,0.483,-16.2,98,0.488
699821d4e161b702e08a81a9,12400040,1610612750,108.5,103.9,0.473,-3.7,105.5,0.519
699821d4e161b702e08a81aa,12400041,1610612758,99.1,80.8,0.446,-18.9,106,0.471
699821d4e161b702e08a81ab,12400036,1610612738,89.9,138.8,0.665,50.5,99,0.674
699821d4e161b702e08a81ac,12400038,1610612759,112.1,117.5,0.59,4.5,107.5,0.61
699821d4e161b702e08a81ad,12400037,1610612763,110,108.3,0.515,2.7,110,0.551
699821d4e161b702e08a81ae,12400037,1610612741,112.7,108.2,0.515,-2.7,110,0.556
699821d4e161b702e08a81af,12400038,1610612762,116.7,111.7,0.596,-4.5,107.5,0.635
699821d4e161b702e08a81b0,12400036,1610612755,140.4,89.4,0.427,-50.5,99,0.465
699821d4e161b702e08a81b1,12400031,1610612764,90.5,105.9,0.572,16.1,105.5,0.609
699821d4e161b702e08a81b2,12400034,1610612765,91.9,111.3,0.517,17.1,99.5,0.557
699821d4e161b702e08a81b3,12400032,1610612750,107.8,116.6,0.596,10.9,102.5,0.619
699821d4e161b702e08a81b4,12400033,1610612744,105,105.5,0.583,0.9,102,0.662
699821d4e161b702e08a81b5,12400035,1610612746,98,98.1,0.461,3,100.5,0.5
699821d4e161b702e08a81b6,12400035,1610612757,101,96.9,0.476,-3,100.5,0.52
699821d4e161b702e08a81b7,12400033,1610612758,105.8,103.4,0.457,-0.9,102,0.493
699821d4e161b702e08a81b8,12400032,1610612755,118.6,105.8,0.522,-10.9,102.5,0.545
699821d4e161b702e08a81b9,12400034,1610612756,109,86.6,0.449,-17.1,99.5,0.479
699821d4e161b702e08a81ba,12400031,1610612761,106.6,85.7,0.395,-16.1,105.5,0.444
699821d4e161b702e08a81bb,12400029,1610612760,98.9,130.6,0.624,31.1,90,0.639
699821d4e161b702e08a81bc,12400027,1610612766,90.4,111.4,0.598,24,104,0.614
699821d4e161b702e08a81bd,12400024,1610612754,114.7,127.3,0.577,13,101.5,0.612
699821d4e161b702e08a81be,12400028,1610612749,104.9,98.9,0.534,-5.9,102.5,0.547
699821d4e161b702e08a81bf,12400026,1610612762,100,99.3,0.483,4.9,102,0.521
699821d4e161b702e08a81c0,12400026,1610612742,104.9,98.8,0.494,-4.9,102,0.53
699821d4e161b702e08a81c1,12400028,1610612747,99,97.9,0.481,5.9,102.5,0.49
699821d4e161b702e08a81c2,12400024,1610612739,127.7,114.2,0.57,-13,101.5,0.582
699821d4e161b702e08a81c3,12400027,1610612763,114.4,91.4,0.451,-24,104,0.501
699821d4e161b702e08a81c4,12400029,15020,130,97.4,0.476,-31.1,90,0.509
699821d4e161b702e08a81c5,12400020,1610612752,84.7,104.4,0.464,20.7,111,0.527
699821d4e161b702e08a81c6,12400022,1610612759,97,103.7,0.512,8.9,100.5,0.539
699821d4e161b702e08a81c7,12400021,1610612745,100,101.5,0.474,8,102.34,0.53
699821d4e161b702e08a81c8,12400023,1610612744,115.5,124.8,0.707,10.3,97,0.695
699821d4e161b702e08a81c9,12400023,1610612758,125.8,110.2,0.556,-10.3,97,0.586
699821d4e161b702e08a81ca,12400021,1610612760,108,97.2,0.495,-8,102.34,0.508
699821d4e161b702e08a81cb,12400022,1610612753,105.9,95.4,0.482,-8.9,100.5,0.512
699821d4e161b702e08a81cc,12400020,1610612764,105.4,83.3,0.483,-20.7,111,0.512
699821d4e161b702e08a81cd,12400019,1610612746,106,116.5,0.61,9,100,0.627
699821d4e161b702e08a81ce,12400017,1610612756,98,105.5,0.54,8.1,99,0.556
699821d4e161b702e08a81cf,12400015,1610612748,104.7,98.4,0.505,-1.9,105.5,0.536
699821d4e161b702e08a81d0,12400016,1610612741,95.7,97.6,0.459,3.4,117,0.492
699821d4e161b702e08a81d1,12400018,1610612754,119.1,119.2,0.622,-2,110.5,0.649
699821d4e161b702e08a81d2,12400018,1610612737,117.1,118.4,0.612,2,110.5,0.638
699821d4e161b702e08a81d3,12400016,1610612739,99.1,91.6,0.435,-3.4,117,0.478
699821d4e161b702e08a81d4,12400015,1610612766,102.9,96.2,0.457,1.9,105.5,0.517
699821d4e161b702e08a81d5,12400017,1610612765,106.1,94.4,0.471,-8.1,99,0.517
699821d4e161b702e08a81d6,12400019,1610612751,115,101.2,0.494,-9,100,0.537
699821d4e161b702e08a81d7,12400011,1610612755,85.7,141.4,0.676,54.7,98.5,0.693
699821d4e161b702e08a81d8,12400014,1610612762,106.6,114.1,0.512,7.4,106.5,0.604
699821d4e161b702e08a81d9,12400013,1610612760,103.9,108.5,0.562,4.9,103,0.565
699821d4e161b702e08a81da,12400012,1610612763,108.4,112.3,0.576,4.7,107,0.613
699821d4e161b702e08a81db,12400010,1610612740,100,102.7,0.523,1,104.5,0.556
699821d4e161b702e08a81dc,12400010,1610612753,101,95.1,0.5,-1,104.5,0.563
699821d4e161b702e08a81dd,12400012,1610612742,113.1,104.4,0.528,-4.7,107,0.557
699821d4e161b702e08a81de,12400013,1610612759,108.7,103.1,0.56,-4.9,103,0.583
699821d4e161b702e08a81df,12400014,1610612745,114,103,0.546,-7.4,106.5,0.584
699821d4e161b702e08a81e0,12400011,15020,140.4,84.5,0.389,-54.7,98.5,0.481
699821d4e161b702e08a81e1,12400008,1610612765,84.5,113.8,0.527,33.2,102.5,0.574
699821d4e161b702e08a81e2,12400007,1610612761,100,122.2,0.629,27.6,98,0.636
699821d4e161b702e08a81e3,12400005,1610612738,105.1,124.2,0.602,26.3,99,0.633
699821d4e161b702e08a81e4,12400009,1610612756,101.8,103.2,0.531,4.5,111.5,0.565
699821d4e161b702e08a81e5,12400006,1610612766,108.8,106.9,0.604,-0.9,101.5,0.606
699821d4e161b702e08a81e6,12400006,1610612752,107.9,109.5,0.511,0.9,101.5,0.542
699821d4e161b702e08a81e7,12400009,1610612747,106.3,101.1,0.527,-4.5,111.5,0.554
699821d4e161b702e08a81e8,12400005,1610612743,131.3,100.2,0.475,-26.3,99,0.543
699821d4e161b702e08a81e9,12400007,1610612764,127.6,97.1,0.493,-27.6,98,0.539
699821d4e161b702e08a81ea,12400008,1610612749,117.6,82.9,0.459,-33.2,102.5,0.484
699821d4e161b702e08a81eb,12400004,1610612746,88.3,88,0.436,0.8,102,0.498
699821d4e161b702e08a81ec,12400004,1610612744,89.1,84,0.393,-0.8,102,0.428
699821d4e161b702e08a81ed,12400002,1610612762,88.8,117.6,0.658,29.6,98,0.677
699821d4e161b702e08a81ee,12400003,1610612750,101.9,110.3,0.58,15.1,105.5,0.588
699821d4e161b702e08a81ef,12400001,1610612738,99,100.5,0.48,2.9,104.5,0.507
699821d4e161b702e08a81f0,12400001,1610612743,101.9,94.1,0.5,-2.9,104.5,0.529
699821d4e161b702e08a81f1,12400003,1610612747,117,100.8,0.544,-15.1,105.5,0.6
699821d4e161b702e08a81f2,12400002,15020,118.4,84.7,0.425,-29.6,98,0.441
699821d4e161b702e08a81f3,52400211,1610612763,106,117,0.535,14,100,0.563
699821d4e161b702e08a81f4,52400201,1610612748,109.6,116.1,0.583,6.4,95.09,0.592
699821d4e161b702e08a81f5,52400201,1610612737,116,107.3,0.51,-6.4,95.09,0.531
699821d4e161b702e08a81f6,52400211,1610612742,120,102.9,0.54,-14,100,0.564
699821d4e161b702e08a81f7,52400111,1610612748,91.8,110.5,0.572,18.3,98.5,0.588
699821d4e161b702e08a81f8,52400131,1610612742,111.6,127.1,0.578,13.4,95.5,0.635
699821d4e161b702e08a81f9,52400131,1610612758,125,107.5,0.534,-13.4,95.5,0.554
699821d4e161b702e08a81fa,52400111,1610612741,110.1,88.7,0.458,-18.3,98.5,0.497
699821d4e161b702e08a81fb,52400101,1610612753,99,119,0.544,28.7,95,0.583
699821d4e161b702e08a81fc,52400121,1610612744,118.4,124.8,0.547,6.4,97.5,0.605
699821d4e161b702e08a81fd,52400121,1610612763,124.7,115.9,0.558,-6.4,97.5,0.603
699821d4e161b702e08a81fe,52400101,1610612737,127.7,97,0.405,-28.7,95,0.48
699821d4e161b702e08a81ff,12500068,1610612759,102,128.9,0.621,29.7,101.5,0.664
699821d4e161b702e08a8200,12500071,1610612755,101.9,115.5,0.541,13.7,108.5,0.588
699821d4e161b702e08a8201,12500006,1610612763,119,135.4,0.644,15.2,105,0.677
699821d4e161b702e08a8202,12500065,1610612761,112.9,116.8,0.538,5,101,0.578
699821d4e161b702e08a8203,12500069,1610612746,100,102.7,0.523,2.9,103,0.545
699821d4e161b702e08a8204,12500067,1610612760,95.8,94.3,0.494,3.2,95,0.524
699821d4e161b702e08a8205,12500007,1610612758,117.2,117.8,0.633,2.2,98.5,0.67
699821d4e161b702e08a8206,12500066,1610612752,108,110.9,0.543,3.9,100.5,0.565
699821d4e161b702e08a8207,12500066,1610612766,111.9,104.2,0.554,-3.9,100.5,0.583
699821d4e161b702e08a8208,12500007,1610612747,119.4,115.1,0.552,-2.2,98.5,0.587
699821d4e161b702e08a8209,12500067,1610612743,98.9,95.3,0.471,-3.2,95,0.487
699821d4e161b702e08a820a,12500069,1610612744,102.9,99.2,0.552,-2.9,103,0.567
699821d4e161b702e08a820b,12500065,1610612751,117.8,109.9,0.555,-5,101,0.602
699821d4e161b702e08a820c,12500006,1610612748,134.3,117.9,0.577,-15.2,105,0.613
699821d4e161b702e08a820d,12500071,1610612750,115.6,100.8,0.525,-13.7,108.5,0.585
699821d4e161b702e08a820e,12500068,1610612754,131.7,99.4,0.479,-29.7,101.5,0.517
699821d4e161b702e08a820f,12500063,1610612765,97,119.6,0.625,20.8,101,0.65
699821d4e161b702e08a8210,12500024,1610612745,103.6,121,0.58,17.3,110.5,0.628
699821d4e161b702e08a8211,12500064,1610612741,109.1,111.3,0.52,5.5,110,0.561
699821d4e161b702e08a8212,12500025,1610612762,121.7,123.5,0.558,2.8,106,0.629
699821d4e161b702e08a8213,12500023,1610612753,122.5,131.5,0.642,6.9,102,0.685
699821d4e161b702e08a8214,12500023,1610612740,129.4,120.4,0.563,-6.9,102,0.602
699821d4e161b702e08a8215,12500025,1610612757,124.5,118.4,0.561,-2.8,106,0.615
699821d4e161b702e08a8216,12500064,1610612750,114.5,105.3,0.555,-5.5,110,0.556
699821d4e161b702e08a8217,12500024,1610612737,120.9,103.5,0.516,-17.3,110.5,0.558
699821d4e161b702e08a8218,12500063,1610612764,117.8,93.7,0.414,-20.8,101,0.487
699821d4e161b702e08a8219,12500061,1610612766,113.7,132.8,0.61,27.1,102.5,0.64
699821d4e161b702e08a821a,12500005,1610612742,91.3,117.1,0.556,27.4,102.5,0.597
699821d4e161b702e08a821b,12500022,1610612746,97.8,114.2,0.576,18.1,93.5,0.603
699821d4e161b702e08a821c,12500062,1610612761,100.9,100.1,0.465,-2.7,109.5,0.505
699821d4e161b702e08a821d,12500062,1610612738,98.2,100.1,0.468,2.7,109.5,0.524
699821d4e161b702e08a821e,12500022,1610612758,116,92.4,0.457,-18.1,93.5,0.471
699821d4e161b702e08a821f,12500005,1610612747,118.6,92.2,0.465,-27.4,102.5,0.5
699821d4e161b702e08a8220,12500061,1610612763,140.8,110.1,0.563,-27.1,102.5,0.578
699821d4e161b702e08a8221,12500057,1610612739,100,115.3,0.571,18,100,0.606
699821d4e161b702e08a8222,12500021,1610612744,98.2,101.3,0.529,4.4,114,0.581
699821d4e161b702e08a8223,12500058,1610612760,107.7,111.1,0.578,2.8,104.5,0.614
699821d4e161b702e08a8224,12500020,1610612745,117.4,116.9,0.531,1.8,109,0.59
699821d4e161b702e08a8225,12500060,1610612756,106.1,107.1,0.539,8,98.5,0.535
699821d4e161b702e08a8226,12500059,1610612741,121.6,115.5,0.594,-5.7,101.5,0.634
699821d4e161b702e08a8227,12500059,1610612743,115.8,114.8,0.483,5.7,101.5,0.574
699821d4e161b702e08a8228,12500060,1610612747,114.1,104.7,0.512,-8,98.5,0.557
699821d4e161b702e08a8229,12500020,1610612740,119.3,111.4,0.51,-1.8,109,0.567
699821d4e161b702e08a822a,12500058,1610612749,110.5,105.5,0.593,-2.8,104.5,0.615
699821d4e161b702e08a822b,12500021,1610612757,102.6,93.6,0.428,-4.4,114,0.472
699821d4e161b702e08a822c,12500057,1610612765,118,98.3,0.521,-18,100,0.557
699821d4e161b702e08a822d,12500055,1610612750,75.5,137.2,0.705,61.2,98,0.723
699821d4e161b702e08a822e,12500054,1610612764,106.2,123.5,0.622,20.1,96,0.63
699821d4e161b702e08a822f,12500053,1610612759,106.9,117.1,0.56,13.5,102,0.597
699821d4e161b702e08a8230,12500056,1610612742,99,107.5,0.473,12.7,102,0.527
699821d4e161b702e08a8231,12500019,1610612737,100,97.5,0.417,1.7,106.42,0.472
699821d4e161b702e08a8232,12500019,1610612748,101.7,95,0.412,-1.7,106.42,0.468
699821d4e161b702e08a8233,12500056,1610612762,111.8,98.2,0.466,-12.7,102,0.511
699821d4e161b702e08a8234,12500053,1610612754,120.4,105.4,0.586,-13.5,102,0.61
699821d4e161b702e08a8235,12500054,1610612752,126.3,101.5,0.525,-20.1,96,0.557
699821d4e161b702e08a8236,12500055,15018,136.7,75.9,0.368,-61.2,98,0.448
699821d4e161b702e08a8237,12500050,1610612738,99.1,126.4,0.634,26.4,109,0.696
699821d4e161b702e08a8238,12500049,1610612753,100,111.4,0.463,16.5,103.5,0.542
699821d4e161b702e08a8239,12500004,1610612747,114.9,119.5,0.613,11.1,100.5,0.66
699821d4e161b702e08a823a,12500048,1610612764,100.9,100.9,0.444,-1.8,112.5,0.523
699821d4e161b702e08a823b,12500052,1610612743,98.9,104.6,0.555,8.4,95,0.57
699821d4e161b702e08a823c,12500051,1610612741,118.7,112.2,0.54,-4.5,106.5,0.583
699821d4e161b702e08a823d,12500013,1610612751,110.1,107.3,0.581,2,99,0.607
699821d4e161b702e08a823e,12500013,1610612756,112.1,106.7,0.511,-2,99,0.55
699821d4e161b702e08a823f,12500051,1610612749,114.2,118.6,0.591,4.5,106.5,0.616
699821d4e161b702e08a8240,12500052,1610612746,107.4,98.5,0.487,-8.4,95,0.531
699821d4e161b702e08a8241,12500048,1610612761,99.1,98.9,0.402,1.8,112.5,0.47
699821d4e161b702e08a8242,12500004,1610612744,126,111,0.604,-11.1,100.5,0.614
699821d4e161b702e08a8243,12500049,1610612748,116.5,97.2,0.434,-16.5,103.5,0.491
699821d4e161b702e08a8244,12500050,1610612739,125.5,91.8,0.412,-26.4,109,0.459
699821d4e161b702e08a8245,12500046,1610612754,96.2,103.8,0.54,14.3,105,0.581
699821d4e161b702e08a8246,12500018,1610612737,108.4,112.8,0.571,4.6,107.5,0.621
699821d4e161b702e08a8247,12500047,1610612742,111.1,107.2,0.567,-2.7,107.5,0.584
699821d4e161b702e08a8248,12500047,1610612766,108.4,107,0.576,2.7,107.5,0.588
699821d4e161b702e08a8249,12500018,1610612763,113,104.5,0.484,-4.6,107.5,0.532
699821d4e161b702e08a824a,12500046,1610612760,110.5,94.2,0.458,-14.3,105,0.525
699821d4e161b702e08a824b,12500070,1610612753,96.1,126.1,0.555,29.4,102,0.637
699821d4e161b702e08a824c,12500012,1610612756,109.5,113.6,0.5,5.3,104.6,0.563
699821d4e161b702e08a824d,12500044,1610612738,107,102.7,0.518,-2,100,0.569
699821d4e161b702e08a824e,12500045,1610612759,120.4,120.2,0.549,4.9,97.36,0.606
699821d4e161b702e08a824f,12500017,1610612758,115.9,113.3,0.551,0.1,106.5,0.6
699821d4e161b702e08a8250,12500017,1610612757,116,116.3,0.527,-0.1,106.5,0.571
699821d4e161b702e08a8251,12500045,1610612762,125.2,122.3,0.558,-4.9,97.36,0.636
699821d4e161b702e08a8252,12500044,1610612761,105,105.7,0.523,2,100,0.55
699821d4e161b702e08a8253,12500012,1610612751,114.8,104.1,0.553,-5.3,104.6,0.616
699821d4e161b702e08a8254,12500070,1610612755,125.5,88.4,0.429,-29.4,102,0.459
699821d4e161b702e08a8255,12500043,1610612746,97.9,144.9,0.753,47,97.5,0.755
699821d4e161b702e08a8256,12500042,1610612760,109.4,114.5,0.572,4.6,106.5,0.607
699821d4e161b702e08a8257,12500039,1610612752,91.3,95.4,0.417,4.8,94.19,0.451
699821d4e161b702e08a8258,12500041,1610612749,113.3,117.5,0.632,7.4,97.5,0.683
699821d4e161b702e08a8259,12500040,1610612741,101.8,98.3,0.51,4.4,111,0.531
699821d4e161b702e08a825a,12500040,1610612739,106.3,101.7,0.5,-4.4,111,0.538
699821d4e161b702e08a825b,12500041,1610612765,120.6,108.3,0.512,-7.4,97.5,0.552
699821d4e161b702e08a825c,12500039,1610612750,96.2,92.8,0.465,-4.8,94.19,0.509
699821d4e161b702e08a825d,12500042,1610612766,114,103.5,0.495,-4.6,106.5,0.542
699821d4e161b702e08a825e,12500043,15018,144.9,91.2,0.48,-47,97.5,0.545
699821d4e161b702e08a825f,12500038,1610612738,97.2,114.2,0.516,17,106,0.555
699821d4e161b702e08a8260,12500015,1610612744,107.9,112.2,0.579,6.3,113.5,0.62
699821d4e161b702e08a8261,12500037,1610612745,123.3,134.4,0.603,11.3,103.5,0.635
699821d4e161b702e08a8262,12500003,1610612759,101.9,106.8,0.541,3.8,105.5,0.572
699821d4e161b702e08a8263,12500016,1610612761,114,119.4,0.593,7.5,107,0.632
699821d4e161b702e08a8264,12500016,1610612758,121.5,110.6,0.56,-7.5,107,0.608
699821d4e161b702e08a8265,12500003,1610612748,105.7,101.7,0.519,-3.8,105.5,0.568
699821d4e161b702e08a8266,12500037,1610612762,134.6,120.6,0.674,-11.3,103.5,0.674
699821d4e161b702e08a8267,12500015,1610612757,114.2,107.4,0.495,-6.3,113.5,0.523
699821d4e161b702e08a8268,12500038,1610612763,114.2,93.2,0.428,-17,106,0.507
699821d4e161b702e08a8269,12500035,1610612741,109.3,112.6,0.599,-0.1,107.5,0.629
699821d4e161b702e08a826a,12500036,1610612754,115.5,117.8,0.585,1.9,104.6,0.627
699821d4e161b702e08a826b,12500036,1610612750,117.4,113.5,0.572,-1.9,104.6,0.62
699821d4e161b702e08a826c,12500035,1610612739,109.3,105.8,0.548,0.1,107.5,0.559
699821d4e161b702e08a826d,12500032,1610612759,88,120.7,0.631,31,100,0.657
699821d4e161b702e08a826e,12500033,1610612742,86.4,99.8,0.488,16.5,103,0.563
699821d4e161b702e08a826f,12500031,1610612765,105.7,116.6,0.611,16.2,105.5,0.623
699821d4e161b702e08a8270,12500034,1610612743,103.8,106.3,0.649,4.9,103.5,0.68
699821d4e161b702e08a8271,12500014,1610612745,110.8,115.7,0.568,7.7,102.5,0.629
699821d4e161b702e08a8272,12500002,1610612749,84.5,93.3,0.489,9.9,109.5,0.523
699821d4e161b702e08a8273,12500002,1610612748,94.5,84.3,0.435,-9.9,109.5,0.478
699821d4e161b702e08a8274,12500014,1610612737,118.4,105.7,0.522,-7.7,102.5,0.54
699821d4e161b702e08a8275,12500034,1610612761,108.7,102,0.464,-4.9,103.5,0.496
699821d4e161b702e08a8276,12500031,1610612763,121.9,104.9,0.523,-16.2,105.5,0.556
699821d4e161b702e08a8277,12500033,1610612760,102.9,82.6,0.381,-16.5,103,0.421
699821d4e161b702e08a8278,12500032,15018,119,89.3,0.448,-31,100,0.503
699821d4e161b702e08a8279,12500029,1610612760,104.6,122.3,0.638,20.4,108.5,0.659
699821d4e161b702e08a827a,12500030,1610612744,102,104.5,0.565,5.8,102,0.595
699821d4e161b702e08a827b,12500030,1610612747,107.8,100.1,0.488,-5.8,102,0.537
699821d4e161b702e08a827c,12500029,1610612766,125,103.4,0.473,-20.4,108.5,0.532
699821d4e161b702e08a827d,12500011,1610612740,92,127.6,0.642,35,100,0.665
699821d4e161b702e08a827e,12500026,1610612751,92.6,130.8,0.661,35.5,95.5,0.654
699821d4e161b702e08a827f,12500010,1610612752,103,109.2,0.512,8.9,101,0.562
699821d4e161b702e08a8280,12500027,1610612753,111.3,116,0.526,6.4,106.5,0.564
699821d4e161b702e08a8281,12500028,1610612750,117.2,129.3,0.597,8.8,99.5,0.634
699821d4e161b702e08a8282,12500028,1610612743,126,120.4,0.62,-8.8,99.5,0.664
699821d4e161b702e08a8283,12500027,1610612748,117.8,109.5,0.529,-6.4,106.5,0.58
699821d4e161b702e08a8284,12500010,1610612755,111.9,100.3,0.519,-8.9,101,0.561
699821d4e161b702e08a8285,12500026,50014,128.1,92.4,0.403,-35.5,95.5,0.472
699821d4e161b702e08a8286,12500011,50013,127,89.5,0.379,-35,100,0.411
699821d4e161b702e08a8287,12500001,1610612756,80.2,95.9,0.494,19.8,102,0.508
699821d4e161b702e08a8288,12500009,1610612740,95.1,103.3,0.489,9.8,102,0.532
699821d4e161b702e08a8289,12500009,15016,104.9,92.6,0.462,-9.8,102,0.486
699821d4e161b702e08a828a,12500001,1610612747,100,80,0.351,-19.8,102,0.449
699821d4e161b702e08a828b,12500008,1610612752,82.4,97,0.429,15.7,101.5,0.471
699821d4e161b702e08a828c,12500008,1610612755,98,82.3,0.365,-15.7,101.5,0.456
